bytes,window,cluster_index,alltoall4,incast3,intra2,ring4,single,split_far2,split_near2,split_side2
64,1,0,1.864595865,1.167893868,0.923907552,1.358162237,0.561302573,0.927395107,0.927391747,0.927395107
64,1,5,1.860451596,1.170517588,0.923884211,1.35780926,0.561302573,0.927395107,0.927391747,0.927391747
64,1,10,1.860451596,1.166265763,0.923884211,1.3500294,0.561302573,0.927391747,0.927391747,0.927391747
64,1,15,1.860451596,1.170517588,0.923884211,1.35780926,0.561300111,0.927391747,0.925872345,0.927395107
64,4,0,2.073596475,1.571818602,1.311085845,1.730653525,0.888635875,1.312531083,1.312537812,1.312531083
64,4,5,2.07303116,1.571760699,1.311152995,1.730869999,0.888635875,1.312537812,1.312531083,1.312531083
64,4,10,2.07303116,1.571760699,1.311025416,1.730869999,0.888629705,1.309616988,1.312537812,1.312537812
64,4,15,2.07303116,1.571760699,1.308124681,1.730869999,0.888635875,1.312531083,1.312531083,1.312531083
1024,1,0,20.56937393,14.625890015,11.376229347,17.226043456,6.605556667,11.376450525,11.376450525,11.376450525
1024,1,5,20.56415882,14.624775951,10.899269568,17.248930364,6.605556667,11.376450525,11.376450525,11.376450525
1024,1,10,20.56415882,14.551035198,11.376008177,17.248930364,6.605556667,11.376450525,11.376450525,11.376450525
1024,1,15,20.543960196,14.551035198,10.899269568,17.248930364,6.605556667,11.376450525,11.376450525,11.376450525
1024,4,0,23.945794578,22.491077148,18.785457781,22.803252358,11.973597283,18.785371626,18.785371626,18.785371626
1024,4,5,23.947591258,22.489265988,18.784682412,22.79950794,11.973667286,18.745995423,18.785371626,18.785371626
1024,4,10,23.947801277,22.490500838,18.784682412,22.79950794,11.973667286,18.785457781,18.785371626,18.785457781
1024,4,15,23.947591258,22.489265988,18.784682412,22.805283744,11.973597283,18.785457781,18.785457781,18.785457781
