bytes,same_cluster,count,min,median,mean,max
8,0,3840,102.002,112.002,109.59794127604167,123.002
8,1,192,98.002,98.002,98.002,98.002
16,0,3840,102.002,112.002,109.59715989583333,123.002
16,1,192,98.002,98.002,98.002,98.002
32,0,3840,102.002,112.002,109.59715989583333,123.002
32,1,192,98.002,98.002,98.002,98.002
64,0,3840,102.006,112.002,110.66109908854168,123.00425
64,1,192,99.005,99.005,99.00503125,99.0065
128,0,3840,106.002,113.00225,112.22771080729167,124.005
128,1,192,102.002,102.0025,102.00227083333333,102.0025
256,0,3840,111.752,119.50225,118.19840240885418,130.00775
256,1,192,108.99725,109.002,109.0008125,109.002
