repeat,bytes,window,cluster_index,split_over_intra,split_case
1,64,1,0,1.0037784111553634,split_near2
1,64,1,5,1.0037928869321506,split_near2
1,64,1,10,1.0038001472026457,split_near2
1,64,1,15,1.0021519298374502,split_near2
1,64,4,0,1.0011074537991065,split_near2
1,64,4,5,0.9988439484227359,split_near2
1,64,4,10,1.0011535977728139,split_near2
1,64,4,15,1.0010510504916323,split_near2
1,1024,1,0,1.0000194421185835,split_near2
1,1024,1,5,1.0437810033069548,split_near2
1,1024,1,10,1.0000388842899124,split_near2
1,1024,1,15,1.0437810033069548,split_near2
1,1024,4,0,1.0,split_near2
1,1024,4,5,1.0000366902130622,split_near2
1,1024,4,10,1.0000366902130622,split_near2
1,1024,4,15,1.0000412766627083,split_near2
2,64,1,0,1.0037711511205398,split_near2
2,64,1,5,1.0037965103832693,split_near2
2,64,1,10,1.0037928869321506,split_near2
2,64,1,15,1.0037965237383988,split_near2
2,64,4,0,1.0011741057891215,split_near2
2,64,4,5,1.0010561826158204,split_near2
2,64,4,10,1.0010561826158204,split_near2
2,64,4,15,1.0033736317830395,split_near2
2,1024,1,0,1.0000194421185835,split_near2
2,1024,1,5,1.0437810033069548,split_near2
2,1024,1,10,1.0000388842899124,split_near2
2,1024,1,15,1.0000388842899124,split_near2
2,1024,4,0,0.9999954137396594,split_near2
2,1024,4,5,0.9977487165301775,split_near2
2,1024,4,10,1.0000366902130622,split_near2
2,1024,4,15,1.000073380705609,split_near2
3,64,1,0,1.0037711511205398,split_near2
3,64,1,5,1.0037965103832693,split_near2
3,64,1,10,1.0037965103832693,split_near2
3,64,1,15,1.0019562473072723,split_near2
3,64,4,0,1.001102321412066,split_near2
3,64,4,5,1.0010510504916323,split_near2
3,64,4,10,1.0011484651492066,split_near2
3,64,4,15,1.003537681299555,split_near2
3,1024,1,0,1.0000194421185835,split_near2
3,1024,1,5,1.0423363778757033,split_near2
3,1024,1,10,1.0437810033069548,split_near2
3,1024,1,15,1.0437810033069548,split_near2
3,1024,4,0,0.9999954137396594,split_near2
3,1024,4,5,1.0000687941087254,split_near2
3,1024,4,10,1.0000366902130622,split_near2
3,1024,4,15,1.0000412766627083,split_near2
1,64,1,0,1.0037784111553634,split_side2
1,64,1,5,1.0021809342584211,split_side2
1,64,1,10,1.0037965103832693,split_side2
1,64,1,15,1.0021301836058762,split_side2
1,64,4,0,1.001102321412066,split_side2
1,64,4,5,1.0011484651492066,split_side2
1,64,4,10,1.0011535977728139,split_side2
1,64,4,15,1.0010510504916323,split_side2
1,1024,1,0,1.0000194421185835,split_side2
1,1024,1,5,1.0437810033069548,split_side2
1,1024,1,10,1.0000388842899124,split_side2
1,1024,1,15,1.0437810033069548,split_side2
1,1024,4,0,0.9999954137396594,split_side2
1,1024,4,5,1.0000366902130622,split_side2
1,1024,4,10,1.0000412766627083,split_side2
1,1024,4,15,1.0000412766627083,split_side2
2,64,1,0,1.0037747878480379,split_side2
2,64,1,5,1.0038001472026457,split_side2
2,64,1,10,1.0037965237383988,split_side2
2,64,1,15,1.0037965237383988,split_side2
2,64,4,0,1.0011689730603757,split_side2
2,64,4,5,1.0010561826158204,split_side2
2,64,4,10,1.0010561826158204,split_side2
2,64,4,15,1.0007568315271318,split_side2
2,1024,1,0,1.0000194421185835,split_side2
2,1024,1,5,1.0437810033069548,split_side2
2,1024,1,10,0.9984830962907633,split_side2
2,1024,1,15,1.0000388842899124,split_side2
2,1024,4,0,0.9999954137396594,split_side2
2,1024,4,5,0.9978948331873454,split_side2
2,1024,4,10,1.0000412766627083,split_side2
2,1024,4,15,1.000073380705609,split_side2
3,64,1,0,1.0037747878480379,split_side2
3,64,1,5,1.0037965103832693,split_side2
3,64,1,10,1.0037965103832693,split_side2
3,64,1,15,1.0038001472026457,split_side2
3,64,4,0,1.001102321412066,split_side2
3,64,4,5,0.9985271253565644,split_side2
3,64,4,10,1.0011535977728139,split_side2
3,64,4,15,1.003542826172042,split_side2
3,1024,1,0,1.0000194421185835,split_side2
3,1024,1,5,1.0437810033069548,split_side2
3,1024,1,10,1.0437810033069548,split_side2
3,1024,1,15,1.042446248724619,split_side2
3,1024,4,0,0.9999954137396594,split_side2
3,1024,4,5,1.0000687941087254,split_side2
3,1024,4,10,1.0000412766627083,split_side2
3,1024,4,15,1.0000412766627083,split_side2
1,64,1,0,1.0037784111553634,split_far2
1,64,1,5,1.0037965237383988,split_far2
1,64,1,10,1.0037965103832693,split_far2
1,64,1,15,1.0037965103832693,split_far2
1,64,4,0,1.0011074537991065,split_far2
1,64,4,5,1.0011535977728139,split_far2
1,64,4,10,0.9976293998864778,split_far2
1,64,4,15,0.9985220191637513,split_far2
1,1024,1,0,1.0000194421185835,split_far2
1,1024,1,5,1.0424578153712842,split_far2
1,1024,1,10,1.0000388842899124,split_far2
1,1024,1,15,1.0437810033069548,split_far2
1,1024,4,0,0.9999954137396594,split_far2
1,1024,4,5,1.0000366902130622,split_far2
1,1024,4,10,1.0000412766627083,split_far2
1,1024,4,15,1.0000412766627083,split_far2
2,64,1,0,1.0037747878480379,split_far2
2,64,1,5,1.0038001472026457,split_far2
2,64,1,10,1.0037928869321506,split_far2
2,64,1,15,1.0037965237383988,split_far2
2,64,4,0,1.0011689730603757,split_far2
2,64,4,5,1.0010561826158204,split_far2
2,64,4,10,1.0010561826158204,split_far2
2,64,4,15,1.003368487777963,split_far2
2,1024,1,0,1.0000194421185835,split_far2
2,1024,1,5,1.0437810033069548,split_far2
2,1024,1,10,1.0000388842899124,split_far2
2,1024,1,15,0.9988071658538858,split_far2
2,1024,4,0,0.9999954137396594,split_far2
2,1024,4,5,0.99794050342979,split_far2
2,1024,4,10,0.9977898075096827,split_far2
2,1024,4,15,1.000073380705609,split_far2
3,64,1,0,1.0037747878480379,split_far2
3,64,1,5,1.0037965103832693,split_far2
3,64,1,10,1.0038001472026457,split_far2
3,64,1,15,1.0021881757215136,split_far2
3,64,4,0,1.001102321412066,split_far2
3,64,4,5,1.0010510504916323,split_far2
3,64,4,10,0.99892570503759,split_far2
3,64,4,15,1.003537681299555,split_far2
3,1024,1,0,1.0000194421185835,split_far2
3,1024,1,5,1.0437810033069548,split_far2
3,1024,1,10,1.0437810033069548,split_far2
3,1024,1,15,1.0437810033069548,split_far2
3,1024,4,0,0.9999954137396594,split_far2
3,1024,4,5,0.9977487885822071,split_far2
3,1024,4,10,1.0000412766627083,split_far2
3,1024,4,15,1.0000412766627083,split_far2
