path,sha256,file
repeat_01\raw\latency_pingpong_matrix_s0_d0_b16_r2000_w1_c0.csv,89f9b3d9aceb5709aeb3bd39586ba94c958dd83ac0ef68f368eb46aa3bf2c6cf,latency_pingpong_matrix_s0_d0_b16_r2000_w1_c0.csv
repeat_01\raw\latency_pingpong_matrix_s0_d0_b128_r2000_w1_c0.csv,6698a811b7e538a4463909d8b7ee2618e82dc670b1a42de3dad36bc0c2af1344,latency_pingpong_matrix_s0_d0_b128_r2000_w1_c0.csv
repeat_01\raw\latency_pingpong_matrix_s0_d0_b64_r2000_w1_c0.csv,9b125193b0850f1adae0b6e4c8a2e440e24a555e3c8e5b1a668649fe8c08bf9a,latency_pingpong_matrix_s0_d0_b64_r2000_w1_c0.csv
repeat_01\raw\latency_pingpong_matrix_s0_d0_b32_r2000_w1_c0.csv,3e3eea18ec5a4b5d5b626ae3064dfc7d8d67d9caf459d91da5db25aaa9faa33d,latency_pingpong_matrix_s0_d0_b32_r2000_w1_c0.csv
repeat_01\raw\latency_pingpong_matrix_s0_d0_b8_r2000_w1_c0.csv,2e57254a61fc509b05bb3cd2fa4639607a7f6cdcc06f56f8afe65da15c9ced42,latency_pingpong_matrix_s0_d0_b8_r2000_w1_c0.csv
repeat_01\raw\latency_pingpong_matrix_s0_d0_b256_r2000_w1_c0.csv,725faca4c849ac28acbcb47fca10fff2e836fc112e1805c00c68448652d4126d,latency_pingpong_matrix_s0_d0_b256_r2000_w1_c0.csv
repeat_02\raw\latency_pingpong_matrix_s0_d0_b16_r2000_w1_c0.csv,89f9b3d9aceb5709aeb3bd39586ba94c958dd83ac0ef68f368eb46aa3bf2c6cf,latency_pingpong_matrix_s0_d0_b16_r2000_w1_c0.csv
repeat_02\raw\latency_pingpong_matrix_s0_d0_b64_r2000_w1_c0.csv,9b125193b0850f1adae0b6e4c8a2e440e24a555e3c8e5b1a668649fe8c08bf9a,latency_pingpong_matrix_s0_d0_b64_r2000_w1_c0.csv
repeat_02\raw\latency_pingpong_matrix_s0_d0_b128_r2000_w1_c0.csv,6698a811b7e538a4463909d8b7ee2618e82dc670b1a42de3dad36bc0c2af1344,latency_pingpong_matrix_s0_d0_b128_r2000_w1_c0.csv
repeat_02\raw\latency_pingpong_matrix_s0_d0_b8_r2000_w1_c0.csv,2e57254a61fc509b05bb3cd2fa4639607a7f6cdcc06f56f8afe65da15c9ced42,latency_pingpong_matrix_s0_d0_b8_r2000_w1_c0.csv
repeat_02\raw\latency_pingpong_matrix_s0_d0_b32_r2000_w1_c0.csv,3e3eea18ec5a4b5d5b626ae3064dfc7d8d67d9caf459d91da5db25aaa9faa33d,latency_pingpong_matrix_s0_d0_b32_r2000_w1_c0.csv
repeat_02\raw\latency_pingpong_matrix_s0_d0_b256_r2000_w1_c0.csv,725faca4c849ac28acbcb47fca10fff2e836fc112e1805c00c68448652d4126d,latency_pingpong_matrix_s0_d0_b256_r2000_w1_c0.csv
repeat_03\raw\latency_pingpong_matrix_s0_d0_b64_r2000_w1_c0.csv,9b125193b0850f1adae0b6e4c8a2e440e24a555e3c8e5b1a668649fe8c08bf9a,latency_pingpong_matrix_s0_d0_b64_r2000_w1_c0.csv
repeat_03\raw\latency_pingpong_matrix_s0_d0_b256_r2000_w1_c0.csv,725faca4c849ac28acbcb47fca10fff2e836fc112e1805c00c68448652d4126d,latency_pingpong_matrix_s0_d0_b256_r2000_w1_c0.csv
repeat_03\raw\latency_pingpong_matrix_s0_d0_b128_r2000_w1_c0.csv,6698a811b7e538a4463909d8b7ee2618e82dc670b1a42de3dad36bc0c2af1344,latency_pingpong_matrix_s0_d0_b128_r2000_w1_c0.csv
repeat_03\raw\latency_pingpong_matrix_s0_d0_b16_r2000_w1_c0.csv,89f9b3d9aceb5709aeb3bd39586ba94c958dd83ac0ef68f368eb46aa3bf2c6cf,latency_pingpong_matrix_s0_d0_b16_r2000_w1_c0.csv
repeat_03\raw\latency_pingpong_matrix_s0_d0_b8_r2000_w1_c0.csv,2e57254a61fc509b05bb3cd2fa4639607a7f6cdcc06f56f8afe65da15c9ced42,latency_pingpong_matrix_s0_d0_b8_r2000_w1_c0.csv
repeat_03\raw\latency_pingpong_matrix_s0_d0_b32_r2000_w1_c0.csv,3e3eea18ec5a4b5d5b626ae3064dfc7d8d67d9caf459d91da5db25aaa9faa33d,latency_pingpong_matrix_s0_d0_b32_r2000_w1_c0.csv
