initiator,peer,8,16,32,64,128,256
0,1,98.002,98.002,98.002,99.005,102.002,109.002
0,8,98.002,98.002,98.002,99.005,102.002,109.002
0,9,98.002,98.002,98.002,99.005,102.0025,109.002
1,2,102.0025,102.0025,102.0025,105.002,106.002,111.75225
8,16,102.00225,105.002,105.002,102.006,106.002,112.0025
9,18,105.5055,105.5055,105.5055,109.002,109.0045,116.002
0,7,109.00225,109.00225,109.00225,112.502,113.00225,119.50225
0,56,112.002,112.002,112.002,112.002,113.0025,119.50225
0,63,123.002,123.002,123.002,123.0025,124.005,130.006
