case_id,phase,type,case,src,dst,bytes,reps,window,cluster_index,flows,max_cycles,aggregate_bytes_per_cycle,errors
bandwidth_pair_s0_d1_b8_r10_w1_c0,smoke,bandwidth,pair,0,1,8,10,1,0,1,1596,0.050125313,0
bandwidth_pair_s0_d8_b8_r10_w1_c0,smoke,bandwidth,pair,0,8,8,10,1,0,1,1182,0.067681895,0
bandwidth_pair_s0_d9_b8_r10_w1_c0,smoke,bandwidth,pair,0,9,8,10,1,0,1,1181,0.067739204,0
bandwidth_pair_s1_d2_b8_r10_w1_c0,smoke,bandwidth,pair,1,2,8,10,1,0,1,1181,0.067739204,0
bandwidth_pair_s8_d16_b8_r10_w1_c0,smoke,bandwidth,pair,8,16,8,10,1,0,1,1181,0.067739204,0
bandwidth_pair_s9_d18_b8_r10_w1_c0,smoke,bandwidth,pair,9,18,8,10,1,0,1,1182,0.067681895,0
bandwidth_pair_s0_d7_b8_r10_w1_c0,smoke,bandwidth,pair,0,7,8,10,1,0,1,1182,0.067681895,0
bandwidth_pair_s0_d56_b8_r10_w1_c0,smoke,bandwidth,pair,0,56,8,10,1,0,1,1181,0.067739204,0
bandwidth_pair_s0_d63_b8_r10_w1_c0,smoke,bandwidth,pair,0,63,8,10,1,0,1,1181,0.067739204,0
contention_single_s0_d0_b8_r10_w1_c0,smoke,contention,single,0,0,8,10,1,0,1,1181,0.067739204,0
contention_intra2_s0_d0_b8_r10_w1_c0,smoke,contention,intra2,0,0,8,10,1,0,2,1425,0.112280702,0
contention_split_near2_s0_d0_b8_r10_w1_c0,smoke,contention,split_near2,0,0,8,10,1,0,2,1422,0.112517581,0
contention_split_side2_s0_d0_b8_r10_w1_c0,smoke,contention,split_side2,0,0,8,10,1,0,2,1423,0.112438510,0
contention_split_far2_s0_d0_b8_r10_w1_c0,smoke,contention,split_far2,0,0,8,10,1,0,2,1891,0.084611317,0
contention_incast3_s0_d0_b8_r10_w1_c0,smoke,contention,incast3,0,0,8,10,1,0,3,1687,0.142264375,0
contention_ring4_s0_d0_b8_r10_w1_c0,smoke,contention,ring4,0,0,8,10,1,0,4,1936,0.165289256,0
contention_alltoall4_s0_d0_b8_r10_w1_c0,smoke,contention,alltoall4,0,0,8,10,1,0,12,4164,0.230547550,0
bandwidth_pair_s1_d2_b1024_r2000_w2_c0,raw,bandwidth,pair,1,2,1024,2000,2,0,1,216042,9.479638218,0
bandwidth_pair_s0_d56_b16_r2000_w16_c0,raw,bandwidth,pair,0,56,16,2000,16,0,1,123043,0.260071682,0
bandwidth_pair_s8_d16_b32768_r2000_w2_c0,raw,bandwidth,pair,8,16,32768,2000,2,0,1,2676041,24.489908787,0
bandwidth_pair_s0_d9_b256_r2000_w4_c0,raw,bandwidth,pair,0,9,256,2000,4,0,1,150043,3.412355125,0
bandwidth_pair_s0_d8_b16_r2000_w8_c0,raw,bandwidth,pair,0,8,16,2000,8,0,1,130042,0.246074345,0
bandwidth_pair_s0_d56_b256_r2000_w2_c0,raw,bandwidth,pair,0,56,256,2000,2,0,1,180042,2.843780896,0
bandwidth_pair_s0_d7_b4096_r2000_w1_c0,raw,bandwidth,pair,0,7,4096,2000,1,0,1,548042,14.947759478,0
bandwidth_pair_s0_d56_b8_r2000_w4_c0,raw,bandwidth,pair,0,56,8,2000,4,0,1,144043,0.111077942,0
contention_ring4_s0_d0_b64_r2000_w4_c15,raw,contention,ring4,0,0,64,2000,4,15,4,296022,1.729601178,0
contention_alltoall4_s0_d0_b64_r2000_w4_c15,raw,contention,alltoall4,0,0,64,2000,4,15,12,740944,2.073031160,0
bandwidth_pair_s1_d2_b4096_r2000_w4_c0,raw,bandwidth,pair,1,2,4096,2000,4,0,1,378042,21.669549944,0
bandwidth_pair_s0_d8_b32_r2000_w2_c0,raw,bandwidth,pair,0,8,32,2000,2,0,1,172042,0.372002186,0
bandwidth_pair_s8_d16_b256_r2000_w2_c0,raw,bandwidth,pair,8,16,256,2000,2,0,1,180042,2.843780896,0
bandwidth_pair_s0_d8_b32_r2000_w16_c0,raw,bandwidth,pair,0,8,32,2000,16,0,1,123042,0.520147592,0
bandwidth_pair_s1_d2_b16_r2000_w4_c0,raw,bandwidth,pair,1,2,16,2000,4,0,1,144042,0.222157426,0
contention_ring4_s0_d0_b64_r2000_w4_c5,raw,contention,ring4,0,0,64,2000,4,5,4,295931,1.730133038,0
bandwidth_pair_s0_d1_b32_r2000_w4_c0,raw,bandwidth,pair,0,1,32,2000,4,0,1,144042,0.444314853,0
bandwidth_pair_s8_d16_b1024_r2000_w1_c0,raw,bandwidth,pair,8,16,1024,2000,1,0,1,310042,6.605556667,0
bandwidth_pair_s0_d56_b16384_r2000_w2_c0,raw,bandwidth,pair,0,56,16384,2000,2,0,1,1394042,23.505748033,0
bandwidth_pair_s8_d16_b4096_r2000_w4_c0,raw,bandwidth,pair,8,16,4096,2000,4,0,1,378043,21.669492624,0
bandwidth_pair_s8_d16_b256_r2000_w16_c0,raw,bandwidth,pair,8,16,256,2000,16,0,1,127542,4.014363896,0
bandwidth_pair_s0_d9_b32_r2000_w1_c0,raw,bandwidth,pair,0,9,32,2000,1,0,1,228041,0.280651286,0
bandwidth_pair_s0_d56_b8_r2000_w1_c0,raw,bandwidth,pair,0,56,8,2000,1,0,1,228041,0.070162822,0
contention_split_side2_s0_d0_b64_r2000_w1_c0,raw,contention,split_side2,0,0,64,2000,1,0,2,276042,0.927395107,0
bandwidth_pair_s9_d18_b128_r2000_w2_c0,raw,bandwidth,pair,9,18,128,2000,2,0,1,180041,1.421898345,0
bandwidth_pair_s0_d63_b8_r2000_w4_c0,raw,bandwidth,pair,0,63,8,2000,4,0,1,144043,0.111077942,0
bandwidth_pair_s0_d8_b65536_r2000_w1_c0,raw,bandwidth,pair,0,8,65536,2000,1,0,1,5350042,24.499246922,0
bandwidth_pair_s0_d8_b16_r2000_w16_c0,raw,bandwidth,pair,0,8,16,2000,16,0,1,123043,0.260071682,0
bandwidth_pair_s0_d9_b128_r2000_w16_c0,raw,bandwidth,pair,0,9,128,2000,16,0,1,127541,2.007197685,0
contention_single_s0_d0_b1024_r2000_w4_c0,raw,contention,single,0,0,1024,2000,4,0,1,171043,11.973597283,0
bandwidth_pair_s0_d1_b1024_r2000_w2_c0,raw,bandwidth,pair,0,1,1024,2000,2,0,1,216042,9.479638218,0
bandwidth_pair_s8_d16_b256_r2000_w8_c0,raw,bandwidth,pair,8,16,256,2000,8,0,1,135042,3.791413042,0
bandwidth_pair_s0_d63_b32_r2000_w4_c0,raw,bandwidth,pair,0,63,32,2000,4,0,1,144042,0.444314853,0
contention_intra2_s0_d0_b64_r2000_w1_c5,raw,contention,intra2,0,0,64,2000,1,5,2,277090,0.923887546,0
contention_ring4_s0_d0_b1024_r2000_w4_c5,raw,contention,ring4,0,0,1024,2000,4,5,4,359215,22.805283744,0
bandwidth_pair_s0_d7_b8_r2000_w8_c0,raw,bandwidth,pair,0,7,8,2000,8,0,1,130043,0.123036226,0
contention_single_s0_d0_b64_r2000_w1_c5,raw,contention,single,0,0,64,2000,1,5,1,228042,0.561300111,0
bandwidth_pair_s0_d8_b4096_r2000_w4_c0,raw,bandwidth,pair,0,8,4096,2000,4,0,1,378042,21.669549944,0
bandwidth_pair_s0_d1_b64_r2000_w16_c0,raw,bandwidth,pair,0,1,64,2000,16,0,1,123041,1.040303639,0
bandwidth_pair_s0_d63_b16_r2000_w1_c0,raw,bandwidth,pair,0,63,16,2000,1,0,1,228041,0.140325643,0
bandwidth_pair_s0_d7_b16_r2000_w8_c0,raw,bandwidth,pair,0,7,16,2000,8,0,1,130042,0.246074345,0
bandwidth_pair_s0_d9_b8_r2000_w8_c0,raw,bandwidth,pair,0,9,8,2000,8,0,1,130042,0.123037173,0
bandwidth_pair_s0_d56_b32768_r2000_w2_c0,raw,bandwidth,pair,0,56,32768,2000,2,0,1,2676042,24.489899635,0
contention_split_side2_s0_d0_b64_r2000_w1_c15,raw,contention,split_side2,0,0,64,2000,1,15,2,276502,0.925852254,0
bandwidth_pair_s0_d1_b128_r2000_w16_c0,raw,bandwidth,pair,0,1,128,2000,16,0,1,127541,2.007197685,0
contention_intra2_s0_d0_b64_r2000_w4_c15,raw,contention,intra2,0,0,64,2000,4,15,2,195248,1.311152995,0
contention_alltoall4_s0_d0_b1024_r2000_w1_c0,raw,contention,alltoall4,0,0,1024,2000,1,0,12,1194786,20.569373930,0
bandwidth_pair_s0_d8_b128_r2000_w8_c0,raw,bandwidth,pair,0,8,128,2000,8,0,1,135042,1.895706521,0
bandwidth_pair_s8_d16_b256_r2000_w1_c0,raw,bandwidth,pair,8,16,256,2000,1,0,1,240042,2.132960065,0
bandwidth_pair_s0_d1_b256_r2000_w8_c0,raw,bandwidth,pair,0,1,256,2000,8,0,1,135042,3.791413042,0
bandwidth_pair_s0_d9_b8_r2000_w16_c0,raw,bandwidth,pair,0,9,8,2000,16,0,1,123042,0.130036898,0
bandwidth_pair_s1_d2_b1024_r2000_w4_c0,raw,bandwidth,pair,1,2,1024,2000,4,0,1,171042,11.973667286,0
bandwidth_pair_s0_d8_b32_r2000_w4_c0,raw,bandwidth,pair,0,8,32,2000,4,0,1,144042,0.444314853,0
bandwidth_pair_s0_d7_b128_r2000_w8_c0,raw,bandwidth,pair,0,7,128,2000,8,0,1,135042,1.895706521,0
bandwidth_pair_s0_d9_b128_r2000_w4_c0,raw,bandwidth,pair,0,9,128,2000,4,0,1,150042,1.706188934,0
bandwidth_pair_s0_d8_b1024_r2000_w16_c0,raw,bandwidth,pair,0,8,1024,2000,16,0,1,136542,14.999047912,0
bandwidth_pair_s8_d16_b65536_r2000_w1_c0,raw,bandwidth,pair,8,16,65536,2000,1,0,1,5350042,24.499246922,0
contention_single_s0_d0_b1024_r2000_w4_c5,raw,contention,single,0,0,1024,2000,4,5,1,171042,11.973667286,0
bandwidth_pair_s0_d56_b4096_r2000_w8_c0,raw,bandwidth,pair,0,56,4096,2000,8,0,1,349542,23.436382466,0
bandwidth_pair_s0_d9_b4096_r2000_w4_c0,raw,bandwidth,pair,0,9,4096,2000,4,0,1,378042,21.669549944,0
bandwidth_pair_s8_d16_b64_r2000_w2_c0,raw,bandwidth,pair,8,16,64,2000,2,0,1,172041,0.744008696,0
bandwidth_pair_s0_d56_b8_r2000_w16_c0,raw,bandwidth,pair,0,56,8,2000,16,0,1,123043,0.130035841,0
bandwidth_pair_s8_d16_b4096_r2000_w8_c0,raw,bandwidth,pair,8,16,4096,2000,8,0,1,349543,23.436315418,0
bandwidth_pair_s0_d56_b128_r2000_w2_c0,raw,bandwidth,pair,0,56,128,2000,2,0,1,180041,1.421898345,0
bandwidth_pair_s0_d7_b256_r2000_w4_c0,raw,bandwidth,pair,0,7,256,2000,4,0,1,150042,3.412377868,0
bandwidth_pair_s0_d1_b128_r2000_w4_c0,raw,bandwidth,pair,0,1,128,2000,4,0,1,150041,1.706200305,0
bandwidth_pair_s0_d9_b256_r2000_w2_c0,raw,bandwidth,pair,0,9,256,2000,2,0,1,180042,2.843780896,0
contention_split_near2_s0_d0_b64_r2000_w1_c10,raw,contention,split_near2,0,0,64,2000,1,10,2,276042,0.927395107,0
bandwidth_pair_s0_d56_b32_r2000_w8_c0,raw,bandwidth,pair,0,56,32,2000,8,0,1,130043,0.492144906,0
bandwidth_pair_s0_d7_b32_r2000_w16_c0,raw,bandwidth,pair,0,7,32,2000,16,0,1,123043,0.520143365,0
bandwidth_pair_s0_d9_b16_r2000_w4_c0,raw,bandwidth,pair,0,9,16,2000,4,0,1,144043,0.222155884,0
bandwidth_pair_s1_d2_b256_r2000_w4_c0,raw,bandwidth,pair,1,2,256,2000,4,0,1,150043,3.412355125,0
bandwidth_pair_s0_d8_b4096_r2000_w1_c0,raw,bandwidth,pair,0,8,4096,2000,1,0,1,548042,14.947759478,0
contention_incast3_s0_d0_b1024_r2000_w1_c15,raw,contention,incast3,0,0,1024,2000,1,15,3,422238,14.551035198,0
bandwidth_pair_s0_d63_b16384_r2000_w2_c0,raw,bandwidth,pair,0,63,16384,2000,2,0,1,1394042,23.505748033,0
bandwidth_pair_s0_d9_b64_r2000_w4_c0,raw,bandwidth,pair,0,9,64,2000,4,0,1,144041,0.888635875,0
bandwidth_pair_s0_d7_b256_r2000_w2_c0,raw,bandwidth,pair,0,7,256,2000,2,0,1,180043,2.843765101,0
contention_single_s0_d0_b1024_r2000_w1_c5,raw,contention,single,0,0,1024,2000,1,5,1,310042,6.605556667,0
bandwidth_pair_s0_d56_b64_r2000_w8_c0,raw,bandwidth,pair,0,56,64,2000,8,0,1,130041,0.984304950,0
bandwidth_pair_s9_d18_b256_r2000_w16_c0,raw,bandwidth,pair,9,18,256,2000,16,0,1,127542,4.014363896,0
bandwidth_pair_s0_d9_b16384_r2000_w4_c0,raw,bandwidth,pair,0,9,16384,2000,4,0,1,1338041,24.489533579,0
contention_split_near2_s0_d0_b64_r2000_w1_c15,raw,contention,split_near2,0,0,64,2000,1,15,2,276496,0.925872345,0
bandwidth_pair_s0_d7_b32_r2000_w4_c0,raw,bandwidth,pair,0,7,32,2000,4,0,1,144043,0.444311768,0
contention_intra2_s0_d0_b1024_r2000_w4_c15,raw,contention,intra2,0,0,1024,2000,4,15,2,218050,18.784682412,0
bandwidth_pair_s9_d18_b32_r2000_w1_c0,raw,bandwidth,pair,9,18,32,2000,1,0,1,228041,0.280651286,0
bandwidth_pair_s0_d8_b8_r2000_w16_c0,raw,bandwidth,pair,0,8,8,2000,16,0,1,123042,0.130036898,0
bandwidth_pair_s0_d8_b128_r2000_w4_c0,raw,bandwidth,pair,0,8,128,2000,4,0,1,150042,1.706188934,0
bandwidth_pair_s0_d8_b8_r2000_w4_c0,raw,bandwidth,pair,0,8,8,2000,4,0,1,144043,0.111077942,0
bandwidth_pair_s8_d16_b1024_r2000_w2_c0,raw,bandwidth,pair,8,16,1024,2000,2,0,1,216042,9.479638218,0
contention_single_s0_d0_b1024_r2000_w1_c10,raw,contention,single,0,0,1024,2000,1,10,1,310042,6.605556667,0
contention_single_s0_d0_b64_r2000_w4_c5,raw,contention,single,0,0,64,2000,4,5,1,144041,0.888635875,0
contention_split_far2_s0_d0_b64_r2000_w4_c15,raw,contention,split_far2,0,0,64,2000,4,15,2,195537,1.309215136,0
bandwidth_pair_s0_d63_b16_r2000_w16_c0,raw,bandwidth,pair,0,63,16,2000,16,0,1,123042,0.260073796,0
contention_alltoall4_s0_d0_b64_r2000_w1_c10,raw,contention,alltoall4,0,0,64,2000,1,10,12,824944,1.861944568,0
contention_incast3_s0_d0_b64_r2000_w1_c5,raw,contention,incast3,0,0,64,2000,1,5,3,328060,1.170517588,0
bandwidth_pair_s9_d18_b8_r2000_w1_c0,raw,bandwidth,pair,9,18,8,2000,1,0,1,228041,0.070162822,0
bandwidth_pair_s8_d16_b32_r2000_w2_c0,raw,bandwidth,pair,8,16,32,2000,2,0,1,172042,0.372002186,0
contention_split_near2_s0_d0_b64_r2000_w4_c5,raw,contention,split_near2,0,0,64,2000,4,5,2,195493,1.309509803,0
contention_split_side2_s0_d0_b1024_r2000_w1_c10,raw,contention,split_side2,0,0,1024,2000,1,10,2,360042,11.376450525,0
bandwidth_pair_s1_d2_b4096_r2000_w1_c0,raw,bandwidth,pair,1,2,4096,2000,1,0,1,548042,14.947759478,0
bandwidth_pair_s1_d2_b8_r2000_w2_c0,raw,bandwidth,pair,1,2,8,2000,2,0,1,172043,0.093000006,0
contention_intra2_s0_d0_b64_r2000_w4_c0,raw,contention,intra2,0,0,64,2000,4,0,2,195258,1.311085845,0
bandwidth_pair_s0_d1_b32_r2000_w16_c0,raw,bandwidth,pair,0,1,32,2000,16,0,1,123043,0.520143365,0
bandwidth_pair_s0_d8_b16_r2000_w2_c0,raw,bandwidth,pair,0,8,16,2000,2,0,1,172043,0.186000012,0
contention_split_side2_s0_d0_b1024_r2000_w4_c0,raw,contention,split_side2,0,0,1024,2000,4,0,2,218042,18.785371626,0
bandwidth_pair_s9_d18_b4096_r2000_w16_c0,raw,bandwidth,pair,9,18,4096,2000,16,0,1,336292,24.359782570,0
bandwidth_pair_s0_d8_b64_r2000_w2_c0,raw,bandwidth,pair,0,8,64,2000,2,0,1,172042,0.744004371,0
bandwidth_pair_s0_d7_b64_r2000_w8_c0,raw,bandwidth,pair,0,7,64,2000,8,0,1,130042,0.984297381,0
bandwidth_pair_s0_d63_b64_r2000_w8_c0,raw,bandwidth,pair,0,63,64,2000,8,0,1,130041,0.984304950,0
contention_split_near2_s0_d0_b1024_r2000_w4_c5,raw,contention,split_near2,0,0,1024,2000,4,5,2,218042,18.785371626,0
bandwidth_pair_s0_d56_b64_r2000_w1_c0,raw,bandwidth,pair,0,56,64,2000,1,0,1,228041,0.561302573,0
bandwidth_pair_s1_d2_b32_r2000_w4_c0,raw,bandwidth,pair,1,2,32,2000,4,0,1,144043,0.444311768,0
bandwidth_pair_s0_d56_b16384_r2000_w4_c0,raw,bandwidth,pair,0,56,16384,2000,4,0,1,1337042,24.507831467,0
bandwidth_pair_s0_d56_b16_r2000_w2_c0,raw,bandwidth,pair,0,56,16,2000,2,0,1,172043,0.186000012,0
bandwidth_pair_s0_d9_b64_r2000_w8_c0,raw,bandwidth,pair,0,9,64,2000,8,0,1,130041,0.984304950,0
bandwidth_pair_s0_d63_b64_r2000_w1_c0,raw,bandwidth,pair,0,63,64,2000,1,0,1,228041,0.561302573,0
bandwidth_pair_s8_d16_b128_r2000_w1_c0,raw,bandwidth,pair,8,16,128,2000,1,0,1,240042,1.066480033,0
bandwidth_pair_s0_d63_b64_r2000_w2_c0,raw,bandwidth,pair,0,63,64,2000,2,0,1,172042,0.744004371,0
bandwidth_pair_s0_d9_b1024_r2000_w8_c0,raw,bandwidth,pair,0,9,1024,2000,8,0,1,148041,13.834005444,0
bandwidth_pair_s0_d9_b32_r2000_w8_c0,raw,bandwidth,pair,0,9,32,2000,8,0,1,130042,0.492148690,0
bandwidth_pair_s0_d8_b128_r2000_w1_c0,raw,bandwidth,pair,0,8,128,2000,1,0,1,240042,1.066480033,0
bandwidth_pair_s0_d63_b1024_r2000_w1_c0,raw,bandwidth,pair,0,63,1024,2000,1,0,1,310042,6.605556667,0
contention_split_near2_s0_d0_b1024_r2000_w1_c5,raw,contention,split_near2,0,0,1024,2000,1,5,2,360042,11.376450525,0
bandwidth_pair_s1_d2_b128_r2000_w16_c0,raw,bandwidth,pair,1,2,128,2000,16,0,1,127542,2.007181948,0
bandwidth_pair_s0_d7_b8_r2000_w2_c0,raw,bandwidth,pair,0,7,8,2000,2,0,1,172042,0.093000546,0
bandwidth_pair_s0_d8_b64_r2000_w16_c0,raw,bandwidth,pair,0,8,64,2000,16,0,1,123041,1.040303639,0
bandwidth_pair_s0_d8_b1024_r2000_w8_c0,raw,bandwidth,pair,0,8,1024,2000,8,0,1,148041,13.834005444,0
contention_split_side2_s0_d0_b1024_r2000_w1_c0,raw,contention,split_side2,0,0,1024,2000,1,0,2,360042,11.376450525,0
contention_intra2_s0_d0_b64_r2000_w1_c15,raw,contention,intra2,0,0,64,2000,1,15,2,277091,0.923884211,0
bandwidth_pair_s0_d63_b16384_r2000_w4_c0,raw,bandwidth,pair,0,63,16384,2000,4,0,1,1337042,24.507831467,0
contention_split_far2_s0_d0_b64_r2000_w4_c10,raw,contention,split_far2,0,0,64,2000,4,10,2,195731,1.307917499,0
bandwidth_pair_s1_d2_b128_r2000_w2_c0,raw,bandwidth,pair,1,2,128,2000,2,0,1,180042,1.421890448,0
bandwidth_pair_s1_d2_b128_r2000_w8_c0,raw,bandwidth,pair,1,2,128,2000,8,0,1,135042,1.895706521,0
contention_incast3_s0_d0_b64_r2000_w1_c10,raw,contention,incast3,0,0,64,2000,1,10,3,328060,1.170517588,0
bandwidth_pair_s8_d16_b8_r2000_w2_c0,raw,bandwidth,pair,8,16,8,2000,2,0,1,172043,0.093000006,0
bandwidth_pair_s0_d63_b4096_r2000_w4_c0,raw,bandwidth,pair,0,63,4096,2000,4,0,1,378043,21.669492624,0
bandwidth_pair_s9_d18_b128_r2000_w1_c0,raw,bandwidth,pair,9,18,128,2000,1,0,1,240042,1.066480033,0
bandwidth_pair_s8_d16_b16_r2000_w16_c0,raw,bandwidth,pair,8,16,16,2000,16,0,1,123043,0.260071682,0
bandwidth_pair_s0_d1_b1024_r2000_w16_c0,raw,bandwidth,pair,0,1,1024,2000,16,0,1,136542,14.999047912,0
bandwidth_pair_s0_d9_b32_r2000_w16_c0,raw,bandwidth,pair,0,9,32,2000,16,0,1,123043,0.520143365,0
contention_split_side2_s0_d0_b64_r2000_w1_c5,raw,contention,split_side2,0,0,64,2000,1,5,2,276487,0.925902484,0
bandwidth_pair_s0_d56_b16_r2000_w4_c0,raw,bandwidth,pair,0,56,16,2000,4,0,1,144043,0.222155884,0
bandwidth_pair_s9_d18_b8_r2000_w16_c0,raw,bandwidth,pair,9,18,8,2000,16,0,1,123043,0.130035841,0
bandwidth_pair_s0_d9_b4096_r2000_w1_c0,raw,bandwidth,pair,0,9,4096,2000,1,0,1,548042,14.947759478,0
contention_incast3_s0_d0_b64_r2000_w1_c15,raw,contention,incast3,0,0,64,2000,1,15,3,328060,1.170517588,0
bandwidth_pair_s9_d18_b32_r2000_w16_c0,raw,bandwidth,pair,9,18,32,2000,16,0,1,123042,0.520147592,0
bandwidth_pair_s0_d63_b16_r2000_w8_c0,raw,bandwidth,pair,0,63,16,2000,8,0,1,130043,0.246072453,0
contention_split_far2_s0_d0_b64_r2000_w4_c0,raw,contention,split_far2,0,0,64,2000,4,0,2,195042,1.312537812,0
bandwidth_pair_s9_d18_b4096_r2000_w4_c0,raw,bandwidth,pair,9,18,4096,2000,4,0,1,378043,21.669492624,0
contention_split_near2_s0_d0_b1024_r2000_w4_c0,raw,contention,split_near2,0,0,1024,2000,4,0,2,218041,18.785457781,0
bandwidth_pair_s0_d56_b32768_r2000_w1_c0,raw,bandwidth,pair,0,56,32768,2000,1,0,1,2788042,23.506102132,0
bandwidth_pair_s0_d1_b16_r2000_w1_c0,raw,bandwidth,pair,0,1,16,2000,1,0,1,228042,0.140325028,0
bandwidth_pair_s0_d8_b16384_r2000_w4_c0,raw,bandwidth,pair,0,8,16384,2000,4,0,1,1338042,24.489515277,0
bandwidth_pair_s9_d18_b16_r2000_w2_c0,raw,bandwidth,pair,9,18,16,2000,2,0,1,172042,0.186001093,0
bandwidth_pair_s0_d56_b16_r2000_w1_c0,raw,bandwidth,pair,0,56,16,2000,1,0,1,228041,0.140325643,0
bandwidth_pair_s1_d2_b128_r2000_w1_c0,raw,bandwidth,pair,1,2,128,2000,1,0,1,240042,1.066480033,0
contention_split_side2_s0_d0_b64_r2000_w4_c10,raw,contention,split_side2,0,0,64,2000,4,10,2,195042,1.312537812,0
bandwidth_pair_s8_d16_b32768_r2000_w1_c0,raw,bandwidth,pair,8,16,32768,2000,1,0,1,2788042,23.506102132,0
bandwidth_pair_s0_d1_b4096_r2000_w1_c0,raw,bandwidth,pair,0,1,4096,2000,1,0,1,548042,14.947759478,0
bandwidth_pair_s0_d56_b8_r2000_w8_c0,raw,bandwidth,pair,0,56,8,2000,8,0,1,130043,0.123036226,0
contention_split_near2_s0_d0_b1024_r2000_w1_c10,raw,contention,split_near2,0,0,1024,2000,1,10,2,360042,11.376450525,0
bandwidth_pair_s0_d8_b4096_r2000_w8_c0,raw,bandwidth,pair,0,8,4096,2000,8,0,1,350543,23.369458241,0
contention_split_far2_s0_d0_b1024_r2000_w1_c0,raw,contention,split_far2,0,0,1024,2000,1,0,2,360042,11.376450525,0
bandwidth_pair_s8_d16_b4096_r2000_w1_c0,raw,bandwidth,pair,8,16,4096,2000,1,0,1,548042,14.947759478,0
bandwidth_pair_s1_d2_b64_r2000_w16_c0,raw,bandwidth,pair,1,2,64,2000,16,0,1,123042,1.040295184,0
contention_intra2_s0_d0_b64_r2000_w1_c10,raw,contention,intra2,0,0,64,2000,1,10,2,277091,0.923884211,0
bandwidth_pair_s9_d18_b1024_r2000_w16_c0,raw,bandwidth,pair,9,18,1024,2000,16,0,1,135793,15.081778884,0
contention_incast3_s0_d0_b1024_r2000_w1_c0,raw,contention,incast3,0,0,1024,2000,1,0,3,420077,14.625890015,0
bandwidth_pair_s0_d8_b256_r2000_w8_c0,raw,bandwidth,pair,0,8,256,2000,8,0,1,135043,3.791384966,0
bandwidth_pair_s0_d56_b128_r2000_w8_c0,raw,bandwidth,pair,0,56,128,2000,8,0,1,135042,1.895706521,0
bandwidth_pair_s8_d16_b1024_r2000_w8_c0,raw,bandwidth,pair,8,16,1024,2000,8,0,1,147542,13.880793266,0
bandwidth_pair_s0_d7_b16384_r2000_w2_c0,raw,bandwidth,pair,0,7,16384,2000,2,0,1,1394042,23.505748033,0
bandwidth_pair_s0_d8_b128_r2000_w16_c0,raw,bandwidth,pair,0,8,128,2000,16,0,1,127542,2.007181948,0
bandwidth_pair_s0_d9_b16_r2000_w1_c0,raw,bandwidth,pair,0,9,16,2000,1,0,1,228041,0.140325643,0
bandwidth_pair_s0_d1_b32768_r2000_w2_c0,raw,bandwidth,pair,0,1,32768,2000,2,0,1,2676042,24.489899635,0
bandwidth_pair_s8_d16_b16_r2000_w8_c0,raw,bandwidth,pair,8,16,16,2000,8,0,1,130042,0.246074345,0
contention_split_side2_s0_d0_b1024_r2000_w4_c15,raw,contention,split_side2,0,0,1024,2000,4,15,2,218041,18.785457781,0
contention_incast3_s0_d0_b1024_r2000_w4_c15,raw,contention,incast3,0,0,1024,2000,4,15,3,273197,22.489265988,0
bandwidth_pair_s0_d56_b32_r2000_w16_c0,raw,bandwidth,pair,0,56,32,2000,16,0,1,123043,0.520143365,0
contention_alltoall4_s0_d0_b1024_r2000_w4_c5,raw,contention,alltoall4,0,0,1024,2000,4,5,12,1026241,23.947591258,0
bandwidth_pair_s0_d1_b1024_r2000_w8_c0,raw,bandwidth,pair,0,1,1024,2000,8,0,1,148042,13.833911998,0
bandwidth_pair_s0_d7_b1024_r2000_w1_c0,raw,bandwidth,pair,0,7,1024,2000,1,0,1,310042,6.605556667,0
bandwidth_pair_s0_d9_b64_r2000_w2_c0,raw,bandwidth,pair,0,9,64,2000,2,0,1,172041,0.744008696,0
contention_split_near2_s0_d0_b1024_r2000_w1_c0,raw,contention,split_near2,0,0,1024,2000,1,0,2,360042,11.376450525,0
bandwidth_pair_s9_d18_b64_r2000_w8_c0,raw,bandwidth,pair,9,18,64,2000,8,0,1,130041,0.984304950,0
bandwidth_pair_s9_d18_b64_r2000_w16_c0,raw,bandwidth,pair,9,18,64,2000,16,0,1,123041,1.040303639,0
bandwidth_pair_s0_d63_b128_r2000_w1_c0,raw,bandwidth,pair,0,63,128,2000,1,0,1,240042,1.066480033,0
contention_split_far2_s0_d0_b1024_r2000_w1_c15,raw,contention,split_far2,0,0,1024,2000,1,15,2,360042,11.376450525,0
bandwidth_pair_s0_d9_b256_r2000_w1_c0,raw,bandwidth,pair,0,9,256,2000,1,0,1,240043,2.132951180,0
bandwidth_pair_s8_d16_b128_r2000_w8_c0,raw,bandwidth,pair,8,16,128,2000,8,0,1,135042,1.895706521,0
bandwidth_pair_s0_d8_b16384_r2000_w1_c0,raw,bandwidth,pair,0,8,16384,2000,1,0,1,1508042,21.728837791,0
bandwidth_pair_s0_d56_b256_r2000_w4_c0,raw,bandwidth,pair,0,56,256,2000,4,0,1,150042,3.412377868,0
bandwidth_pair_s8_d16_b4096_r2000_w2_c0,raw,bandwidth,pair,8,16,4096,2000,2,0,1,436042,18.787181051,0
bandwidth_pair_s0_d56_b4096_r2000_w16_c0,raw,bandwidth,pair,0,56,4096,2000,16,0,1,336292,24.359782570,0
bandwidth_pair_s0_d7_b65536_r2000_w1_c0,raw,bandwidth,pair,0,7,65536,2000,1,0,1,5350042,24.499246922,0
bandwidth_pair_s8_d16_b64_r2000_w8_c0,raw,bandwidth,pair,8,16,64,2000,8,0,1,130042,0.984297381,0
bandwidth_pair_s0_d63_b16_r2000_w2_c0,raw,bandwidth,pair,0,63,16,2000,2,0,1,172042,0.186001093,0
bandwidth_pair_s0_d8_b256_r2000_w4_c0,raw,bandwidth,pair,0,8,256,2000,4,0,1,150043,3.412355125,0
contention_intra2_s0_d0_b1024_r2000_w4_c0,raw,contention,intra2,0,0,1024,2000,4,0,2,218041,18.785457781,0
bandwidth_pair_s0_d63_b32768_r2000_w2_c0,raw,bandwidth,pair,0,63,32768,2000,2,0,1,2676042,24.489899635,0
bandwidth_pair_s1_d2_b1024_r2000_w16_c0,raw,bandwidth,pair,1,2,1024,2000,16,0,1,135792,15.081889949,0
contention_intra2_s0_d0_b64_r2000_w4_c5,raw,contention,intra2,0,0,64,2000,4,5,2,195267,1.311025416,0
bandwidth_pair_s1_d2_b32_r2000_w8_c0,raw,bandwidth,pair,1,2,32,2000,8,0,1,130042,0.492148690,0
bandwidth_pair_s1_d2_b256_r2000_w1_c0,raw,bandwidth,pair,1,2,256,2000,1,0,1,240043,2.132951180,0
bandwidth_pair_s0_d8_b8_r2000_w8_c0,raw,bandwidth,pair,0,8,8,2000,8,0,1,130043,0.123036226,0
contention_split_far2_s0_d0_b1024_r2000_w1_c5,raw,contention,split_far2,0,0,1024,2000,1,5,2,360499,11.362028743,0
contention_split_far2_s0_d0_b64_r2000_w1_c0,raw,contention,split_far2,0,0,64,2000,1,0,2,276042,0.927395107,0
bandwidth_pair_s0_d63_b8_r2000_w2_c0,raw,bandwidth,pair,0,63,8,2000,2,0,1,172043,0.093000006,0
contention_split_far2_s0_d0_b1024_r2000_w4_c0,raw,contention,split_far2,0,0,1024,2000,4,0,2,218042,18.785371626,0
contention_single_s0_d0_b1024_r2000_w4_c15,raw,contention,single,0,0,1024,2000,4,15,1,171043,11.973597283,0
bandwidth_pair_s1_d2_b4096_r2000_w2_c0,raw,bandwidth,pair,1,2,4096,2000,2,0,1,436042,18.787181051,0
bandwidth_pair_s9_d18_b64_r2000_w2_c0,raw,bandwidth,pair,9,18,64,2000,2,0,1,172042,0.744004371,0
bandwidth_pair_s1_d2_b64_r2000_w2_c0,raw,bandwidth,pair,1,2,64,2000,2,0,1,172041,0.744008696,0
bandwidth_pair_s0_d7_b1024_r2000_w8_c0,raw,bandwidth,pair,0,7,1024,2000,8,0,1,147542,13.880793266,0
contention_ring4_s0_d0_b1024_r2000_w1_c5,raw,contention,ring4,0,0,1024,2000,1,5,4,474928,17.248930364,0
bandwidth_pair_s0_d8_b64_r2000_w1_c0,raw,bandwidth,pair,0,8,64,2000,1,0,1,228042,0.561300111,0
contention_split_side2_s0_d0_b1024_r2000_w4_c5,raw,contention,split_side2,0,0,1024,2000,4,5,2,218042,18.785371626,0
bandwidth_pair_s0_d1_b16384_r2000_w1_c0,raw,bandwidth,pair,0,1,16384,2000,1,0,1,1508042,21.728837791,0
bandwidth_pair_s0_d7_b256_r2000_w1_c0,raw,bandwidth,pair,0,7,256,2000,1,0,1,240043,2.132951180,0
bandwidth_pair_s1_d2_b1024_r2000_w1_c0,raw,bandwidth,pair,1,2,1024,2000,1,0,1,310042,6.605556667,0
bandwidth_pair_s9_d18_b4096_r2000_w2_c0,raw,bandwidth,pair,9,18,4096,2000,2,0,1,436041,18.787224137,0
bandwidth_pair_s1_d2_b4096_r2000_w16_c0,raw,bandwidth,pair,1,2,4096,2000,16,0,1,336293,24.359710134,0
contention_incast3_s0_d0_b64_r2000_w1_c0,raw,contention,incast3,0,0,64,2000,1,0,3,328797,1.167893868,0
bandwidth_pair_s8_d16_b64_r2000_w1_c0,raw,bandwidth,pair,8,16,64,2000,1,0,1,228042,0.561300111,0
bandwidth_pair_s0_d7_b32768_r2000_w1_c0,raw,bandwidth,pair,0,7,32768,2000,1,0,1,2788042,23.506102132,0
bandwidth_pair_s8_d16_b16384_r2000_w2_c0,raw,bandwidth,pair,8,16,16384,2000,2,0,1,1394042,23.505748033,0
bandwidth_pair_s0_d9_b128_r2000_w1_c0,raw,bandwidth,pair,0,9,128,2000,1,0,1,240042,1.066480033,0
contention_single_s0_d0_b64_r2000_w4_c10,raw,contention,single,0,0,64,2000,4,10,1,144042,0.888629705,0
contention_split_side2_s0_d0_b64_r2000_w1_c10,raw,contention,split_side2,0,0,64,2000,1,10,2,276043,0.927391747,0
bandwidth_pair_s0_d7_b1024_r2000_w2_c0,raw,bandwidth,pair,0,7,1024,2000,2,0,1,216042,9.479638218,0
bandwidth_pair_s9_d18_b64_r2000_w1_c0,raw,bandwidth,pair,9,18,64,2000,1,0,1,228041,0.561302573,0
contention_alltoall4_s0_d0_b1024_r2000_w4_c0,raw,contention,alltoall4,0,0,1024,2000,4,0,12,1026318,23.945794578,0
bandwidth_pair_s9_d18_b16_r2000_w8_c0,raw,bandwidth,pair,9,18,16,2000,8,0,1,130043,0.246072453,0
bandwidth_pair_s0_d63_b64_r2000_w16_c0,raw,bandwidth,pair,0,63,64,2000,16,0,1,123042,1.040295184,0
bandwidth_pair_s1_d2_b64_r2000_w1_c0,raw,bandwidth,pair,1,2,64,2000,1,0,1,228041,0.561302573,0
bandwidth_pair_s0_d63_b4096_r2000_w16_c0,raw,bandwidth,pair,0,63,4096,2000,16,0,1,336293,24.359710134,0
bandwidth_pair_s0_d63_b256_r2000_w16_c0,raw,bandwidth,pair,0,63,256,2000,16,0,1,127542,4.014363896,0
bandwidth_pair_s0_d56_b4096_r2000_w1_c0,raw,bandwidth,pair,0,56,4096,2000,1,0,1,548042,14.947759478,0
bandwidth_pair_s9_d18_b16384_r2000_w4_c0,raw,bandwidth,pair,9,18,16384,2000,4,0,1,1337043,24.507813137,0
contention_split_far2_s0_d0_b64_r2000_w1_c15,raw,contention,split_far2,0,0,64,2000,1,15,2,276043,0.927391747,0
contention_intra2_s0_d0_b1024_r2000_w4_c10,raw,contention,intra2,0,0,1024,2000,4,10,2,218050,18.784682412,0
bandwidth_pair_s1_d2_b65536_r2000_w1_c0,raw,bandwidth,pair,1,2,65536,2000,1,0,1,5350042,24.499246922,0
bandwidth_pair_s0_d63_b32_r2000_w1_c0,raw,bandwidth,pair,0,63,32,2000,1,0,1,228042,0.280650056,0
bandwidth_pair_s0_d1_b32768_r2000_w1_c0,raw,bandwidth,pair,0,1,32768,2000,1,0,1,2788042,23.506102132,0
bandwidth_pair_s0_d63_b8_r2000_w1_c0,raw,bandwidth,pair,0,63,8,2000,1,0,1,228041,0.070162822,0
bandwidth_pair_s0_d9_b256_r2000_w8_c0,raw,bandwidth,pair,0,9,256,2000,8,0,1,135042,3.791413042,0
bandwidth_pair_s0_d7_b16_r2000_w2_c0,raw,bandwidth,pair,0,7,16,2000,2,0,1,172042,0.186001093,0
bandwidth_pair_s0_d7_b32_r2000_w8_c0,raw,bandwidth,pair,0,7,32,2000,8,0,1,130043,0.492144906,0
bandwidth_pair_s0_d9_b65536_r2000_w1_c0,raw,bandwidth,pair,0,9,65536,2000,1,0,1,5350042,24.499246922,0
bandwidth_pair_s8_d16_b256_r2000_w4_c0,raw,bandwidth,pair,8,16,256,2000,4,0,1,150042,3.412377868,0
bandwidth_pair_s0_d63_b32_r2000_w8_c0,raw,bandwidth,pair,0,63,32,2000,8,0,1,130042,0.492148690,0
bandwidth_pair_s0_d56_b4096_r2000_w2_c0,raw,bandwidth,pair,0,56,4096,2000,2,0,1,436042,18.787181051,0
bandwidth_pair_s8_d16_b16_r2000_w4_c0,raw,bandwidth,pair,8,16,16,2000,4,0,1,144043,0.222155884,0
bandwidth_pair_s8_d16_b32_r2000_w1_c0,raw,bandwidth,pair,8,16,32,2000,1,0,1,228041,0.280651286,0
bandwidth_pair_s0_d56_b65536_r2000_w1_c0,raw,bandwidth,pair,0,56,65536,2000,1,0,1,5350042,24.499246922,0
bandwidth_pair_s9_d18_b256_r2000_w4_c0,raw,bandwidth,pair,9,18,256,2000,4,0,1,150043,3.412355125,0
bandwidth_pair_s9_d18_b16_r2000_w16_c0,raw,bandwidth,pair,9,18,16,2000,16,0,1,123042,0.260073796,0
bandwidth_pair_s0_d1_b65536_r2000_w1_c0,raw,bandwidth,pair,0,1,65536,2000,1,0,1,5350042,24.499246922,0
bandwidth_pair_s0_d63_b256_r2000_w2_c0,raw,bandwidth,pair,0,63,256,2000,2,0,1,180043,2.843765101,0
bandwidth_pair_s0_d8_b64_r2000_w8_c0,raw,bandwidth,pair,0,8,64,2000,8,0,1,130042,0.984297381,0
bandwidth_pair_s0_d63_b65536_r2000_w1_c0,raw,bandwidth,pair,0,63,65536,2000,1,0,1,5350042,24.499246922,0
bandwidth_pair_s0_d9_b256_r2000_w16_c0,raw,bandwidth,pair,0,9,256,2000,16,0,1,127542,4.014363896,0
contention_incast3_s0_d0_b64_r2000_w4_c15,raw,contention,incast3,0,0,64,2000,4,15,3,244312,1.571760699,0
contention_single_s0_d0_b64_r2000_w1_c10,raw,contention,single,0,0,64,2000,1,10,1,228041,0.561302573,0
contention_intra2_s0_d0_b1024_r2000_w1_c15,raw,contention,intra2,0,0,1024,2000,1,15,2,375805,10.899269568,0
bandwidth_pair_s0_d56_b16384_r2000_w1_c0,raw,bandwidth,pair,0,56,16384,2000,1,0,1,1508042,21.728837791,0
bandwidth_pair_s0_d7_b4096_r2000_w16_c0,raw,bandwidth,pair,0,7,4096,2000,16,0,1,336293,24.359710134,0
bandwidth_pair_s0_d8_b32_r2000_w1_c0,raw,bandwidth,pair,0,8,32,2000,1,0,1,228041,0.280651286,0
bandwidth_pair_s0_d1_b128_r2000_w2_c0,raw,bandwidth,pair,0,1,128,2000,2,0,1,180041,1.421898345,0
contention_alltoall4_s0_d0_b1024_r2000_w4_c15,raw,contention,alltoall4,0,0,1024,2000,4,15,12,1026241,23.947591258,0
bandwidth_pair_s0_d1_b64_r2000_w8_c0,raw,bandwidth,pair,0,1,64,2000,8,0,1,130042,0.984297381,0
contention_intra2_s0_d0_b64_r2000_w4_c10,raw,contention,intra2,0,0,64,2000,4,10,2,195267,1.311025416,0
bandwidth_pair_s0_d63_b16384_r2000_w1_c0,raw,bandwidth,pair,0,63,16384,2000,1,0,1,1508042,21.728837791,0
contention_ring4_s0_d0_b64_r2000_w4_c0,raw,contention,ring4,0,0,64,2000,4,0,4,295842,1.730653525,0
bandwidth_pair_s0_d8_b8_r2000_w1_c0,raw,bandwidth,pair,0,8,8,2000,1,0,1,228041,0.070162822,0
bandwidth_pair_s0_d7_b128_r2000_w4_c0,raw,bandwidth,pair,0,7,128,2000,4,0,1,150042,1.706188934,0
bandwidth_pair_s0_d9_b32_r2000_w4_c0,raw,bandwidth,pair,0,9,32,2000,4,0,1,144043,0.444311768,0
bandwidth_pair_s0_d7_b1024_r2000_w4_c0,raw,bandwidth,pair,0,7,1024,2000,4,0,1,171043,11.973597283,0
contention_incast3_s0_d0_b1024_r2000_w4_c5,raw,contention,incast3,0,0,1024,2000,4,5,3,273182,22.490500838,0
bandwidth_pair_s0_d56_b32_r2000_w1_c0,raw,bandwidth,pair,0,56,32,2000,1,0,1,228041,0.280651286,0
bandwidth_pair_s0_d8_b32_r2000_w8_c0,raw,bandwidth,pair,0,8,32,2000,8,0,1,130043,0.492144906,0
bandwidth_pair_s1_d2_b32768_r2000_w2_c0,raw,bandwidth,pair,1,2,32768,2000,2,0,1,2676041,24.489908787,0
bandwidth_pair_s0_d8_b256_r2000_w16_c0,raw,bandwidth,pair,0,8,256,2000,16,0,1,127542,4.014363896,0
bandwidth_pair_s0_d7_b32_r2000_w1_c0,raw,bandwidth,pair,0,7,32,2000,1,0,1,228041,0.280651286,0
bandwidth_pair_s1_d2_b16384_r2000_w4_c0,raw,bandwidth,pair,1,2,16384,2000,4,0,1,1337042,24.507831467,0
contention_split_side2_s0_d0_b64_r2000_w4_c5,raw,contention,split_side2,0,0,64,2000,4,5,2,195043,1.312531083,0
bandwidth_pair_s9_d18_b256_r2000_w8_c0,raw,bandwidth,pair,9,18,256,2000,8,0,1,135042,3.791413042,0
bandwidth_pair_s0_d7_b4096_r2000_w4_c0,raw,bandwidth,pair,0,7,4096,2000,4,0,1,378043,21.669492624,0
contention_single_s0_d0_b64_r2000_w4_c0,raw,contention,single,0,0,64,2000,4,0,1,144042,0.888629705,0
bandwidth_pair_s0_d63_b4096_r2000_w2_c0,raw,bandwidth,pair,0,63,4096,2000,2,0,1,436041,18.787224137,0
bandwidth_pair_s8_d16_b16_r2000_w2_c0,raw,bandwidth,pair,8,16,16,2000,2,0,1,172043,0.186000012,0
bandwidth_pair_s8_d16_b8_r2000_w4_c0,raw,bandwidth,pair,8,16,8,2000,4,0,1,144043,0.111077942,0
contention_incast3_s0_d0_b64_r2000_w4_c5,raw,contention,incast3,0,0,64,2000,4,5,3,244312,1.571760699,0
contention_split_side2_s0_d0_b1024_r2000_w1_c5,raw,contention,split_side2,0,0,1024,2000,1,5,2,360042,11.376450525,0
bandwidth_pair_s0_d7_b16384_r2000_w1_c0,raw,bandwidth,pair,0,7,16384,2000,1,0,1,1508042,21.728837791,0
bandwidth_pair_s0_d63_b256_r2000_w8_c0,raw,bandwidth,pair,0,63,256,2000,8,0,1,135043,3.791384966,0
bandwidth_pair_s1_d2_b8_r2000_w8_c0,raw,bandwidth,pair,1,2,8,2000,8,0,1,130042,0.123037173,0
bandwidth_pair_s0_d56_b128_r2000_w16_c0,raw,bandwidth,pair,0,56,128,2000,16,0,1,127541,2.007197685,0
bandwidth_pair_s1_d2_b8_r2000_w16_c0,raw,bandwidth,pair,1,2,8,2000,16,0,1,123043,0.130035841,0
contention_ring4_s0_d0_b1024_r2000_w4_c0,raw,contention,ring4,0,0,1024,2000,4,0,4,359028,22.817161893,0
bandwidth_pair_s8_d16_b128_r2000_w2_c0,raw,bandwidth,pair,8,16,128,2000,2,0,1,180041,1.421898345,0
bandwidth_pair_s9_d18_b32_r2000_w4_c0,raw,bandwidth,pair,9,18,32,2000,4,0,1,144043,0.444311768,0
contention_alltoall4_s0_d0_b64_r2000_w1_c15,raw,contention,alltoall4,0,0,64,2000,1,15,12,825606,1.860451596,0
bandwidth_pair_s9_d18_b256_r2000_w1_c0,raw,bandwidth,pair,9,18,256,2000,1,0,1,240042,2.132960065,0
bandwidth_pair_s0_d63_b256_r2000_w4_c0,raw,bandwidth,pair,0,63,256,2000,4,0,1,150043,3.412355125,0
bandwidth_pair_s0_d8_b1024_r2000_w1_c0,raw,bandwidth,pair,0,8,1024,2000,1,0,1,310042,6.605556667,0
bandwidth_pair_s0_d63_b32_r2000_w16_c0,raw,bandwidth,pair,0,63,32,2000,16,0,1,123042,0.520147592,0
bandwidth_pair_s8_d16_b64_r2000_w4_c0,raw,bandwidth,pair,8,16,64,2000,4,0,1,144042,0.888629705,0
contention_intra2_s0_d0_b1024_r2000_w4_c5,raw,contention,intra2,0,0,1024,2000,4,5,2,218050,18.784682412,0
bandwidth_pair_s9_d18_b1024_r2000_w4_c0,raw,bandwidth,pair,9,18,1024,2000,4,0,1,171043,11.973597283,0
bandwidth_pair_s0_d8_b4096_r2000_w2_c0,raw,bandwidth,pair,0,8,4096,2000,2,0,1,436042,18.787181051,0
bandwidth_pair_s0_d56_b1024_r2000_w16_c0,raw,bandwidth,pair,0,56,1024,2000,16,0,1,135793,15.081778884,0
bandwidth_pair_s8_d16_b128_r2000_w16_c0,raw,bandwidth,pair,8,16,128,2000,16,0,1,127542,2.007181948,0
bandwidth_pair_s0_d63_b16_r2000_w4_c0,raw,bandwidth,pair,0,63,16,2000,4,0,1,144043,0.222155884,0
bandwidth_pair_s0_d9_b1024_r2000_w16_c0,raw,bandwidth,pair,0,9,1024,2000,16,0,1,136541,14.999157762,0
bandwidth_pair_s9_d18_b32768_r2000_w1_c0,raw,bandwidth,pair,9,18,32768,2000,1,0,1,2788042,23.506102132,0
bandwidth_pair_s8_d16_b64_r2000_w16_c0,raw,bandwidth,pair,8,16,64,2000,16,0,1,123042,1.040295184,0
bandwidth_pair_s0_d63_b8_r2000_w16_c0,raw,bandwidth,pair,0,63,8,2000,16,0,1,123043,0.130035841,0
bandwidth_pair_s9_d18_b4096_r2000_w1_c0,raw,bandwidth,pair,9,18,4096,2000,1,0,1,548042,14.947759478,0
bandwidth_pair_s0_d8_b16384_r2000_w2_c0,raw,bandwidth,pair,0,8,16384,2000,2,0,1,1396041,23.472090003,0
bandwidth_pair_s0_d1_b32_r2000_w8_c0,raw,bandwidth,pair,0,1,32,2000,8,0,1,130043,0.492144906,0
bandwidth_pair_s0_d7_b128_r2000_w2_c0,raw,bandwidth,pair,0,7,128,2000,2,0,1,180042,1.421890448,0
bandwidth_pair_s0_d7_b64_r2000_w1_c0,raw,bandwidth,pair,0,7,64,2000,1,0,1,228042,0.561300111,0
bandwidth_pair_s0_d9_b8_r2000_w2_c0,raw,bandwidth,pair,0,9,8,2000,2,0,1,172042,0.093000546,0
bandwidth_pair_s0_d56_b64_r2000_w4_c0,raw,bandwidth,pair,0,56,64,2000,4,0,1,144041,0.888635875,0
contention_incast3_s0_d0_b64_r2000_w4_c10,raw,contention,incast3,0,0,64,2000,4,10,3,244312,1.571760699,0
bandwidth_pair_s8_d16_b1024_r2000_w16_c0,raw,bandwidth,pair,8,16,1024,2000,16,0,1,135792,15.081889949,0
bandwidth_pair_s0_d56_b8_r2000_w2_c0,raw,bandwidth,pair,0,56,8,2000,2,0,1,172043,0.093000006,0
bandwidth_pair_s0_d56_b64_r2000_w2_c0,raw,bandwidth,pair,0,56,64,2000,2,0,1,172041,0.744008696,0
contention_split_side2_s0_d0_b1024_r2000_w1_c15,raw,contention,split_side2,0,0,1024,2000,1,15,2,360042,11.376450525,0
bandwidth_pair_s0_d7_b64_r2000_w2_c0,raw,bandwidth,pair,0,7,64,2000,2,0,1,172042,0.744004371,0
bandwidth_pair_s9_d18_b32768_r2000_w2_c0,raw,bandwidth,pair,9,18,32768,2000,2,0,1,2676042,24.489899635,0
bandwidth_pair_s0_d1_b16_r2000_w16_c0,raw,bandwidth,pair,0,1,16,2000,16,0,1,123042,0.260073796,0
bandwidth_pair_s0_d8_b1024_r2000_w4_c0,raw,bandwidth,pair,0,8,1024,2000,4,0,1,171042,11.973667286,0
contention_split_far2_s0_d0_b64_r2000_w1_c5,raw,contention,split_far2,0,0,64,2000,1,5,2,276042,0.927395107,0
bandwidth_pair_s0_d1_b4096_r2000_w16_c0,raw,bandwidth,pair,0,1,4096,2000,16,0,1,336543,24.341614593,0
bandwidth_pair_s1_d2_b32768_r2000_w1_c0,raw,bandwidth,pair,1,2,32768,2000,1,0,1,2788042,23.506102132,0
contention_ring4_s0_d0_b64_r2000_w4_c10,raw,contention,ring4,0,0,64,2000,4,10,4,295805,1.730869999,0
bandwidth_pair_s0_d63_b32768_r2000_w1_c0,raw,bandwidth,pair,0,63,32768,2000,1,0,1,2788042,23.506102132,0
bandwidth_pair_s8_d16_b128_r2000_w4_c0,raw,bandwidth,pair,8,16,128,2000,4,0,1,150042,1.706188934,0
bandwidth_pair_s0_d7_b8_r2000_w4_c0,raw,bandwidth,pair,0,7,8,2000,4,0,1,144042,0.111078713,0
bandwidth_pair_s0_d8_b32768_r2000_w2_c0,raw,bandwidth,pair,0,8,32768,2000,2,0,1,2676041,24.489908787,0
bandwidth_pair_s0_d1_b32_r2000_w1_c0,raw,bandwidth,pair,0,1,32,2000,1,0,1,228042,0.280650056,0
bandwidth_pair_s0_d1_b1024_r2000_w1_c0,raw,bandwidth,pair,0,1,1024,2000,1,0,1,310042,6.605556667,0
bandwidth_pair_s0_d1_b16384_r2000_w2_c0,raw,bandwidth,pair,0,1,16384,2000,2,0,1,1396042,23.472073190,0
bandwidth_pair_s0_d56_b256_r2000_w8_c0,raw,bandwidth,pair,0,56,256,2000,8,0,1,135043,3.791384966,0
bandwidth_pair_s0_d1_b16_r2000_w4_c0,raw,bandwidth,pair,0,1,16,2000,4,0,1,144043,0.222155884,0
contention_ring4_s0_d0_b1024_r2000_w1_c10,raw,contention,ring4,0,0,1024,2000,1,10,4,474928,17.248930364,0
bandwidth_pair_s0_d9_b32_r2000_w2_c0,raw,bandwidth,pair,0,9,32,2000,2,0,1,172043,0.372000023,0
bandwidth_pair_s8_d16_b8_r2000_w8_c0,raw,bandwidth,pair,8,16,8,2000,8,0,1,130043,0.123036226,0
bandwidth_pair_s9_d18_b16_r2000_w4_c0,raw,bandwidth,pair,9,18,16,2000,4,0,1,144042,0.222157426,0
contention_alltoall4_s0_d0_b64_r2000_w4_c0,raw,contention,alltoall4,0,0,64,2000,4,0,12,740742,2.073596475,0
bandwidth_pair_s9_d18_b128_r2000_w16_c0,raw,bandwidth,pair,9,18,128,2000,16,0,1,127541,2.007197685,0
bandwidth_pair_s0_d9_b128_r2000_w8_c0,raw,bandwidth,pair,0,9,128,2000,8,0,1,135041,1.895720559,0
bandwidth_pair_s0_d63_b128_r2000_w4_c0,raw,bandwidth,pair,0,63,128,2000,4,0,1,150041,1.706200305,0
bandwidth_pair_s1_d2_b32_r2000_w1_c0,raw,bandwidth,pair,1,2,32,2000,1,0,1,228042,0.280650056,0
bandwidth_pair_s8_d16_b1024_r2000_w4_c0,raw,bandwidth,pair,8,16,1024,2000,4,0,1,171042,11.973667286,0
contention_alltoall4_s0_d0_b1024_r2000_w4_c10,raw,contention,alltoall4,0,0,1024,2000,4,10,12,1026232,23.947801277,0
bandwidth_pair_s8_d16_b32_r2000_w4_c0,raw,bandwidth,pair,8,16,32,2000,4,0,1,144043,0.444311768,0
bandwidth_pair_s0_d1_b8_r2000_w4_c0,raw,bandwidth,pair,0,1,8,2000,4,0,1,144042,0.111078713,0
contention_alltoall4_s0_d0_b64_r2000_w4_c10,raw,contention,alltoall4,0,0,64,2000,4,10,12,740944,2.073031160,0
contention_single_s0_d0_b64_r2000_w1_c0,raw,contention,single,0,0,64,2000,1,0,1,228041,0.561302573,0
bandwidth_pair_s0_d63_b128_r2000_w2_c0,raw,bandwidth,pair,0,63,128,2000,2,0,1,180042,1.421890448,0
contention_ring4_s0_d0_b1024_r2000_w4_c10,raw,contention,ring4,0,0,1024,2000,4,10,4,359306,22.799507940,0
bandwidth_pair_s0_d1_b16_r2000_w8_c0,raw,bandwidth,pair,0,1,16,2000,8,0,1,130042,0.246074345,0
bandwidth_pair_s0_d1_b16384_r2000_w4_c0,raw,bandwidth,pair,0,1,16384,2000,4,0,1,1338042,24.489515277,0
bandwidth_pair_s0_d7_b16_r2000_w1_c0,raw,bandwidth,pair,0,7,16,2000,1,0,1,228041,0.140325643,0
bandwidth_pair_s1_d2_b16384_r2000_w2_c0,raw,bandwidth,pair,1,2,16384,2000,2,0,1,1394042,23.505748033,0
contention_split_near2_s0_d0_b64_r2000_w4_c0,raw,contention,split_near2,0,0,64,2000,4,0,2,195042,1.312537812,0
bandwidth_pair_s0_d9_b32768_r2000_w1_c0,raw,bandwidth,pair,0,9,32768,2000,1,0,1,2788042,23.506102132,0
bandwidth_pair_s8_d16_b16384_r2000_w4_c0,raw,bandwidth,pair,8,16,16384,2000,4,0,1,1337042,24.507831467,0
contention_ring4_s0_d0_b64_r2000_w1_c10,raw,contention,ring4,0,0,64,2000,1,10,4,379251,1.350029400,0
contention_split_near2_s0_d0_b64_r2000_w1_c0,raw,contention,split_near2,0,0,64,2000,1,0,2,276042,0.927395107,0
bandwidth_pair_s0_d63_b1024_r2000_w2_c0,raw,bandwidth,pair,0,63,1024,2000,2,0,1,216042,9.479638218,0
bandwidth_pair_s0_d63_b4096_r2000_w1_c0,raw,bandwidth,pair,0,63,4096,2000,1,0,1,548042,14.947759478,0
contention_incast3_s0_d0_b64_r2000_w4_c0,raw,contention,incast3,0,0,64,2000,4,0,3,244304,1.571812168,0
bandwidth_pair_s9_d18_b8_r2000_w2_c0,raw,bandwidth,pair,9,18,8,2000,2,0,1,172043,0.093000006,0
bandwidth_pair_s0_d7_b128_r2000_w1_c0,raw,bandwidth,pair,0,7,128,2000,1,0,1,240042,1.066480033,0
contention_split_near2_s0_d0_b1024_r2000_w4_c10,raw,contention,split_near2,0,0,1024,2000,4,10,2,218042,18.785371626,0
contention_incast3_s0_d0_b1024_r2000_w4_c0,raw,contention,incast3,0,0,1024,2000,4,0,3,273175,22.491077148,0
bandwidth_pair_s0_d56_b128_r2000_w1_c0,raw,bandwidth,pair,0,56,128,2000,1,0,1,240042,1.066480033,0
bandwidth_pair_s0_d7_b16_r2000_w16_c0,raw,bandwidth,pair,0,7,16,2000,16,0,1,123042,0.260073796,0
contention_single_s0_d0_b64_r2000_w1_c15,raw,contention,single,0,0,64,2000,1,15,1,228042,0.561300111,0
bandwidth_pair_s0_d1_b4096_r2000_w8_c0,raw,bandwidth,pair,0,1,4096,2000,8,0,1,350543,23.369458241,0
bandwidth_pair_s0_d7_b4096_r2000_w2_c0,raw,bandwidth,pair,0,7,4096,2000,2,0,1,436042,18.787181051,0
bandwidth_pair_s0_d1_b256_r2000_w1_c0,raw,bandwidth,pair,0,1,256,2000,1,0,1,240042,2.132960065,0
bandwidth_pair_s1_d2_b64_r2000_w8_c0,raw,bandwidth,pair,1,2,64,2000,8,0,1,130042,0.984297381,0
contention_split_near2_s0_d0_b64_r2000_w4_c10,raw,contention,split_near2,0,0,64,2000,4,10,2,195042,1.312537812,0
bandwidth_pair_s1_d2_b8_r2000_w1_c0,raw,bandwidth,pair,1,2,8,2000,1,0,1,228041,0.070162822,0
contention_split_side2_s0_d0_b1024_r2000_w4_c10,raw,contention,split_side2,0,0,1024,2000,4,10,2,218041,18.785457781,0
bandwidth_pair_s0_d9_b16_r2000_w2_c0,raw,bandwidth,pair,0,9,16,2000,2,0,1,172043,0.186000012,0
bandwidth_pair_s9_d18_b16384_r2000_w1_c0,raw,bandwidth,pair,9,18,16384,2000,1,0,1,1508042,21.728837791,0
bandwidth_pair_s8_d16_b8_r2000_w16_c0,raw,bandwidth,pair,8,16,8,2000,16,0,1,123043,0.130035841,0
bandwidth_pair_s8_d16_b4096_r2000_w16_c0,raw,bandwidth,pair,8,16,4096,2000,16,0,1,336293,24.359710134,0
bandwidth_pair_s0_d56_b1024_r2000_w4_c0,raw,bandwidth,pair,0,56,1024,2000,4,0,1,171042,11.973667286,0
bandwidth_pair_s1_d2_b256_r2000_w16_c0,raw,bandwidth,pair,1,2,256,2000,16,0,1,127542,4.014363896,0
contention_ring4_s0_d0_b64_r2000_w1_c0,raw,contention,ring4,0,0,64,2000,1,0,4,376980,1.358162237,0
bandwidth_pair_s0_d9_b4096_r2000_w8_c0,raw,bandwidth,pair,0,9,4096,2000,8,0,1,350542,23.369524907,0
contention_alltoall4_s0_d0_b64_r2000_w4_c5,raw,contention,alltoall4,0,0,64,2000,4,5,12,740944,2.073031160,0
bandwidth_pair_s8_d16_b32_r2000_w16_c0,raw,bandwidth,pair,8,16,32,2000,16,0,1,123042,0.520147592,0
bandwidth_pair_s0_d1_b8_r2000_w2_c0,raw,bandwidth,pair,0,1,8,2000,2,0,1,172043,0.093000006,0
bandwidth_pair_s9_d18_b1024_r2000_w2_c0,raw,bandwidth,pair,9,18,1024,2000,2,0,1,216043,9.479594340,0
contention_ring4_s0_d0_b1024_r2000_w1_c0,raw,contention,ring4,0,0,1024,2000,1,0,4,475559,17.226043456,0
bandwidth_pair_s1_d2_b128_r2000_w4_c0,raw,bandwidth,pair,1,2,128,2000,4,0,1,150042,1.706188934,0
bandwidth_pair_s0_d1_b4096_r2000_w4_c0,raw,bandwidth,pair,0,1,4096,2000,4,0,1,378042,21.669549944,0
contention_single_s0_d0_b1024_r2000_w4_c10,raw,contention,single,0,0,1024,2000,4,10,1,171042,11.973667286,0
bandwidth_pair_s8_d16_b16_r2000_w1_c0,raw,bandwidth,pair,8,16,16,2000,1,0,1,228041,0.140325643,0
bandwidth_pair_s9_d18_b128_r2000_w4_c0,raw,bandwidth,pair,9,18,128,2000,4,0,1,150042,1.706188934,0
bandwidth_pair_s0_d56_b16_r2000_w8_c0,raw,bandwidth,pair,0,56,16,2000,8,0,1,130043,0.246072453,0
bandwidth_pair_s0_d9_b128_r2000_w2_c0,raw,bandwidth,pair,0,9,128,2000,2,0,1,180041,1.421898345,0
contention_alltoall4_s0_d0_b64_r2000_w1_c0,raw,contention,alltoall4,0,0,64,2000,1,0,12,823771,1.864595865,0
contention_split_side2_s0_d0_b64_r2000_w4_c0,raw,contention,split_side2,0,0,64,2000,4,0,2,195043,1.312531083,0
contention_incast3_s0_d0_b1024_r2000_w4_c10,raw,contention,incast3,0,0,1024,2000,4,10,3,273182,22.490500838,0
contention_incast3_s0_d0_b1024_r2000_w1_c5,raw,contention,incast3,0,0,1024,2000,1,5,3,420109,14.624775951,0
bandwidth_pair_s0_d1_b256_r2000_w4_c0,raw,bandwidth,pair,0,1,256,2000,4,0,1,150042,3.412377868,0
bandwidth_pair_s0_d9_b1024_r2000_w1_c0,raw,bandwidth,pair,0,9,1024,2000,1,0,1,310042,6.605556667,0
bandwidth_pair_s1_d2_b32_r2000_w2_c0,raw,bandwidth,pair,1,2,32,2000,2,0,1,172042,0.372002186,0
contention_incast3_s0_d0_b1024_r2000_w1_c10,raw,contention,incast3,0,0,1024,2000,1,10,3,420109,14.624775951,0
bandwidth_pair_s9_d18_b128_r2000_w8_c0,raw,bandwidth,pair,9,18,128,2000,8,0,1,135042,1.895706521,0
contention_ring4_s0_d0_b1024_r2000_w4_c15,raw,contention,ring4,0,0,1024,2000,4,15,4,359215,22.805283744,0
bandwidth_pair_s0_d63_b64_r2000_w4_c0,raw,bandwidth,pair,0,63,64,2000,4,0,1,144041,0.888635875,0
bandwidth_pair_s8_d16_b32_r2000_w8_c0,raw,bandwidth,pair,8,16,32,2000,8,0,1,130042,0.492148690,0
bandwidth_pair_s0_d1_b64_r2000_w4_c0,raw,bandwidth,pair,0,1,64,2000,4,0,1,144042,0.888629705,0
contention_split_near2_s0_d0_b1024_r2000_w4_c15,raw,contention,split_near2,0,0,1024,2000,4,15,2,218041,18.785457781,0
bandwidth_pair_s0_d9_b8_r2000_w4_c0,raw,bandwidth,pair,0,9,8,2000,4,0,1,144042,0.111078713,0
bandwidth_pair_s9_d18_b8_r2000_w4_c0,raw,bandwidth,pair,9,18,8,2000,4,0,1,144042,0.111078713,0
bandwidth_pair_s0_d1_b8_r2000_w1_c0,raw,bandwidth,pair,0,1,8,2000,1,0,1,228041,0.070162822,0
bandwidth_pair_s0_d9_b8_r2000_w1_c0,raw,bandwidth,pair,0,9,8,2000,1,0,1,228042,0.070162514,0
bandwidth_pair_s0_d7_b32_r2000_w2_c0,raw,bandwidth,pair,0,7,32,2000,2,0,1,172042,0.372002186,0
contention_alltoall4_s0_d0_b64_r2000_w1_c5,raw,contention,alltoall4,0,0,64,2000,1,5,12,825606,1.860451596,0
contention_split_far2_s0_d0_b64_r2000_w4_c5,raw,contention,split_far2,0,0,64,2000,4,5,2,195042,1.312537812,0
bandwidth_pair_s9_d18_b1024_r2000_w8_c0,raw,bandwidth,pair,9,18,1024,2000,8,0,1,147543,13.880699186,0
bandwidth_pair_s1_d2_b8_r2000_w4_c0,raw,bandwidth,pair,1,2,8,2000,4,0,1,144043,0.111077942,0
bandwidth_pair_s0_d8_b32768_r2000_w1_c0,raw,bandwidth,pair,0,8,32768,2000,1,0,1,2788042,23.506102132,0
bandwidth_pair_s0_d1_b64_r2000_w1_c0,raw,bandwidth,pair,0,1,64,2000,1,0,1,228041,0.561302573,0
contention_intra2_s0_d0_b1024_r2000_w1_c5,raw,contention,intra2,0,0,1024,2000,1,5,2,375805,10.899269568,0
contention_ring4_s0_d0_b1024_r2000_w1_c15,raw,contention,ring4,0,0,1024,2000,1,15,4,474928,17.248930364,0
bandwidth_pair_s0_d1_b1024_r2000_w4_c0,raw,bandwidth,pair,0,1,1024,2000,4,0,1,171043,11.973597283,0
bandwidth_pair_s0_d56_b4096_r2000_w4_c0,raw,bandwidth,pair,0,56,4096,2000,4,0,1,378043,21.669492624,0
bandwidth_pair_s0_d9_b16_r2000_w16_c0,raw,bandwidth,pair,0,9,16,2000,16,0,1,123043,0.260071682,0
bandwidth_pair_s0_d7_b1024_r2000_w16_c0,raw,bandwidth,pair,0,7,1024,2000,16,0,1,135793,15.081778884,0
bandwidth_pair_s1_d2_b1024_r2000_w8_c0,raw,bandwidth,pair,1,2,1024,2000,8,0,1,147542,13.880793266,0
contention_intra2_s0_d0_b1024_r2000_w1_c0,raw,contention,intra2,0,0,1024,2000,1,0,2,360049,11.376229347,0
bandwidth_pair_s0_d8_b64_r2000_w4_c0,raw,bandwidth,pair,0,8,64,2000,4,0,1,144042,0.888629705,0
bandwidth_pair_s0_d8_b128_r2000_w2_c0,raw,bandwidth,pair,0,8,128,2000,2,0,1,180042,1.421890448,0
bandwidth_pair_s0_d7_b8_r2000_w1_c0,raw,bandwidth,pair,0,7,8,2000,1,0,1,228041,0.070162822,0
contention_single_s0_d0_b1024_r2000_w1_c0,raw,contention,single,0,0,1024,2000,1,0,1,310042,6.605556667,0
bandwidth_pair_s1_d2_b16_r2000_w1_c0,raw,bandwidth,pair,1,2,16,2000,1,0,1,228041,0.140325643,0
bandwidth_pair_s0_d1_b4096_r2000_w2_c0,raw,bandwidth,pair,0,1,4096,2000,2,0,1,436042,18.787181051,0
bandwidth_pair_s0_d8_b1024_r2000_w2_c0,raw,bandwidth,pair,0,8,1024,2000,2,0,1,216042,9.479638218,0
bandwidth_pair_s1_d2_b16_r2000_w8_c0,raw,bandwidth,pair,1,2,16,2000,8,0,1,130042,0.246074345,0
bandwidth_pair_s0_d56_b1024_r2000_w2_c0,raw,bandwidth,pair,0,56,1024,2000,2,0,1,216043,9.479594340,0
bandwidth_pair_s8_d16_b8_r2000_w1_c0,raw,bandwidth,pair,8,16,8,2000,1,0,1,228042,0.070162514,0
bandwidth_pair_s0_d9_b16384_r2000_w2_c0,raw,bandwidth,pair,0,9,16384,2000,2,0,1,1396041,23.472090003,0
contention_ring4_s0_d0_b64_r2000_w1_c5,raw,contention,ring4,0,0,64,2000,1,5,4,377078,1.357809260,0
bandwidth_pair_s0_d1_b128_r2000_w8_c0,raw,bandwidth,pair,0,1,128,2000,8,0,1,135041,1.895720559,0
bandwidth_pair_s0_d9_b4096_r2000_w16_c0,raw,bandwidth,pair,0,9,4096,2000,16,0,1,336543,24.341614593,0
bandwidth_pair_s0_d63_b1024_r2000_w4_c0,raw,bandwidth,pair,0,63,1024,2000,4,0,1,171042,11.973667286,0
contention_single_s0_d0_b1024_r2000_w1_c15,raw,contention,single,0,0,1024,2000,1,15,1,310042,6.605556667,0
bandwidth_pair_s9_d18_b4096_r2000_w8_c0,raw,bandwidth,pair,9,18,4096,2000,8,0,1,349542,23.436382466,0
contention_split_near2_s0_d0_b64_r2000_w1_c5,raw,contention,split_near2,0,0,64,2000,1,5,2,276043,0.927391747,0
bandwidth_pair_s1_d2_b16_r2000_w2_c0,raw,bandwidth,pair,1,2,16,2000,2,0,1,172042,0.186001093,0
bandwidth_pair_s1_d2_b256_r2000_w2_c0,raw,bandwidth,pair,1,2,256,2000,2,0,1,180043,2.843765101,0
bandwidth_pair_s0_d9_b64_r2000_w1_c0,raw,bandwidth,pair,0,9,64,2000,1,0,1,228042,0.561300111,0
bandwidth_pair_s0_d7_b64_r2000_w4_c0,raw,bandwidth,pair,0,7,64,2000,4,0,1,144042,0.888629705,0
bandwidth_pair_s0_d56_b256_r2000_w16_c0,raw,bandwidth,pair,0,56,256,2000,16,0,1,127542,4.014363896,0
bandwidth_pair_s0_d8_b256_r2000_w1_c0,raw,bandwidth,pair,0,8,256,2000,1,0,1,240042,2.132960065,0
bandwidth_pair_s0_d9_b32768_r2000_w2_c0,raw,bandwidth,pair,0,9,32768,2000,2,0,1,2676042,24.489899635,0
bandwidth_pair_s9_d18_b64_r2000_w4_c0,raw,bandwidth,pair,9,18,64,2000,4,0,1,144042,0.888629705,0
bandwidth_pair_s0_d63_b1024_r2000_w8_c0,raw,bandwidth,pair,0,63,1024,2000,8,0,1,147542,13.880793266,0
bandwidth_pair_s0_d7_b256_r2000_w8_c0,raw,bandwidth,pair,0,7,256,2000,8,0,1,135043,3.791384966,0
bandwidth_pair_s0_d7_b16_r2000_w4_c0,raw,bandwidth,pair,0,7,16,2000,4,0,1,144043,0.222155884,0
bandwidth_pair_s0_d1_b128_r2000_w1_c0,raw,bandwidth,pair,0,1,128,2000,1,0,1,240042,1.066480033,0
contention_alltoall4_s0_d0_b1024_r2000_w1_c5,raw,contention,alltoall4,0,0,1024,2000,1,5,12,1195089,20.564158820,0
bandwidth_pair_s0_d9_b1024_r2000_w4_c0,raw,bandwidth,pair,0,9,1024,2000,4,0,1,171042,11.973667286,0
bandwidth_pair_s0_d7_b128_r2000_w16_c0,raw,bandwidth,pair,0,7,128,2000,16,0,1,127541,2.007197685,0
bandwidth_pair_s9_d18_b8_r2000_w8_c0,raw,bandwidth,pair,9,18,8,2000,8,0,1,130043,0.123036226,0
bandwidth_pair_s0_d8_b4096_r2000_w16_c0,raw,bandwidth,pair,0,8,4096,2000,16,0,1,336543,24.341614593,0
bandwidth_pair_s0_d63_b32_r2000_w2_c0,raw,bandwidth,pair,0,63,32,2000,2,0,1,172042,0.372002186,0
contention_split_far2_s0_d0_b1024_r2000_w4_c5,raw,contention,split_far2,0,0,1024,2000,4,5,2,218042,18.785371626,0
bandwidth_pair_s0_d1_b16_r2000_w2_c0,raw,bandwidth,pair,0,1,16,2000,2,0,1,172042,0.186001093,0
contention_split_near2_s0_d0_b1024_r2000_w1_c15,raw,contention,split_near2,0,0,1024,2000,1,15,2,360042,11.376450525,0
bandwidth_pair_s0_d56_b128_r2000_w4_c0,raw,bandwidth,pair,0,56,128,2000,4,0,1,150042,1.706188934,0
bandwidth_pair_s0_d56_b32_r2000_w2_c0,raw,bandwidth,pair,0,56,32,2000,2,0,1,172043,0.372000023,0
contention_intra2_s0_d0_b64_r2000_w1_c0,raw,contention,intra2,0,0,64,2000,1,0,2,277085,0.923904217,0
bandwidth_pair_s9_d18_b1024_r2000_w1_c0,raw,bandwidth,pair,9,18,1024,2000,1,0,1,310042,6.605556667,0
contention_split_far2_s0_d0_b1024_r2000_w4_c15,raw,contention,split_far2,0,0,1024,2000,4,15,2,218041,18.785457781,0
bandwidth_pair_s1_d2_b4096_r2000_w8_c0,raw,bandwidth,pair,1,2,4096,2000,8,0,1,349542,23.436382466,0
contention_intra2_s0_d0_b1024_r2000_w1_c10,raw,contention,intra2,0,0,1024,2000,1,10,2,360056,11.376008177,0
contention_split_near2_s0_d0_b64_r2000_w4_c15,raw,contention,split_near2,0,0,64,2000,4,15,2,195043,1.312531083,0
contention_alltoall4_s0_d0_b1024_r2000_w1_c15,raw,contention,alltoall4,0,0,1024,2000,1,15,12,1196264,20.543960196,0
bandwidth_pair_s1_d2_b256_r2000_w8_c0,raw,bandwidth,pair,1,2,256,2000,8,0,1,135042,3.791413042,0
bandwidth_pair_s0_d7_b32768_r2000_w2_c0,raw,bandwidth,pair,0,7,32768,2000,2,0,1,2676042,24.489899635,0
bandwidth_pair_s8_d16_b16384_r2000_w1_c0,raw,bandwidth,pair,8,16,16384,2000,1,0,1,1508042,21.728837791,0
bandwidth_pair_s1_d2_b64_r2000_w4_c0,raw,bandwidth,pair,1,2,64,2000,4,0,1,144042,0.888629705,0
bandwidth_pair_s0_d56_b256_r2000_w1_c0,raw,bandwidth,pair,0,56,256,2000,1,0,1,240042,2.132960065,0
bandwidth_pair_s0_d56_b1024_r2000_w8_c0,raw,bandwidth,pair,0,56,1024,2000,8,0,1,147543,13.880699186,0
bandwidth_pair_s0_d56_b32_r2000_w4_c0,raw,bandwidth,pair,0,56,32,2000,4,0,1,144043,0.444311768,0
bandwidth_pair_s0_d1_b256_r2000_w16_c0,raw,bandwidth,pair,0,1,256,2000,16,0,1,127542,4.014363896,0
bandwidth_pair_s9_d18_b65536_r2000_w1_c0,raw,bandwidth,pair,9,18,65536,2000,1,0,1,5350042,24.499246922,0
contention_split_far2_s0_d0_b1024_r2000_w4_c10,raw,contention,split_far2,0,0,1024,2000,4,10,2,218041,18.785457781,0
bandwidth_pair_s0_d8_b256_r2000_w2_c0,raw,bandwidth,pair,0,8,256,2000,2,0,1,180043,2.843765101,0
bandwidth_pair_s0_d7_b4096_r2000_w8_c0,raw,bandwidth,pair,0,7,4096,2000,8,0,1,349543,23.436315418,0
bandwidth_pair_s0_d9_b16_r2000_w8_c0,raw,bandwidth,pair,0,9,16,2000,8,0,1,130043,0.246072453,0
bandwidth_pair_s0_d9_b16384_r2000_w1_c0,raw,bandwidth,pair,0,9,16384,2000,1,0,1,1508042,21.728837791,0
bandwidth_pair_s9_d18_b256_r2000_w2_c0,raw,bandwidth,pair,9,18,256,2000,2,0,1,180042,2.843780896,0
bandwidth_pair_s0_d7_b8_r2000_w16_c0,raw,bandwidth,pair,0,7,8,2000,16,0,1,123042,0.130036898,0
bandwidth_pair_s0_d7_b256_r2000_w16_c0,raw,bandwidth,pair,0,7,256,2000,16,0,1,127543,4.014332421,0
contention_split_side2_s0_d0_b64_r2000_w4_c15,raw,contention,split_side2,0,0,64,2000,4,15,2,195043,1.312531083,0
bandwidth_pair_s0_d63_b1024_r2000_w16_c0,raw,bandwidth,pair,0,63,1024,2000,16,0,1,135792,15.081889949,0
contention_split_far2_s0_d0_b64_r2000_w1_c10,raw,contention,split_far2,0,0,64,2000,1,10,2,276043,0.927391747,0
bandwidth_pair_s1_d2_b16_r2000_w16_c0,raw,bandwidth,pair,1,2,16,2000,16,0,1,123042,0.260073796,0
contention_single_s0_d0_b64_r2000_w4_c15,raw,contention,single,0,0,64,2000,4,15,1,144042,0.888629705,0
contention_ring4_s0_d0_b64_r2000_w1_c15,raw,contention,ring4,0,0,64,2000,1,15,4,377078,1.357809260,0
bandwidth_pair_s0_d8_b16_r2000_w4_c0,raw,bandwidth,pair,0,8,16,2000,4,0,1,144043,0.222155884,0
bandwidth_pair_s9_d18_b16_r2000_w1_c0,raw,bandwidth,pair,9,18,16,2000,1,0,1,228041,0.140325643,0
bandwidth_pair_s0_d63_b8_r2000_w8_c0,raw,bandwidth,pair,0,63,8,2000,8,0,1,130043,0.123036226,0
bandwidth_pair_s0_d56_b64_r2000_w16_c0,raw,bandwidth,pair,0,56,64,2000,16,0,1,123042,1.040295184,0
bandwidth_pair_s0_d63_b4096_r2000_w8_c0,raw,bandwidth,pair,0,63,4096,2000,8,0,1,349543,23.436315418,0
bandwidth_pair_s0_d56_b1024_r2000_w1_c0,raw,bandwidth,pair,0,56,1024,2000,1,0,1,310042,6.605556667,0
bandwidth_pair_s0_d9_b1024_r2000_w2_c0,raw,bandwidth,pair,0,9,1024,2000,2,0,1,216042,9.479638218,0
contention_split_far2_s0_d0_b1024_r2000_w1_c10,raw,contention,split_far2,0,0,1024,2000,1,10,2,360042,11.376450525,0
bandwidth_pair_s0_d8_b8_r2000_w2_c0,raw,bandwidth,pair,0,8,8,2000,2,0,1,172043,0.093000006,0
bandwidth_pair_s1_d2_b32_r2000_w16_c0,raw,bandwidth,pair,1,2,32,2000,16,0,1,123043,0.520143365,0
bandwidth_pair_s0_d63_b256_r2000_w1_c0,raw,bandwidth,pair,0,63,256,2000,1,0,1,240042,2.132960065,0
bandwidth_pair_s0_d7_b64_r2000_w16_c0,raw,bandwidth,pair,0,7,64,2000,16,0,1,123042,1.040295184,0
bandwidth_pair_s0_d8_b16_r2000_w1_c0,raw,bandwidth,pair,0,8,16,2000,1,0,1,228042,0.140325028,0
bandwidth_pair_s0_d63_b128_r2000_w8_c0,raw,bandwidth,pair,0,63,128,2000,8,0,1,135041,1.895720559,0
bandwidth_pair_s0_d63_b128_r2000_w16_c0,raw,bandwidth,pair,0,63,128,2000,16,0,1,127542,2.007181948,0
bandwidth_pair_s9_d18_b32_r2000_w2_c0,raw,bandwidth,pair,9,18,32,2000,2,0,1,172042,0.372002186,0
bandwidth_pair_s0_d9_b4096_r2000_w2_c0,raw,bandwidth,pair,0,9,4096,2000,2,0,1,436042,18.787181051,0
bandwidth_pair_s9_d18_b32_r2000_w8_c0,raw,bandwidth,pair,9,18,32,2000,8,0,1,130043,0.492144906,0
bandwidth_pair_s0_d1_b8_r2000_w8_c0,raw,bandwidth,pair,0,1,8,2000,8,0,1,130042,0.123037173,0
bandwidth_pair_s1_d2_b16384_r2000_w1_c0,raw,bandwidth,pair,1,2,16384,2000,1,0,1,1508042,21.728837791,0
bandwidth_pair_s0_d1_b8_r2000_w16_c0,raw,bandwidth,pair,0,1,8,2000,16,0,1,123043,0.130035841,0
bandwidth_pair_s9_d18_b16384_r2000_w2_c0,raw,bandwidth,pair,9,18,16384,2000,2,0,1,1394043,23.505731172,0
contention_alltoall4_s0_d0_b1024_r2000_w1_c10,raw,contention,alltoall4,0,0,1024,2000,1,10,12,1195089,20.564158820,0
bandwidth_pair_s0_d1_b32_r2000_w2_c0,raw,bandwidth,pair,0,1,32,2000,2,0,1,172043,0.372000023,0
bandwidth_pair_s0_d7_b16384_r2000_w4_c0,raw,bandwidth,pair,0,7,16384,2000,4,0,1,1337042,24.507831467,0
bandwidth_pair_s0_d1_b64_r2000_w2_c0,raw,bandwidth,pair,0,1,64,2000,2,0,1,172041,0.744008696,0
bandwidth_pair_s0_d9_b64_r2000_w16_c0,raw,bandwidth,pair,0,9,64,2000,16,0,1,123042,1.040295184,0
bandwidth_pair_s0_d1_b256_r2000_w2_c0,raw,bandwidth,pair,0,1,256,2000,2,0,1,180042,2.843780896,0
