mode,active_pes,bytes,offset,cycles_per_op,aggregate_bytes_per_cycle,slowdown_to_offset0,host_128B_blocks
get,1,64,0,441.3182,0.145020078,1.0,1
get,1,64,4,441.6396,0.144914541,1.000728272706632,1
get,1,64,64,442.0169,0.144790844,1.0015832113880643,1
get,1,64,124,455.0134,0.140655198,1.0310324840443925,2
get,1,96,0,441.2562,0.217560682,1.0,1
get,1,96,4,441.4732,0.217453744,1.0004917777925841,1
get,1,96,64,454.318,0.211305737,1.0296013971021825,2
get,1,96,124,455.7062,0.210662045,1.0327474152204548,2
get,1,124,0,441.5484,0.280829916,1.0,1
get,1,124,4,441.4866,0.280869227,0.9998600379935699,1
get,1,124,64,454.6387,0.272744049,1.0296463536047236,2
get,1,124,124,455.0356,0.272506151,1.0305452358110685,2
get,1,128,0,441.2923,0.29005718,1.0,1
get,1,128,4,455.5849,0.280957512,1.0323880566236936,2
get,1,128,64,454.7828,0.281453036,1.030570440499415,2
get,1,128,124,455.0648,0.281278622,1.0312094727236345,2
get,1,132,0,455.1341,0.290024413,1.0,2
get,1,132,4,455.0233,0.290095035,0.9997565552657998,2
get,1,132,64,454.732,0.290280869,0.9991165241189356,2
get,1,132,124,455.3348,0.289896577,1.000440968936408,2
get,1,192,0,455.1169,0.421869634,1.0,2
get,1,192,4,454.9642,0.422011226,0.9996644818067623,2
get,1,192,64,454.7937,0.422169436,0.9992898527828784,2
get,1,192,124,467.3434,0.410832805,1.0268645264546317,3
get,1,252,0,454.1476,0.55488568,1.0,2
get,1,252,4,455.2014,0.553601109,1.0023203909918272,2
get,1,252,64,467.2236,0.539356317,1.0287924014131087,3
get,1,252,124,467.3938,0.539159912,1.0291671694400675,3
get,1,256,0,454.7776,0.562912509,1.0,2
get,1,256,4,467.0776,0.548088797,1.02704618697139,3
get,1,256,64,466.9296,0.548262522,1.0267207531769373,3
get,1,256,124,467.9755,0.547037185,1.0290205586203014,3
get,1,260,0,466.8106,0.556971071,1.0,3
get,1,260,4,468.2041,0.555313377,1.0029851507227985,3
get,1,260,64,467.4565,0.556201486,1.0013836446730215,3
get,1,260,124,466.566,0.557263067,0.9994760187536443,3
get,2,64,0,441.6787,0.289803425,1.0,1
get,2,64,4,441.3757,0.290002372,0.999313980954934,1
get,2,64,64,441.1769,0.290133051,0.9988638800105144,1
get,2,64,124,455.7777,0.280838663,1.0319213944435175,2
get,2,96,0,441.1261,0.435249694,1.0,1
get,2,96,4,441.1538,0.435222365,1.0000627938360482,1
get,2,96,64,455.0101,0.421968655,1.0314739934907502,2
get,2,96,124,455.7544,0.421279531,1.0331612661322918,2
get,2,124,0,441.3787,0.561875777,1.0,1
get,2,124,4,441.5779,0.561622309,1.0004513131240815,1
get,2,124,64,455.6217,0.544311213,1.0322693414974489,2
get,2,124,124,455.8024,0.544095424,1.032678740501071,2
get,2,128,0,441.2185,0.580211392,1.0,1
get,2,128,4,455.8401,0.561600438,1.0331391362782838,2
get,2,128,64,455.7524,0.561708507,1.0329403685475564,2
get,2,128,124,456.2579,0.561086175,1.0340860594014076,2
get,2,132,0,455.9191,0.579050099,1.0,2
get,2,132,4,456.4062,0.578432107,1.0010683913001233,2
get,2,132,64,456.0349,0.578903062,1.0002539924297973,2
get,2,132,124,456.692,0.578070122,1.001695256899744,2
get,2,192,0,455.2755,0.843445342,1.0,2
get,2,192,4,457.8344,0.838731209,1.0056205528300997,2
get,2,192,64,456.6498,0.840906971,1.003018611807576,2
get,2,192,124,467.5395,0.821320979,1.0269375356240342,3
get,2,252,0,455.6752,1.106050977,1.0,2
get,2,252,4,456.9807,1.102891216,1.0028649792659332,2
get,2,252,64,468.3725,1.076066592,1.0278648037022862,3
get,2,252,124,467.3754,1.078362276,1.0256766222958809,3
get,2,256,0,456.636,1.121243178,1.0,2
get,2,256,4,466.8906,1.096616638,1.0224568365174886,3
get,2,256,64,467.0463,1.096251057,1.0227978083199747,3
get,2,256,124,467.6466,1.094843841,1.0241124221480566,3
get,2,260,0,468.6419,1.109589219,1.0,3
get,2,260,4,467.5888,1.112088228,0.997752868448169,3
get,2,260,64,467.6641,1.111909167,0.9979135455024402,3
get,2,260,124,467.8462,1.111476378,0.9983021151117729,3
get,4,64,0,536.6309,0.477050427,1.0,1
get,4,64,4,540.3253,0.47378866,1.0068844339750096,1
get,4,64,64,537.4365,0.476335344,1.0015012180625456,1
get,4,64,124,563.6416,0.454189329,1.0503338514423974,2
get,4,96,0,536.4689,0.715791726,1.0,1
get,4,96,4,540.3968,0.71058896,1.007321766462138,1
get,4,96,64,563.2581,0.681747852,1.0499361659175397,2
get,4,96,124,563.4036,0.68157179,1.0502073838763069,2
get,4,124,0,536.4469,0.92460223,1.0,1
get,4,124,4,540.3982,0.917841695,1.007365687079187,1
get,4,124,64,562.7386,0.881403906,1.049010815422738,2
get,4,124,124,563.2109,0.880664774,1.0498912380703478,2
get,4,128,0,536.1111,0.955025927,1.0,1
get,4,128,4,563.6436,0.908375434,1.051355959613595,2
get,4,128,64,562.6672,0.909951744,1.049534695327144,2
get,4,128,124,563.1327,0.909199555,1.05040298550058,2
get,4,132,0,562.3465,0.938922888,1.0,2
get,4,132,4,564.074,0.936047398,1.0030719494119729,2
get,4,132,64,562.7176,0.938303689,1.0006599134163723,2
get,4,132,124,563.2909,0.937348713,1.0016793916206466,2
get,4,192,0,562.4197,1.36552827,1.0,2
get,4,192,4,563.5955,1.362679439,1.00209060955724,2
get,4,192,64,562.5942,1.365104724,1.0003102665144907,2
get,4,192,124,573.5555,1.339016015,1.019799804309842,3
get,4,252,0,562.284,1.792688392,1.0,2
get,4,252,4,563.5577,1.788636727,1.0022652254021098,2
get,4,252,64,572.3005,1.761312457,1.017813951668552,3
get,4,252,124,572.9196,1.759409174,1.018914996692063,3
get,4,256,0,563.0342,1.818717229,1.0,2
get,4,256,4,572.9326,1.787295748,1.0175804595884228,3
get,4,256,64,571.6893,1.791182728,1.0153722455936067,3
get,4,256,124,573.1228,1.786702605,1.0179182721049627,3
get,4,260,0,572.2872,1.817269371,1.0,3
get,4,260,4,572.5217,1.816525033,1.0004097592956824,3
get,4,260,64,572.7814,1.815701418,1.0008635524261245,3
get,4,260,124,573.409,1.81371412,1.0019602045965732,3
get,8,64,0,539.9186,0.948291094,1.0,1
get,8,64,4,542.7798,0.943292289,1.00529931734154,1
get,8,64,64,539.3964,0.949209153,0.9990328171691066,1
get,8,64,124,568.5935,0.900467557,1.0531096724580336,2
get,8,96,0,539.3842,1.423845934,1.0,1
get,8,96,4,542.949,1.414497494,1.0066090182100254,1
get,8,96,64,568.0426,1.352011275,1.0531317009285774,2
get,8,96,124,568.7163,1.350409686,1.0543807178630744,2
get,8,124,0,539.4505,1.838908296,1.0,1
get,8,124,4,543.1581,1.826355899,1.0068729197581612,1
get,8,124,64,568.0579,1.746300861,1.0530306302431827,2
get,8,124,124,568.2402,1.745740622,1.053368566717428,2
get,8,128,0,539.5939,1.897723455,1.0,1
get,8,128,4,568.471,1.801323199,1.0535163573939588,2
get,8,128,64,568.4347,1.80143823,1.053449084580089,2
get,8,128,124,568.2146,1.802136024,1.0530411852320793,2
get,8,132,0,567.9253,1.859399467,1.0,2
get,8,132,4,568.436,1.857728926,1.0008992379807697,2
get,8,132,64,568.6832,1.856921393,1.0013345064923151,2
get,8,132,124,568.4279,1.857755399,1.0008849755416778,2
get,8,192,0,568.3913,2.702363671,1.0,2
get,8,192,4,568.6434,2.701165616,1.000443532474899,2
get,8,192,64,568.0413,2.704028739,0.9993842270281055,2
get,8,192,124,579.699,2.64965094,1.0198942172408338,3
get,8,252,0,568.501,3.546167905,1.0,2
get,8,252,4,568.9569,3.543326393,1.0008019335058338,2
get,8,252,64,577.157,3.492983712,1.0152260066385108,3
get,8,252,124,580.4017,3.473456401,1.0209334724125376,3
get,8,256,0,567.9033,3.606247754,1.0,2
get,8,256,4,579.6665,3.533065996,1.0207133855358828,3
get,8,256,64,577.4072,3.546890305,1.016735067396157,3
get,8,256,124,580.9907,3.525013395,1.0230451205337248,3
get,8,260,0,577.057,3.60449661,1.0,3
get,8,260,4,579.6601,3.58830977,1.0045109928481937,3
get,8,260,64,577.3493,3.602671727,1.0005065357495013,3
get,8,260,124,579.3716,3.590096581,1.0040110422367285,3
get,16,64,0,550.9734,1.858528924,1.0,1
get,16,64,4,550.6891,1.859488412,0.9994840041279671,1
get,16,64,64,550.3256,1.860716638,0.9988242626595042,1
get,16,64,124,580.524,1.763923628,1.0536334421952132,2
get,16,96,0,550.9115,2.78810662,1.0,1
get,16,96,4,550.678,2.78928884,0.9995761569689504,1
get,16,96,64,579.1455,2.65218326,1.0512496108721636,2
get,16,96,124,580.05,2.648047582,1.0528914353757362,2
get,16,124,0,551.0038,3.60070112,1.0,1
get,16,124,4,551.0039,3.600700467,1.0000001814869517,1
get,16,124,64,579.2164,3.425317377,1.0512021877163098,2
get,16,124,124,580.9704,3.414976047,1.0543854688479464,2
get,16,128,0,550.5084,3.720197548,1.0,1
get,16,128,4,580.7336,3.526573975,1.0549041576840608,2
get,16,128,64,579.7821,3.532361554,1.0531757553563215,2
get,16,128,124,580.995,3.524987306,1.0553789914922278,2
get,16,132,0,579.5259,3.644358259,1.0,2
get,16,132,4,580.9292,3.635554901,1.0024214620951368,2
get,16,132,64,579.2806,3.645901485,0.9995767229730372,2
get,16,132,124,580.1281,3.640575245,1.0010391252573871,2
get,16,192,0,579.2189,5.303694337,1.0,2
get,16,192,4,580.0905,5.295725408,1.0015047851511751,2
get,16,192,64,579.2683,5.303242038,1.0000852872722212,2
get,16,192,124,620.0011,4.954829919,1.070408959376153,3
get,16,252,0,579.2895,6.960250445,1.0,2
get,16,252,4,579.9657,6.952135273,1.0011672920016677,2
get,16,252,64,621.2083,6.49057651,1.0723624370888822,3
get,16,252,124,623.0004,6.471905957,1.0754560543562417,3
get,16,256,0,579.5181,7.06794145,1.0,2
get,16,256,4,623.9911,6.564196188,1.0767413476818066,3
get,16,256,64,623.0469,6.574143937,1.0751120629364295,3
get,16,256,124,623.9399,6.564734841,1.076652998413682,3
get,16,260,0,621.1391,6.697372618,1.0,3
get,16,260,4,621.7659,6.69062102,1.0010091137395793,3
get,16,260,64,621.9951,6.688155582,1.0013781132116784,3
get,16,260,124,624.9264,6.656783903,1.0060973459890064,3
get,32,64,0,599.6768,3.415172973,1.0,1
get,32,64,4,599.0787,3.418582567,0.9990026294163791,1
get,32,64,64,599.1699,3.418062222,0.9991547113378407,1
get,32,64,124,810.7245,2.526135574,1.3519357427200787,2
get,32,96,0,598.8043,5.130223681,1.0,1
get,32,96,4,600.7102,5.113946792,1.0031828428753768,1
get,32,96,64,810.7424,3.789119701,1.353935501131171,2
get,32,96,124,813.1507,3.777897504,1.3579573493376718,2
get,32,124,0,599.2466,6.621647916,1.0,1
get,32,124,4,598.9057,6.62541699,0.9994311190084351,1
get,32,124,64,809.8282,4.899804675,1.3514105878948668,2
get,32,124,124,805.1208,4.928452973,1.3435550573002835,2
get,32,128,0,600.658,6.81918829,1.0,1
get,32,128,4,805.6562,5.084054464,1.3412893859733825,2
get,32,128,64,807.9649,5.069527154,1.3451330041387943,2
get,32,128,124,806.075,5.08141302,1.3419866213385987,2
get,32,132,0,808.7136,5.223109887,1.0,2
get,32,132,4,806.31,5.238679912,0.9970278724136702,2
get,32,132,64,806.2003,5.239392741,0.9968922248865357,2
get,32,132,124,811.1957,5.207128194,1.0030691953245252,2
get,32,192,0,809.1771,7.592899008,1.0,2
get,32,192,4,807.8128,7.605722514,0.998313966126822,2
get,32,192,64,811.0875,7.575015026,1.0023609170353436,2
get,32,192,124,1074.0199,5.720564396,1.3272989312228436,3
get,32,252,0,807.4359,9.987170499,1.0,2
get,32,252,4,804.4644,10.024060729,0.9963198317042876,2
get,32,252,64,1074.369,7.50580108,1.3305935492836025,3
get,32,252,124,1073.1632,7.514234554,1.3291001799647502,3
get,32,256,0,807.9404,10.139361765,1.0,2
get,32,256,4,1076.3891,7.610630765,1.3322629986073231,3
get,32,256,64,1074.5377,7.623743681,1.3299714929467572,3
get,32,256,124,1074.1993,7.626145353,1.3295526501707304,3
get,32,260,0,1073.3899,7.751144295,1.0,3
get,32,260,4,1076.5238,7.728579712,1.002919628738821,3
get,32,260,64,1071.4116,7.765456338,0.9981569604856539,3
get,32,260,124,1075.5046,7.735903687,1.0019701135626486,3
get,64,64,0,1142.7018,3.584487221,1.0,1
get,64,64,4,1141.4296,3.588482373,0.9988866736711186,1
get,64,64,64,1140.6002,3.591091778,0.9981608500135382,1
get,64,64,124,1588.2614,2.578920573,1.389917649556516,2
get,64,96,0,1140.8895,5.385271755,1.0,1
get,64,96,4,1142.6909,5.37678212,1.0015789434471962,1
get,64,96,64,1587.0708,3.871282869,1.391081958419286,2
get,64,96,124,1586.8051,3.87193109,1.3908490699581335,2
get,64,124,0,1142.2734,6.947548634,1.0,1
get,64,124,4,1141.1803,6.954203468,0.9990430487132065,1
get,64,124,64,1586.6157,5.001841341,1.3889982030571666,2
get,64,124,124,1584.6447,5.008062691,1.3872726967116629,2
get,64,128,0,1140.8886,7.180368004,1.0,1
get,64,128,4,1584.3279,5.170646809,1.3886788771489171,2
get,64,128,64,1585.7878,5.165886634,1.3899584937565332,2
get,64,128,124,1587.4447,5.160494725,1.3914107827880828,2
get,64,132,0,1585.291,5.328990072,1.0,2
get,64,132,4,1587.1496,5.322749664,1.0011724030477684,2
get,64,132,64,1586.0594,5.32640833,1.0004847059625017,2
get,64,132,124,1586.1639,5.326057414,1.0005506244594842,2
get,64,192,0,1583.3663,7.76068052,1.0,2
get,64,192,4,1584.052,7.757321098,1.0004330646673483,2
get,64,192,64,1585.2782,7.751320872,1.0012074906482473,2
get,64,192,124,2007.5584,6.120868016,1.2679052219312739,3
get,64,252,0,1584.9533,10.175694136,1.0,2
get,64,252,4,1585.4602,10.172440784,1.0003198201486443,2
get,64,252,64,2005.8716,8.040395008,1.2655714209371343,3
get,64,252,124,2001.8876,8.056396373,1.2630577822072109,3
get,64,256,0,1588.0982,10.316742378,1.0,2
get,64,256,4,2002.5217,8.181684124,1.2609558401363343,3
get,64,256,64,2007.5118,8.161346798,1.2640980261799932,3
get,64,256,124,2004.2602,8.174587312,1.2620505457408113,3
get,64,260,0,2006.9612,8.291141852,1.0,3
get,64,260,4,2006.7855,8.291867766,0.9999124547101359,3
get,64,260,64,2003.4243,8.30577926,0.9982376839173572,3
get,64,260,124,2003.4701,8.305589387,0.9982605044880788,3
put,1,64,0,240.0348,0.266628006,1.0,1
put,1,64,4,368.3415,0.173751804,1.534533742607322,1
put,1,64,64,240.0408,0.266621341,1.0000249963755254,1
put,1,64,124,240.0985,0.266557267,1.0002653781868296,2
put,1,96,0,245.7317,0.390669987,1.0,1
put,1,96,4,367.247,0.26140445,1.4945039650968923,1
put,1,96,64,246.5281,0.389407942,1.0032409330989855,2
put,1,96,124,388.4011,0.247167168,1.5805901314319641,2
put,1,124,0,365.7699,0.339010946,1.0,1
put,1,124,4,367.8001,0.337139658,1.0055504840611542,1
put,1,124,64,246.5001,0.503042392,0.6739212275258297,2
put,1,124,124,248.5964,0.498800465,0.6796524262931422,2
put,1,128,0,240.9985,0.531123638,1.0,1
put,1,128,4,385.335,0.332178494,1.598910366662033,2
put,1,128,64,246.5027,0.519264089,1.0228391463017406,2
put,1,128,124,388.9602,0.329082513,1.613952783938489,2
put,1,132,0,251.8906,0.524037022,1.0,2
put,1,132,4,389.5517,0.338851043,1.5465114617218745,2
put,1,132,64,393.7306,0.335254613,1.563101600456706,2
put,1,132,124,248.8726,0.530391855,0.9880186080782689,2
put,1,192,0,251.9625,0.762018157,1.0,2
put,1,192,4,452.6472,0.424171408,1.7964863819020687,2
put,1,192,64,246.7933,0.777978981,0.9794842486481122,2
put,1,192,124,253.7557,0.75663325,1.0071169320831472,3
put,1,252,0,371.0834,0.679092624,1.0,2
put,1,252,4,370.2901,0.680547495,0.997862205638948,2
put,1,252,64,253.5665,0.993822133,0.6833140474621069,3
put,1,252,124,260.5331,0.96724754,0.702087724754058,3
put,1,256,0,252.153,1.01525661,1.0,2
put,1,256,4,371.844,0.688460752,1.474676089517079,3
put,1,256,64,254.0247,1.007776015,1.0074228742073266,3
put,1,256,124,382.1969,0.669811817,1.515734097948468,3
put,1,260,0,253.845,1.02424708,1.0,3
put,1,260,4,372.6768,0.697655448,1.4681274005790936,3
put,1,260,64,384.1554,0.676809437,1.5133463333924244,3
put,1,260,124,260.4925,0.998109351,1.0261872402450314,3
put,2,64,0,240.1285,0.533047931,1.0,1
put,2,64,4,366.1607,0.349573288,1.5248531515417787,1
put,2,64,64,240.0549,0.533211361,0.9996934974399124,1
put,2,64,124,293.8825,0.435548221,1.2238551442248629,2
put,2,96,0,245.9881,0.780525562,1.0,1
put,2,96,4,367.9062,0.521872151,1.4956260079247736,1
put,2,96,64,288.0586,0.666531046,1.1710265659192458,2
put,2,96,124,418.0735,0.45924939,1.6995679872319027,2
put,2,124,0,366.7892,0.676137683,1.0,1
put,2,124,4,366.7429,0.676223043,0.9998737694566798,1
put,2,124,64,291.0145,0.852191214,0.793410765638683,2
put,2,124,124,287.1662,0.863611386,0.7829189081903175,2
put,2,128,0,244.317,1.047819022,1.0,1
put,2,128,4,419.9309,0.609624107,1.7187952537072737,2
put,2,128,64,287.1837,0.891415495,1.175455248713761,2
put,2,128,124,417.2833,0.613492081,1.7079585129155972,2
put,2,132,0,253.187,1.042707564,1.0,2
put,2,132,4,438.2241,0.602431496,1.7308317567647629,2
put,2,132,64,417.5138,0.632314429,1.6490333231958987,2
put,2,132,124,249.6757,1.057371622,0.9861315944341534,2
put,2,192,0,253.477,1.514930349,1.0,2
put,2,192,4,489.6846,0.784178224,1.9318699526978778,2
put,2,192,64,247.6298,1.550701895,0.9769320293359949,2
put,2,192,124,260.9891,1.471325814,1.0296362194597537,3
put,2,252,0,384.8321,1.309662058,1.0,2
put,2,252,4,384.9136,1.309384755,1.0002117806700634,2
put,2,252,64,254.4261,1.980928843,0.6611353366831925,3
put,2,252,124,260.9853,1.931143248,0.6781796528927809,3
put,2,256,0,253.2258,2.02191088,1.0,2
put,2,256,4,381.2175,1.34306531,1.5054449428138839,3
put,2,256,64,254.4014,2.012567541,1.0046424969335668,3
put,2,256,124,384.6012,1.331249096,1.518807325319932,3
put,2,260,0,260.9196,1.992951085,1.0,3
put,2,260,4,380.866,1.365309584,1.4597063616531682,3
put,2,260,64,386.1129,1.34675635,1.4798156213638225,3
put,2,260,124,260.8173,1.993732778,0.9996079251999466,3
put,4,64,0,372.6867,0.68690404,1.0,1
put,4,64,4,793.9574,0.322435435,2.130361507400184,1
put,4,64,64,373.1607,0.686031514,1.0012718457621377,1
put,4,64,124,643.5987,0.397763389,1.7269162006586232,2
put,4,96,0,372.4956,1.03088466,1.0,1
put,4,96,4,799.8751,0.480074952,2.1473410692636365,1
put,4,96,64,641.1758,0.598899709,1.7212976475426822,2
put,4,96,124,965.0924,0.397889363,2.5908826842518407,2
put,4,124,0,797.1552,0.622212588,1.0,1
put,4,124,4,860.703,0.576273116,1.0797182280188349,1
put,4,124,64,641.7956,0.772831724,0.8051074621353533,2
put,4,124,124,641.4425,0.773257151,0.8046645120046886,2
put,4,128,0,246.9395,2.073382347,1.0,1
put,4,128,4,1005.6062,0.509145628,4.072277622656562,2
put,4,128,64,642.3223,0.79710762,2.601132261140887,2
put,4,128,124,970.1163,0.527771773,3.9285586145594364,2
put,4,132,0,346.2822,1.524767949,1.0,2
put,4,132,4,1015.5945,0.519892536,2.9328521650838537,2
put,4,132,64,967.8325,0.545548946,2.7949241976630623,2
put,4,132,124,410.4933,1.286257291,1.1854299758982703,2
put,4,192,0,338.6283,2.267973468,1.0,2
put,4,192,4,1302.1557,0.589791221,3.8453835665831826,2
put,4,192,64,411.6715,1.865565141,1.2157031766098698,2
put,4,192,124,537.7075,1.428285825,1.5878988850016373,3
put,4,252,0,769.2706,1.310332151,1.0,2
put,4,252,4,904.621,1.114278797,1.1759464094949164,2
put,4,252,64,546.0545,1.845969587,0.7098340947905717,3
put,4,252,124,540.1746,1.866063306,0.7021906205696671,3
put,4,256,0,254.0686,4.030407536,1.0,2
put,4,256,4,866.5483,1.181699854,3.410686326448841,3
put,4,256,64,541.7246,1.890259368,2.1321981543567365,3
put,4,256,124,754.1949,1.357739226,2.9684695393291416,3
put,4,260,0,264.9173,3.925753433,1.0,3
put,4,260,4,857.6999,1.21254532,3.237613776072759,3
put,4,260,64,751.6023,1.383710508,2.837120490054821,3
put,4,260,124,455.3378,2.28401859,1.7187922419562633,3
put,8,64,0,401.3283,1.275763508,1.0,1
put,8,64,4,800.9376,0.639250798,1.995716723689807,1
put,8,64,64,398.4114,1.28510379,0.992731885590924,1
put,8,64,124,754.8294,0.678298964,1.8808277412781504,2
put,8,96,0,399.6888,1.921494923,1.0,1
put,8,96,4,802.3877,0.957143286,2.0075311092029597,1
put,8,96,64,754.5961,1.017763013,1.887959082165925,2
put,8,96,124,1055.7236,0.727463135,2.641363981177356,2
put,8,124,0,801.1522,1.238216658,1.0,1
put,8,124,4,803.8016,1.234135389,1.0033069871118123,1
put,8,124,64,750.2814,1.322170588,0.9365029516239236,2
put,8,124,124,753.6611,1.316241478,0.9407215008583888,2
put,8,128,0,247.4095,4.138887149,1.0,1
put,8,128,4,1040.5426,0.984101948,4.205750385494494,2
put,8,128,64,757.5283,1.35176468,3.06183998593425,2
put,8,128,124,1054.9274,0.970682911,4.263892049416049,2
put,8,132,0,492.41,2.144554335,1.0,2
put,8,132,4,1045.7104,1.009839818,2.123657927336975,2
put,8,132,64,1055.2517,1.00070912,2.143034666233423,2
put,8,132,124,508.6502,2.076082935,1.0329810523750533,2
put,8,192,0,494.2906,3.107483735,1.0,2
put,8,192,4,1387.0804,1.107361909,2.806204285495213,2
put,8,192,64,497.7829,3.085682533,1.0070652769848345,2
put,8,192,124,848.3076,1.810663962,1.7162122848381094,3
put,8,252,0,865.9787,2.328001832,1.0,2
put,8,252,4,900.5424,2.23865084,1.039912875455251,2
put,8,252,64,849.3985,2.373444267,0.980853801600432,3
put,8,252,124,844.7634,2.386467027,0.9755013604838088,3
put,8,256,0,254.4488,8.048770519,1.0,2
put,8,256,4,1200.8729,1.705426111,4.719507028525975,3
put,8,256,64,840.8995,2.435487237,3.30478862545235,3
put,8,256,124,1250.8736,1.637255755,4.9160129660662575,3
put,8,260,0,548.3596,3.793131369,1.0,3
put,8,260,4,1208.0283,1.721813967,2.2029855955836277,3
put,8,260,64,1256.3905,1.655536237,2.2911799118680514,3
put,8,260,124,567.6659,3.664127086,1.0352073712213663,3
put,16,64,0,771.238,1.327735407,1.0,1
put,16,64,4,1468.8398,0.697148865,1.904522080084228,1
put,16,64,64,776.4828,1.318767138,1.0068004947888978,1
put,16,64,124,1034.1982,0.990139028,1.3409585627264216,2
put,16,96,0,776.26,1.978718471,1.0,1
put,16,96,4,1469.3141,1.045385735,1.8928118156287843,1
put,16,96,64,1037.922,1.479879991,1.3370803596733054,2
put,16,96,124,1557.819,0.98599388,2.0068263210779893,2
put,16,124,0,1474.5585,1.34548748,1.0,1
put,16,124,4,1452.5592,1.365865157,0.9850807546801296,1
put,16,124,64,1033.3373,1.91999263,0.7007774191393559,2
put,16,124,124,1035.6196,1.915761347,0.7023252044595043,2
put,16,128,0,247.2992,8.281466337,1.0,1
put,16,128,4,1628.3353,1.257726219,6.584474595955021,2
put,16,128,64,1035.7728,1.977267602,4.188338660214024,2
put,16,128,124,1556.5066,1.315766987,6.29402197823527,2
put,16,132,0,751.0463,2.812076965,1.0,2
put,16,132,4,1613.1707,1.309222886,2.147897806034062,2
put,16,132,64,1556.3066,1.357059078,2.0721846309608343,2
put,16,132,124,786.6176,2.684913228,1.0473623263971876,2
put,16,192,0,751.2207,4.089344183,1.0,2
put,16,192,4,1966.1536,1.56244151,2.6172782512515966,2
put,16,192,64,786.7554,3.904644315,1.0473026102715222,2
put,16,192,124,1227.8283,2.501978493,1.6344441786548214,3
put,16,252,0,1393.6531,2.893115941,1.0,2
put,16,252,4,1450.0239,2.780643822,1.0404482291898896,2
put,16,252,64,1244.7964,3.239083918,0.8931895605872078,3
put,16,252,124,1219.1162,3.307313938,0.8747630238830595,3
put,16,256,0,256.3393,15.978821819,1.0,2
put,16,256,4,1861.9923,2.199794274,7.263780075860393,3
put,16,256,64,1228.8554,3.333183058,4.793862665615456,3
put,16,256,124,1708.4817,2.397450321,6.664923014145705,3
put,16,260,0,924.9367,4.497605079,1.0,3
put,16,260,4,1871.8229,2.222432475,2.0237308131464564,3
put,16,260,64,1703.2964,2.442323016,1.8415275337220374,3
put,16,260,124,949.9281,4.379278811,1.0270195787452265,3
put,32,64,0,934.1753,2.192308018,1.0,1
put,32,64,4,1770.3587,1.15682771,1.8951033066277818,1
put,32,64,64,925.5398,2.212762757,0.9907560176339495,1
put,32,64,124,1690.579,1.211419283,1.8097020976683926,2
put,32,96,0,931.3096,3.298580837,1.0,1
put,32,96,4,1773.7415,1.73193219,1.904566966774529,1
put,32,96,64,1685.3075,1.822812751,1.8096103594336403,2
put,32,96,124,2415.7635,1.271647659,2.593942444059419,2
put,32,124,0,1773.1193,2.237864085,1.0,1
put,32,124,4,1772.3255,2.238866393,0.9995523143874188,1
put,32,124,64,1685.2629,2.35452878,0.9504509369448518,2
put,32,124,124,1689.3477,2.348835589,0.952754673642095,2
put,32,128,0,261.2685,15.677358732,1.0,1
put,32,128,4,2490.9085,1.644379952,9.533902862381037,2
put,32,128,64,1684.9307,2.430960514,6.449038824044995,2
put,32,128,124,2412.9972,1.697473996,9.235698907445787,2
put,32,132,0,1132.4139,3.73008491,1.0,2
put,32,132,4,2491.231,1.695547302,2.1999297253415913,2
put,32,132,64,2407.6846,1.754382613,2.1261524606859736,2
put,32,132,124,1155.5195,3.655498674,1.0204038470386139,2
put,32,192,0,1136.0536,5.408195529,1.0,2
put,32,192,4,3239.9959,1.896298696,2.8519745019073044,2
put,32,192,64,1155.4617,5.317354959,1.0170837890043216,2
put,32,192,124,2144.9378,2.864418726,1.8880603872915858,3
put,32,252,0,1904.3256,4.234569971,1.0,2
put,32,252,4,1983.2338,4.066086409,1.041436296398053,2
put,32,252,64,2121.9266,3.800319955,1.114266698930057,3
put,32,252,124,2125.2683,3.79434446,1.1160214933832746,3
put,32,256,0,436.3507,18.773889901,1.0,2
put,32,256,4,2853.097,2.871265856,6.538541132167314,3
put,32,256,64,2130.3548,3.845368856,4.8822078204526775,3
put,32,256,124,2957.9714,2.769465587,6.7788854240408,3
put,32,260,0,1656.2005,5.023546364,1.0,3
put,32,260,4,2862.5224,2.906527474,1.7283670666685584,3
put,32,260,64,2959.0492,2.811713979,1.7866491406082778,3
put,32,260,124,1534.9866,5.420242757,0.9268120617038819,3
put,64,64,0,1916.8153,2.136877768,1.0,1
put,64,64,4,3578.5988,1.144582064,1.8669502481537998,1
put,64,64,64,1913.4842,2.140597764,0.9982621695475824,1
put,64,64,124,3498.341,1.170840693,1.8250798603287441,2
put,64,96,0,1917.4902,3.204188475,1.0,1
put,64,96,4,3571.8594,1.720112499,1.862778438189671,1
put,64,96,64,3503.4908,1.753679502,1.8271231842540838,2
put,64,96,124,5014.1521,1.225331796,2.6149557896045574,2
put,64,124,0,3577.0936,2.218560901,1.0,1
put,64,124,4,3573.9817,2.220492623,0.999130047924941,1
put,64,124,64,3504.0531,2.264805862,0.9795810487038975,2
put,64,124,124,3492.6551,2.272196874,0.9763946629744326,2
put,64,128,0,439.4158,18.642934551,1.0,1
put,64,128,4,5179.9189,1.581491942,11.788194461828637,2
put,64,128,64,3502.3598,2.338994412,7.970491275006498,2
put,64,128,124,5008.2731,1.635693549,11.397571730465769,2
put,64,132,0,2735.0833,3.088754189,1.0,2
put,64,132,4,5166.3829,1.635186583,1.88893073201829,2
put,64,132,64,5027.8604,1.680237582,1.838284194123082,2
put,64,132,124,2684.061,3.14746945,0.9813452482416167,2
put,64,192,0,2716.4566,4.523539967,1.0,2
put,64,192,4,6690.8574,1.836535927,2.463082752730156,2
put,64,192,64,2694.5884,4.560251206,0.9919497333401167,2
put,64,192,124,4582.5987,2.681447974,1.6869765929630534,3
put,64,252,0,4279.2604,3.768875575,1.0,2
put,64,252,4,4376.8373,3.68485253,1.0228022814409705,2
put,64,252,64,4602.3007,3.504334256,1.0754897505185708,3
put,64,252,124,4589.9294,3.513779537,1.0725987602904463,3
put,64,256,0,885.3758,18.505136463,1.0,2
put,64,256,4,6060.1201,2.703576782,6.844686855005524,3
put,64,256,64,4590.0427,3.569465705,5.184287508197084,3
put,64,256,124,6222.3331,2.633095936,7.027900581877209,3
put,64,260,0,3521.8985,4.724724463,1.0,3
put,64,260,4,6057.3014,2.747097907,1.7198966409736114,3
put,64,260,64,6169.3976,2.69718392,1.7517249858279562,3
put,64,260,124,3493.3783,4.763297465,0.9919020380627097,3
iget,1,64,0,441.4567,0.144974581,1.0,1
iget,1,64,4,441.4673,0.1449711,1.0000240114149361,1
iget,1,64,64,441.8627,0.144841373,1.0009196824966073,1
iget,1,64,124,454.9659,0.140669883,1.0306014157220855,2
iget,1,96,0,441.3121,0.217533125,1.0,1
iget,1,96,4,441.0413,0.21766669,0.9993863753112593,1
iget,1,96,64,454.4954,0.21122326,1.0298729629212524,2
iget,1,96,124,455.212,0.21089075,1.031496757056967,2
iget,1,124,0,440.9683,0.281199352,1.0,1
iget,1,124,4,441.2174,0.281040594,1.0005648932134124,1
iget,1,124,64,454.592,0.272772068,1.030894964558677,2
iget,1,124,124,455.3202,0.27233582,1.0325463304278335,2
iget,1,128,0,440.8857,0.290324681,1.0,1
iget,1,128,4,454.6506,0.281534875,1.0312210171479819,2
iget,1,128,64,454.1744,0.281830064,1.0301409186099708,2
iget,1,128,124,454.3376,0.281728829,1.0305110825776387,2
iget,1,132,0,454.2208,0.290607564,1.0,2
iget,1,132,4,454.523,0.290414346,1.0006653151947247,2
iget,1,132,64,454.0104,0.290742239,0.999536789156287,2
iget,1,132,124,454.288,0.290564576,1.0001479456687143,2
iget,1,192,0,454.4346,0.42250304,1.0,2
iget,1,192,4,454.511,0.42243202,1.00016812100135,2
iget,1,192,64,454.3185,0.42261101,0.9997445176929749,2
iget,1,192,124,467.1164,0.411032454,1.0279067659020682,3
iget,1,252,0,454.6573,0.554263618,1.0,2
iget,1,252,4,454.6772,0.554239359,1.0000437692301432,2
iget,1,252,64,467.0947,0.539505158,1.0273555488936392,3
iget,1,252,124,467.1652,0.539423741,1.0275106107391216,3
iget,1,256,0,454.8653,0.562803977,1.0,2
iget,1,256,4,467.3577,0.547760313,1.0274639547136262,3
iget,1,256,64,467.4357,0.547668909,1.027635434050476,3
iget,1,256,124,467.7347,0.547318811,1.0282927715084003,3
iget,1,260,0,467.7246,0.555882671,1.0,3
iget,1,260,4,467.0684,0.556663649,0.9985970376584853,3
iget,1,260,64,466.7732,0.557015698,0.9979658970257284,3
iget,1,260,124,466.9827,0.556765807,0.9984138101780407,3
iget,2,64,0,440.8338,0.290358861,1.0,1
iget,2,64,4,441.3122,0.2900441,1.0010852162424932,1
iget,2,64,64,441.6599,0.289815761,1.0018739488668973,1
iget,2,64,124,455.7691,0.280843962,1.0338796616774848,2
iget,2,96,0,441.1321,0.435243774,1.0,1
iget,2,96,4,441.6236,0.434759374,1.0011141787233349,1
iget,2,96,64,455.8253,0.421214005,1.0333079365568727,2
iget,2,96,124,454.7002,0.422256247,1.0307574533796113,2
iget,2,124,0,440.9421,0.56243212,1.0,1
iget,2,124,4,441.2524,0.562036603,1.000703720511151,1
iget,2,124,64,454.7468,0.545358428,1.031307285015425,2
iget,2,124,124,455.1725,0.544848382,1.0322727178919864,2
iget,2,128,0,440.8444,0.580703759,1.0,1
iget,2,128,4,455.0307,0.562599403,1.0321798348805158,2
iget,2,128,64,454.7815,0.562907682,1.0316145560655867,2
iget,2,128,124,455.0293,0.562601134,1.0321766591568362,2
iget,2,132,0,455.7056,0.579321386,1.0,2
iget,2,132,4,454.7583,0.580528162,0.997921245646312,2
iget,2,132,64,454.8345,0.580430904,0.9980884588646705,2
iget,2,132,124,454.7883,0.580489867,0.9979870776220436,2
iget,2,192,0,455.0136,0.843930819,1.0,2
iget,2,192,4,455.1001,0.843770414,1.0001901042078742,2
iget,2,192,64,455.2562,0.843481099,1.0005331708766507,2
iget,2,192,124,467.9336,0.820629252,1.0283947556732371,3
iget,2,252,0,455.0793,1.107499286,1.0,2
iget,2,252,4,455.4574,1.106579891,1.000830844206713,2
iget,2,252,64,467.6911,1.077634362,1.0277134117064872,3
iget,2,252,124,468.037,1.076837942,1.0284734990143476,3
iget,2,256,0,456.1991,1.122316988,1.0,2
iget,2,256,4,467.5701,1.095022971,1.0249255204580632,3
iget,2,256,64,467.8889,1.094276868,1.0256243381453405,3
iget,2,256,124,468.0186,1.093973616,1.0259086438355534,3
iget,2,260,0,468.1112,1.110847166,1.0,3
iget,2,260,4,468.4732,1.109988789,1.0007733205272593,3
iget,2,260,64,468.196,1.110645969,1.0001811535378773,3
iget,2,260,124,467.4846,1.112336107,0.9986614291646942,3
iget,4,64,0,536.5793,0.477096302,1.0,1
iget,4,64,4,537.8102,0.47600436,1.0022939759323553,1
iget,4,64,64,537.4377,0.47633428,1.001599763539145,1
iget,4,64,124,561.1774,0.456183731,1.0458424318642185,2
iget,4,96,0,536.8766,0.715248159,1.0,1
iget,4,96,4,537.5229,0.714388168,1.0012038148058604,1
iget,4,96,64,555.3747,0.691425087,1.0344550311933876,2
iget,4,96,124,561.2798,0.684150757,1.0454540205328375,2
iget,4,124,0,536.8229,0.923954623,1.0,1
iget,4,124,4,538.074,0.921806294,1.002330563766933,1
iget,4,124,64,555.302,0.89320766,1.0344230844101472,2
iget,4,124,124,561.329,0.883617273,1.0456502507624021,2
iget,4,128,0,537.1363,0.953203126,1.0,1
iget,4,128,4,561.6058,0.911671496,1.0455554763288202,2
iget,4,128,64,555.6941,0.921370229,1.0345495175060782,2
iget,4,128,124,561.3682,0.912057363,1.045113130503375,2
iget,4,132,0,555.8187,0.949950047,1.0,2
iget,4,132,4,561.1284,0.940961106,1.0095529351567336,2
iget,4,132,64,555.4536,0.950574449,0.9993431311325078,2
iget,4,132,124,561.0108,0.941158352,1.0093413553736137,2
iget,4,192,0,555.7567,1.381899669,1.0,2
iget,4,192,4,561.2116,1.368467794,1.0098152662846889,2
iget,4,192,64,555.4016,1.382783197,0.9993610513377527,2
iget,4,192,124,575.0809,1.33546428,1.034770970822304,3
iget,4,252,0,555.4568,1.814722585,1.0,2
iget,4,252,4,561.3551,1.795654836,1.0106188276027945,2
iget,4,252,64,571.0812,1.765072988,1.028128920196854,3
iget,4,252,124,575.0288,1.752955678,1.0352358635271006,3
iget,4,256,0,555.1797,1.844447843,1.0,2
iget,4,256,4,574.7802,1.781550582,1.0353047850993111,3
iget,4,256,64,569.9385,1.796685081,1.0265838250209796,3
iget,4,256,124,575.6502,1.778858063,1.0368718452782046,3
iget,4,260,0,570.7736,1.822088478,1.0,3
iget,4,260,4,575.1064,1.808361027,1.0075911009198744,3
iget,4,260,64,570.0452,1.82441673,0.9987238372622701,3
iget,4,260,124,575.0699,1.808475804,1.0075271526223357,3
iget,8,64,0,539.5462,0.948945614,1.0,1
iget,8,64,4,541.0704,0.946272426,1.0028249666108295,1
iget,8,64,64,539.6156,0.94882357,1.0001286266125125,1
iget,8,64,124,567.7357,0.901828087,1.0522466843432499,2
iget,8,96,0,539.6871,1.423046799,1.0,1
iget,8,96,4,541.4992,1.418284644,1.0033576863334328,1
iget,8,96,64,562.2576,1.365921955,1.0418214554322311,2
iget,8,96,124,567.7418,1.352727596,1.0519832695649016,2
iget,8,124,0,540.2288,1.836259007,1.0,1
iget,8,124,4,540.4773,1.835414734,1.0004599902855975,1
iget,8,124,64,562.3132,1.764141407,1.0408797161498982,2
iget,8,124,124,567.8581,1.746915295,1.0511437005950073,2
iget,8,128,0,539.7938,1.897020677,1.0,1
iget,8,128,4,567.4923,1.804429769,1.0513131125255606,2
iget,8,128,64,562.998,1.81883417,1.0429871554656611,2
iget,8,128,124,567.5309,1.804307043,1.0513846213128049,2
iget,8,132,0,563.5088,1.873972509,1.0,2
iget,8,132,4,567.4064,1.86109991,1.0069166621710255,2
iget,8,132,64,562.8078,1.876306618,0.9987560087792774,2
iget,8,132,124,567.5822,1.860523463,1.007228636003555,2
iget,8,192,0,563.2994,2.726791472,1.0,2
iget,8,192,4,567.7325,2.705499509,1.0078698823396581,2
iget,8,192,64,563.0594,2.727953747,0.9995739388325284,2
iget,8,192,124,579.0868,2.652452102,1.0280266586472488,3
iget,8,252,0,562.5164,3.58389551,1.0,2
iget,8,252,4,567.5133,3.552339654,1.0088831187855145,2
iget,8,252,64,574.4412,3.509497578,1.0211990263750532,3
iget,8,252,124,579.0983,3.48127425,1.0294780738837126,3
iget,8,256,0,562.5097,3.640826105,1.0,2
iget,8,256,4,579.0042,3.53710733,1.0293230498958508,3
iget,8,256,64,575.6434,3.557758154,1.023348397369859,3
iget,8,256,124,579.3813,3.534805145,1.0299934383353746,3
iget,8,260,0,575.7833,3.612470178,1.0,3
iget,8,260,4,578.9262,3.592858641,1.005458477173617,3
iget,8,260,64,575.1422,3.616496929,0.9988865602736307,3
iget,8,260,124,578.6774,3.594403376,1.0050263701639142,3
iget,16,64,0,549.0475,1.865048106,1.0,1
iget,16,64,4,549.9338,1.862042304,1.0016142501331853,1
iget,16,64,64,548.7197,1.866162268,0.9994029660457429,1
iget,16,64,124,578.7933,1.769198089,1.0541770976099518,2
iget,16,96,0,549.2425,2.796578925,1.0,1
iget,16,96,4,550.176,2.791833886,1.0016996135586742,1
iget,16,96,64,578.3582,2.65579359,1.0530106464812903,2
iget,16,96,124,579.1057,2.652365535,1.0543716118108122,2
iget,16,124,0,549.0506,3.613510303,1.0,1
iget,16,124,4,550.0415,3.607000563,1.0018047516931956,1
iget,16,124,64,577.7696,3.433894757,1.0523066544322144,2
iget,16,124,124,579.0837,3.426102306,1.0547000586102628,2
iget,16,128,0,548.7492,3.732123892,1.0,1
iget,16,128,4,579.0125,3.537056627,1.0551496020404223,2
iget,16,128,64,577.744,3.54482262,1.0528379813583328,2
iget,16,128,124,578.601,3.539572175,1.054399714842409,2
iget,16,132,0,578.2373,3.6524797,1.0,2
iget,16,132,4,578.6463,3.649898047,1.0007073220631044,2
iget,16,132,64,577.6506,3.656189399,0.9989853646591115,2
iget,16,132,124,578.5516,3.650495479,1.000543548470498,2
iget,16,192,0,578.545,5.309872179,1.0,2
iget,16,192,4,579.2287,5.303604604,1.0011817576852278,2
iget,16,192,64,578.1152,5.313819806,0.9992571018676162,2
iget,16,192,124,622.7682,4.932814489,1.076438652135962,3
iget,16,252,0,577.7443,6.97886591,1.0,2
iget,16,252,4,579.3589,6.959416693,1.0027946619291614,2
iget,16,252,64,616.5004,6.540141742,1.0670817522561453,3
iget,16,252,124,619.8347,6.504960113,1.0728529905011612,3
iget,16,256,0,577.5357,7.092202266,1.0,2
iget,16,256,4,616.4549,6.6444439,1.0673883882849147,3
iget,16,256,64,622.0204,6.584993032,1.0770250220029687,3
iget,16,256,124,622.2591,6.582467014,1.0774383297863663,3
iget,16,260,0,622.1349,6.686652686,1.0,3
iget,16,260,4,619.5813,6.714211678,0.9958954239667314,3
iget,16,260,64,621.5865,6.692552042,0.9991185191507501,3
iget,16,260,124,620.712,6.701980951,0.9977128754551464,3
iget,32,64,0,601.3236,3.405820094,1.0,1
iget,32,64,4,599.3171,3.417222702,0.9966631943266486,1
iget,32,64,64,600.7005,3.409352914,0.9989637858883303,1
iget,32,64,124,805.9261,2.541175922,1.340253567297209,2
iget,32,96,0,599.1424,5.127328662,1.0,1
iget,32,96,4,591.4306,5.194185083,0.9871286024824818,1
iget,32,96,64,809.6068,3.794434533,1.3512760906255343,2
iget,32,96,124,805.8007,3.812357075,1.344923510671253,2
iget,32,124,0,599.3581,6.620416075,1.0,1
iget,32,124,4,591.834,6.704582704,0.9874464030768916,1
iget,32,124,64,807.6304,4.913138485,1.3474922588015412,2
iget,32,124,124,804.7738,4.930578008,1.3427261598700342,2
iget,32,128,0,598.8864,6.83936052,1.0,1
iget,32,128,4,799.9426,5.120367386,1.3357167569675985,2
iget,32,128,64,809.9485,5.057111656,1.3524242661045567,2
iget,32,128,124,807.6674,5.071394487,1.3486153634478928,2
iget,32,132,0,807.9891,5.227793296,1.0,2
iget,32,132,4,809.7319,5.216541426,1.0021569597906703,2
iget,32,132,64,812.6804,5.1976152,1.0058061426818752,2
iget,32,132,124,810.5957,5.210982491,1.0032260336185228,2
iget,32,192,0,810.6553,7.579053637,1.0,2
iget,32,192,4,806.9212,7.614126386,0.9953937265321031,2
iget,32,192,64,810.3789,7.581638663,0.9996590412719192,2
iget,32,192,124,1070.9193,5.737126971,1.3210538437237134,3
iget,32,252,0,804.7863,10.020051286,1.0,2
iget,32,252,4,804.8488,10.019273185,1.0000776603677275,2
iget,32,252,64,1075.267,7.499532674,1.3360900900027748,3
iget,32,252,124,1073.8933,7.509125907,1.3343831772484198,3
iget,32,256,0,804.3298,10.1848769,1.0,2
iget,32,256,4,1073.2947,7.632572862,1.3343962886865561,3
iget,32,256,64,1074.5918,7.623359866,1.3360089356380926,3
iget,32,256,124,1076.9607,7.606591401,1.3389541205609938,3
iget,32,260,0,1074.6823,7.741822862,1.0,3
iget,32,260,4,1074.8136,7.740877116,1.000122175642048,3
iget,32,260,64,1076.1923,7.73096035,1.0014050664089285,3
iget,32,260,124,1072.2057,7.759705064,0.9976955049878462,3
iget,64,64,0,1141.3612,3.588697425,1.0,1
iget,64,64,4,1140.4709,3.591498915,0.9992199664751176,1
iget,64,64,64,1141.8113,3.587282767,1.0003943536892617,1
iget,64,64,124,1583.8631,2.586082093,1.3876966380143287,2
iget,64,96,0,1139.1042,5.393712006,1.0,1
iget,64,96,4,1142.3171,5.378541563,1.002820549691591,1
iget,64,96,64,1583.1767,3.880804966,1.3898436157113634,2
iget,64,96,124,1584.5299,3.877490731,1.3910315667346325,2
iget,64,124,0,1140.8483,6.956227221,1.0,1
iget,64,124,4,1140.2251,6.960029208,0.9994537398179933,1
iget,64,124,64,1586.0457,5.003638924,1.3902336533262132,2
iget,64,124,124,1585.9894,5.003816545,1.3901843040831983,2
iget,64,128,0,1139.5429,7.188847388,1.0,1
iget,64,128,4,1586.0137,5.165150843,1.3917981499424024,2
iget,64,128,64,1584.5726,5.169848324,1.3905335200631763,2
iget,64,128,124,1585.5149,5.16677579,1.3913604305726446,2
iget,64,132,0,1587.2277,5.322487756,1.0,2
iget,64,132,4,1584.9181,5.330243878,0.9985448842658178,2
iget,64,132,64,1584.7987,5.330645463,0.998469658764146,2
iget,64,132,124,1584.4312,5.331881877,0.9982381229863869,2
iget,64,192,0,1584.0857,7.757156068,1.0,2
iget,64,192,4,1585.2654,7.751383459,1.0007447198090356,2
iget,64,192,64,1587.179,7.742037918,1.0019527352592097,2
iget,64,192,124,2003.0671,6.134592296,1.2644941495273898,3
iget,64,252,0,1585.5801,10.171671554,1.0,2
iget,64,252,4,1587.192,10.161341539,1.0010165995398153,2
iget,64,252,64,2006.9203,8.036193565,1.2657325227530292,3
iget,64,252,124,2005.6043,8.041466604,1.2649025426088534,3
iget,64,256,0,1589.8726,10.30522823,1.0,2
iget,64,256,4,2006.1666,8.166819246,1.2618411060106327,3
iget,64,256,64,2000.0906,8.191628919,1.2580194161469291,3
iget,64,256,124,2005.9771,8.167590747,1.2617219140703477,3
iget,64,260,0,2005.9169,8.295458301,1.0,3
iget,64,260,4,2004.3826,8.301808248,0.9992351128802993,3
iget,64,260,64,2004.1906,8.302603555,0.9991393960537448,3
iget,64,260,124,2006.3879,8.293510941,1.0002348053401415,3
iput,1,64,0,234.0342,0.273464306,1.0,1
iput,1,64,4,367.3922,0.174200759,1.5698227011265875,1
iput,1,64,64,234.0364,0.273461735,1.0000094003355064,1
iput,1,64,124,234.8444,0.272520869,1.0034618871942649,2
iput,1,96,0,235.0328,0.408453629,1.0,1
iput,1,96,4,368.0818,0.260811591,1.5660869461624078,1
iput,1,96,64,240.1468,0.399755483,1.0217586651735417,2
iput,1,96,124,387.5714,0.247696295,1.6490098403286688,2
iput,1,124,0,367.5781,0.337343275,1.0,1
iput,1,124,4,368.6777,0.336337131,1.0029914731046272,1
iput,1,124,64,240.12,0.516408462,0.6532489285950387,2
iput,1,124,124,246.0154,0.504033487,0.6692874249037143,2
iput,1,128,0,240.0074,0.533316889,1.0,1
iput,1,128,4,385.2701,0.332234451,1.605242588353526,2
iput,1,128,64,240.1124,0.533083672,1.0004374865108328,2
iput,1,128,124,387.2068,0.330572707,1.6133119228823778,2
iput,1,132,0,246.0238,0.536533457,1.0,2
iput,1,132,4,390.4525,0.338069291,1.587051740522665,2
iput,1,132,64,394.9638,0.334207844,1.6053885843564728,2
iput,1,132,124,246.028,0.536524298,1.000017071519097,2
iput,1,192,0,246.1287,0.78007969,1.0,2
iput,1,192,4,453.2082,0.423646351,1.8413464175449672,2
iput,1,192,64,240.1222,0.799592874,0.975596100739166,2
iput,1,192,124,246.8232,0.777884737,1.0028216945037292,3
iput,1,252,0,369.8511,0.681355281,1.0,2
iput,1,252,4,369.8647,0.681330227,1.000036771554823,2
iput,1,252,64,246.7152,1.02142065,0.6670662869462873,3
iput,1,252,124,252.7376,0.997081558,0.6833495966349702,3
iput,1,256,0,246.0411,1.040476571,1.0,2
iput,1,256,4,371.8343,0.688478712,1.5112690522030667,3
iput,1,256,64,252.5076,1.013830871,1.0262821943163154,3
iput,1,256,124,382.5904,0.669122905,1.554985732058587,3
iput,1,260,0,247.6466,1.04988318,1.0,3
iput,1,260,4,373.2167,0.696646211,1.5070535997667645,3
iput,1,260,64,382.8476,0.679121405,1.5459432917714193,3
iput,1,260,124,252.6122,1.029245618,1.0200511535389543,3
iput,2,64,0,234.2322,0.546466284,1.0,1
iput,2,64,4,366.8016,0.348962491,1.5659742768073732,1
iput,2,64,64,234.0464,0.546900102,0.9992067700341798,1
iput,2,64,124,290.4976,0.440623262,1.2402120630724554,2
iput,2,96,0,235.0991,0.816676882,1.0,1
iput,2,96,4,365.5587,0.525223446,1.5549132259545018,1
iput,2,96,64,287.3454,0.668185396,1.222230965580047,2
iput,2,96,124,418.1395,0.459176901,1.7785669957902859,2
iput,2,124,0,366.7303,0.676246277,1.0,1
iput,2,124,4,366.8,0.676117775,1.000190057925402,1
iput,2,124,64,292.4293,0.848068234,0.7973960700820194,2
iput,2,124,124,281.8422,0.879925008,0.7685271710573137,2
iput,2,128,0,240.0417,1.066481366,1.0,1
iput,2,128,4,422.4699,0.60596033,1.7599854525276233,2
iput,2,128,64,286.526,0.893461675,1.1936509364831194,2
iput,2,128,124,417.2118,0.613597218,1.7380805085116462,2
iput,2,132,0,246.9309,1.069125006,1.0,2
iput,2,132,4,441.7044,0.597684786,1.7887773462130498,2
iput,2,132,64,418.7587,0.630434663,1.6958537793366484,2
iput,2,132,124,246.9722,1.068946221,1.0001672532680195,2
iput,2,192,0,247.0026,1.554639506,1.0,2
iput,2,192,4,519.9693,0.738505139,2.1051167072735266,2
iput,2,192,64,241.1749,1.592205491,0.9764063212290073,2
iput,2,192,124,252.9714,1.517958157,1.0241649278185736,3
iput,2,252,0,383.4987,1.314215667,1.0,2
iput,2,252,4,383.5584,1.314011113,1.0001556719748985,2
iput,2,252,64,252.9666,1.992357884,0.659628311647471,3
iput,2,252,124,252.9002,1.992880986,0.6594551689484215,3
iput,2,256,0,246.706,2.075344742,1.0,2
iput,2,256,4,379.4744,1.349234626,1.5381644548571984,3
iput,2,256,64,253.0736,2.023126869,1.0258104788695857,3
iput,2,256,124,384.5904,1.33128648,1.5589016886496478,3
iput,2,260,0,252.9616,2.055647972,1.0,3
iput,2,260,4,380.3426,1.367188424,1.5035586428928343,3
iput,2,260,64,384.2931,1.353133845,1.5191756377252514,3
iput,2,260,124,252.9722,2.055561836,1.0000419035932726,3
iput,4,64,0,373.4745,0.685455098,1.0,1
iput,4,64,4,809.691,0.316169996,2.167995405308796,1
iput,4,64,64,373.7047,0.685032862,1.0006163740764096,1
iput,4,64,124,642.3857,0.398514475,1.7200255974638163,2
iput,4,96,0,373.3986,1.028391644,1.0,1
iput,4,96,4,836.1317,0.459257794,2.2392470137809837,1
iput,4,96,64,642.9914,0.59720861,1.7219973508202764,2
iput,4,96,124,971.6051,0.395222298,2.602058765083747,2
iput,4,124,0,815.9942,0.607847458,1.0,1
iput,4,124,4,793.5148,0.625067106,0.9724515198759992,1
iput,4,124,64,639.8409,0.775192708,0.7841243234326911,2
iput,4,124,124,642.7482,0.771686331,0.7876872164042342,2
iput,4,128,0,240.9843,2.124619737,1.0,1
iput,4,128,4,1006.8297,0.508526914,4.177988773542509,2
iput,4,128,64,642.0472,0.79744916,2.6642698300262713,2
iput,4,128,124,965.4107,0.530344236,4.00611450621472,2
iput,4,132,0,344.7035,1.531751201,1.0,2
iput,4,132,4,1011.4004,0.522048439,2.9341170020031706,2
iput,4,132,64,969.8325,0.544423908,2.813526697582125,2
iput,4,132,124,411.4544,1.283252774,1.1936472939787381,2
iput,4,192,0,335.809,2.287014344,1.0,2
iput,4,192,4,1305.8805,0.588108943,3.888759681842952,2
iput,4,192,64,412.0438,1.86387952,1.2270183348272379,2
iput,4,192,124,541.3086,1.418784036,1.6119538189863878,3
iput,4,252,0,770.9943,1.307402662,1.0,2
iput,4,252,4,904.8012,1.114056878,1.173551088509993,2
iput,4,252,64,545.4541,1.848001509,0.7074683950322331,3
iput,4,252,124,544.443,1.851433483,0.7061569715885059,3
iput,4,256,0,247.0073,4.145626465,1.0,2
iput,4,256,4,853.5488,1.199697076,3.4555610299776567,3
iput,4,256,64,540.0097,1.896262234,2.1862094764000903,3
iput,4,256,124,749.3067,1.366596615,3.0335407091207425,3
iput,4,260,0,261.8321,3.972011071,1.0,3
iput,4,260,4,855.5705,1.215563183,3.2676302867371874,3
iput,4,260,64,740.7642,1.403955537,2.829157311116551,3
iput,4,260,124,453.6986,2.292270684,1.732784482880441,3
iput,8,64,0,399.0577,1.28302248,1.0,1
iput,8,64,4,804.441,0.636466814,2.0158513417984416,1
iput,8,64,64,398.9853,1.283255298,0.999818572602408,1
iput,8,64,124,754.9332,0.678205701,1.8917895833108846,2
iput,8,96,0,398.1375,1.928981822,1.0,1
iput,8,96,4,800.0921,0.959889493,2.0095873912906974,1
iput,8,96,64,755.495,1.016552062,1.89757307462874,2
iput,8,96,124,1056.5419,0.726899709,2.6537110922733977,2
iput,8,124,0,801.5695,1.237572038,1.0,1
iput,8,124,4,801.7663,1.237268266,1.0002455183237386,1
iput,8,124,64,749.2514,1.323988183,0.9347304257459896,2
iput,8,124,124,749.8583,1.32291661,0.9354875653327628,2
iput,8,128,0,240.9382,4.250052503,1.0,1
iput,8,128,4,1038.3617,0.986168885,4.309659904490031,2
iput,8,128,64,753.7841,1.358479172,3.1285371103461386,2
iput,8,128,124,1054.165,0.971384935,4.3752505829295645,2
iput,8,132,0,489.8128,2.155925692,1.0,2
iput,8,132,4,1038.2934,1.017053561,2.119775963388462,2
iput,8,132,64,1052.8425,1.002999024,2.1494793521116637,2
iput,8,132,124,504.2143,2.094347582,1.029402049109374,2
iput,8,192,0,489.934,3.135116159,1.0,2
iput,8,192,4,1395.4262,1.100738971,2.8481922054807383,2
iput,8,192,64,510.6121,3.008154331,1.0422058889564716,2
iput,8,192,124,848.8592,1.809487368,1.7325990847746837,3
iput,8,252,0,861.1413,2.341079217,1.0,2
iput,8,252,4,898.8411,2.242888092,1.0437788781004929,2
iput,8,252,64,847.8436,2.377797037,0.9845580510422622,3
iput,8,252,124,845.3248,2.384882119,0.9816330955210254,3
iput,8,256,0,248.6774,8.235569457,1.0,2
iput,8,256,4,1193.8177,1.715504804,4.80066825533804,3
iput,8,256,64,840.2754,2.437296153,3.378977743856096,3
iput,8,256,124,1246.5806,1.64289417,5.012842341121469,3
iput,8,260,0,548.5109,3.79208508,1.0,3
iput,8,260,4,1208.783,1.720738958,2.203753836067797,3
iput,8,260,64,1256.0511,1.655983582,2.2899291518181313,3
iput,8,260,124,566.2537,3.673265181,1.032347214977861,3
iput,16,64,0,775.7295,1.320047774,1.0,1
iput,16,64,4,1469.1548,0.69699939,1.8939009023119528,1
iput,16,64,64,765.12,1.338352154,0.9863231964234955,1
iput,16,64,124,1035.5237,0.988871621,1.3349030815509786,2
iput,16,96,0,771.3334,1.991356786,1.0,1
iput,16,96,4,1453.371,1.056853343,1.8842319028321606,1
iput,16,96,64,1035.1603,1.483828157,1.3420400309386318,2
iput,16,96,124,1561.7866,0.983489037,2.024787984028696,2
iput,16,124,0,1460.5638,1.358379552,1.0,1
iput,16,124,4,1469.0881,1.350497632,1.0058363078696049,1
iput,16,124,64,1035.4442,1.916085869,0.7089345908751127,2
iput,16,124,124,1034.0463,1.918676175,0.7079774947181355,2
iput,16,128,0,241.0023,8.497844211,1.0,1
iput,16,128,4,1618.6058,1.265286458,6.7161425430379715,2
iput,16,128,64,1036.8234,1.975264061,4.302130726553232,2
iput,16,128,124,1559.4356,1.313295656,6.470625384073099,2
iput,16,132,0,750.5711,2.813857341,1.0,2
iput,16,132,4,1618.8581,1.304623302,2.1568351086259514,2
iput,16,132,64,1556.1674,1.357180468,2.073311109367254,2
iput,16,132,124,787.5711,2.681662646,1.0492957962276992,2
iput,16,192,0,753.5944,4.076463413,1.0,2
iput,16,192,4,1948.0681,1.576946925,2.5850352656548403,2
iput,16,192,64,785.5113,3.910828527,1.0423528890342073,2
iput,16,192,124,1224.7823,2.508200845,1.6252539827790655,3
iput,16,252,0,1394.8316,2.890671533,1.0,2
iput,16,252,4,1447.6884,2.785129728,1.0378947537466172,2
iput,16,252,64,1209.9025,3.332499933,0.8674183320767898,3
iput,16,252,124,1215.4457,3.317301629,0.871392431889269,3
iput,16,256,0,249.8126,16.396290659,1.0,2
iput,16,256,4,1874.5074,2.185107405,7.5036543392927335,3
iput,16,256,64,1223.3856,3.348085837,4.897213351128006,3
iput,16,256,124,1707.3403,2.399053077,6.834484329453359,3
iput,16,260,0,941.317,4.419340137,1.0,3
iput,16,260,4,1873.6118,2.220310525,1.9904153436090073,3
iput,16,260,64,1704.8182,2.440142884,1.811098917792837,3
iput,16,260,124,965.2589,4.309724572,1.025434471065539,3
iput,32,64,0,930.4001,2.201203547,1.0,1
iput,32,64,4,1768.0188,1.158358723,1.900277955688096,1
iput,32,64,64,930.8066,2.200242242,1.0004369088094467,1
iput,32,64,124,1691.6224,1.210672074,1.8181666145564688,2
iput,32,96,0,927.8616,3.310838599,1.0,1
iput,32,96,4,1769.4685,1.736114545,1.9070392610277223,1
iput,32,96,64,1685.1267,1.823008323,1.8161401441766747,2
iput,32,96,124,2422.5959,1.268061256,2.610945317706865,2
iput,32,124,0,1779.994,2.229220997,1.0,1
iput,32,124,4,1770.3665,2.241343812,0.9945912739031706,1
iput,32,124,64,1685.7832,2.353802078,0.9470724058620423,2
iput,32,124,124,1692.9532,2.343833249,0.9511005093275595,2
iput,32,128,0,253.1041,16.183064597,1.0,1
iput,32,128,4,2489.4687,1.64533099,9.83575019132444,2
iput,32,128,64,1687.0791,2.427864823,6.665554212673758,2
iput,32,128,124,2423.2821,1.690269573,9.574250673932188,2
iput,32,132,0,1133.7518,3.72568317,1.0,2
iput,32,132,4,2493.5616,1.693962563,2.1993893196024032,2
iput,32,132,64,2410.1464,1.752590631,2.125814838838624,2
iput,32,132,124,1159.5055,3.642932267,1.0227154655895585,2
iput,32,192,0,1134.4586,5.415799219,1.0,2
iput,32,192,4,3216.2472,1.910300925,2.8350503050530005,2
iput,32,192,64,1153.5077,5.326362364,1.0167913575691525,2
iput,32,192,124,2132.0624,2.881716783,1.8793655405318448,3
iput,32,252,0,1903.3529,4.236734029,1.0,2
iput,32,252,4,1982.1869,4.068233929,1.041418488394874,2
iput,32,252,64,2143.6518,3.761804972,1.1262503133286528,3
iput,32,252,124,2126.2385,3.792613105,1.1171015632466264,3
iput,32,256,0,433.8451,18.88231537,1.0,2
iput,32,256,4,2854.1483,2.870208251,6.5787266008075225,3
iput,32,256,64,2136.2889,3.83468734,4.924082120554087,3
iput,32,256,124,2969.3448,2.758857779,6.84425109330496,3
iput,32,260,0,1651.1979,5.038766098,1.0,3
iput,32,260,4,2868.8426,2.900124252,1.7374311098627246,3
iput,32,260,64,2965.9091,2.805210719,1.7962166134053343,3
iput,32,260,124,1533.2639,5.426332675,0.9285767017993422,3
iput,64,64,0,1915.8257,2.13798155,1.0,1
iput,64,64,4,3572.6907,1.14647484,1.8648307620051239,1
iput,64,64,64,1916.2209,2.137540614,1.0002062818136326,1
iput,64,64,124,3495.0669,1.17193751,1.824313610575325,2
iput,64,96,0,1914.8306,3.208638926,1.0,1
iput,64,96,4,3578.3111,1.717011134,1.8687350724393061,1
iput,64,96,64,3506.1785,1.752335199,1.8310645860787893,2
iput,64,96,124,5013.9379,1.225384144,2.6184759633567585,2
iput,64,124,0,3578.9233,2.217426677,1.0,1
iput,64,124,4,3575.6193,2.219475658,0.9990768173210082,1
iput,64,124,64,3507.8076,2.262381779,0.9801293031342695,2
iput,64,124,124,3493.0397,2.271946694,0.9760029503845472,2
iput,64,128,0,435.964,18.790542338,1.0,1
iput,64,128,4,5178.9056,1.581801375,11.87920470497564,2
iput,64,128,64,3503.8468,2.338001764,8.037009477846794,2
iput,64,128,124,5012.7191,1.634242781,11.498011533062364,2
iput,64,132,0,2729.7566,3.094781418,1.0,2
iput,64,132,4,5167.3942,1.634866564,1.8929871622986458,2
iput,64,132,64,5025.7423,1.680945718,1.8410953929005978,2
iput,64,132,124,2682.6923,3.149075278,0.982758792487213,2
iput,64,192,0,2718.6473,4.519894876,1.0,2
iput,64,192,4,6706.5222,1.832246227,2.4668599711334385,2
iput,64,192,64,2697.26,4.555734338,0.9921331097270323,2
iput,64,192,124,4580.8545,2.682468959,1.6849756494709704,3
iput,64,252,0,4290.0655,3.759383161,1.0,2
iput,64,252,4,4379.2181,3.682849228,1.0207811745531625,2
iput,64,252,64,4586.2544,3.516595154,1.0690406475145893,3
iput,64,252,124,4602.3118,3.504325804,1.0727835740503264,3
iput,64,256,0,882.4684,18.566103897,1.0,2
iput,64,256,4,6057.7689,2.704626121,6.864573167719094,3
iput,64,256,64,4572.2854,3.583328372,5.181245470092754,3
iput,64,256,124,6226.4405,2.63135896,7.055709303585261,3
iput,64,260,0,3519.8416,4.727485464,1.0,3
iput,64,260,4,6058.0969,2.746737181,1.7211277064286072,3
iput,64,260,64,6167.5759,2.697980579,1.752231094717444,3
iput,64,260,124,3499.8031,4.754553192,0.9943069881326477,3
