mode,bytes,offset,peak_active_pes,peak_bytes_per_cycle,smallest_n_at_95pct_observed_peak,single_bytes_per_cycle,aggregate64_bytes_per_cycle,ratio64_to1,loss64_to_observed_peak
get,8,0,64,0.448901939,32,0.018125949,0.448901939,24.765706832784318,0.0
get,8,4,64,0.44835655,32,0.018138072,0.44835655,24.719085358135086,0.0
get,16,0,64,0.89654603,32,0.036275956,0.89654603,24.714607934798465,0.0
get,16,4,64,0.895644631,32,0.036252375,0.895644631,24.705819439416036,0.0
get,32,0,64,1.793589389,32,0.072536732,1.793589389,24.726636278568492,0.0
get,32,4,64,1.794501692,32,0.072556156,1.794501692,24.7325904641365,0.0
get,64,0,64,3.585984439,32,0.145103428,3.585984439,24.713299254377368,0.0
get,64,4,64,3.582915407,32,0.14485324,3.582915407,24.734796453293004,0.0
get,96,0,64,5.383284324,32,0.217766775,5.383284324,24.72041166059423,0.0
get,96,4,64,5.383806519,32,0.217759217,5.383806519,24.72366769669272,0.0
get,124,0,64,6.951572522,32,0.280874571,6.951572522,24.74973970498739,0.0
get,124,4,64,6.938226182,32,0.281064609,6.938226182,24.685520552322544,0.0
get,128,0,64,7.175420192,32,0.289866625,7.175420192,24.754213052296034,0.0
get,128,4,64,5.168078636,32,0.281078313,5.168078636,18.38661467987393,0.0
get,132,0,64,5.325383249,32,0.290239445,5.325383249,18.348240877458956,0.0
get,132,4,64,5.324557562,32,0.289651731,5.324557562,18.38261951212023,0.0
get,192,0,64,7.756961175,32,0.421952056,7.756961175,18.383513161504773,0.0
get,192,4,64,7.745550595,32,0.422029593,7.745550595,18.353098274319358,0.0
get,252,0,64,10.175123413,32,0.553787367,10.175123413,18.373700845003206,0.0
get,252,4,64,10.18047878,32,0.552962508,10.18047878,18.41079391950385,0.0
get,256,0,64,10.330385058,32,0.563527861,10.330385058,18.33163144705635,0.0
get,256,4,64,8.167630649,64,0.547167202,8.167630649,14.927120300971547,0.0
get,260,0,64,8.291286859,64,0.557125268,8.291286859,14.882266763387943,0.0
get,260,4,64,8.298354572,64,0.555327017,8.298354572,14.943185398811597,0.0
get,384,0,64,12.246793825,64,0.822877538,12.246793825,14.88288750081303,0.0
get,384,4,64,9.8877935,32,0.799205623,9.8877935,12.37202694205769,0.0
get,512,0,64,13.200421908,32,1.067811895,13.200421908,12.362122926154516,0.0
get,512,4,64,11.479989546,64,1.043199673,11.479989546,11.004594655389623,0.0
get,768,0,64,15.127377802,16,1.546836829,15.127377802,9.779556265013133,0.0
get,768,4,64,14.58053767,64,1.503645459,14.58053767,9.696792274221872,0.0
get,1024,0,64,17.000894456,64,1.873508877,17.000894456,9.074360236404688,0.0
get,1024,4,64,15.805018701,64,1.846908592,15.805018701,8.557553291733239,0.0
get,1536,0,64,18.853963487,32,2.681648515,18.853963487,7.030736273429929,0.0
get,1536,4,64,17.926628184,64,2.655909312,17.926628184,6.749713969149259,0.0
get,2048,0,64,19.879324468,32,3.433603037,19.879324468,5.789639703187389,0.0
get,2048,4,64,18.867900084,32,3.339475272,18.867900084,5.649959513759202,0.0
get,3072,0,64,20.341962831,32,4.680950269,20.341962831,4.345690866599548,0.0
get,3072,4,64,19.52099648,16,4.613423079,19.52099648,4.231347558141437,0.0
get,4096,0,32,20.688752748,8,5.702384532,19.649033176,3.445757308321767,0.0502553046413351
get,4096,4,32,20.05478835,8,5.692739395,19.130688618,3.3605417867543186,0.04607875764492919
get,6144,0,32,20.449085669,8,7.385218984,18.649436402,2.5252381063315537,0.08800634395738272
get,6144,4,32,19.89294671,8,7.298342312,18.151226058,2.4870340800753605,0.08755468344588957
get,8192,0,64,20.349084641,8,8.381608753,20.349084641,2.427825640718021,0.0
get,8192,4,64,20.019457846,8,8.480884364,20.019457846,2.3605389469734317,0.0
get,12288,0,64,20.781263378,8,10.16647941,20.781263378,2.044096342491879,0.0
get,12288,4,32,20.60044285,8,10.113963162,20.558866811,2.0327211481492644,0.002018210933751763
get,16384,0,64,20.836280041,8,11.35517782,20.836280041,1.8349584983425649,0.0
get,16384,4,32,20.709634249,8,11.30227232,20.651037377,1.8271580079040248,0.0028294498732071016
get,24576,0,32,21.126721402,8,12.935342761,20.913367732,1.6167617757338222,0.01009875909945035
get,24576,4,32,20.933844662,8,12.927905465,20.768151888,1.6064591394349277,0.007915066566858253
get,32768,0,32,21.284422292,8,13.937863196,20.933933541,1.5019471239327264,0.016466913980171083
get,32768,4,32,21.268093353,8,13.874181397,20.858592415,1.5034106747018772,0.019254238318557992
get,49152,0,32,21.443733017,8,15.049436075,20.954334931,1.392366785477708,0.022822429546759282
get,49152,4,32,21.37894831,8,15.019333358,20.873158026,1.389752629392301,0.023658333266254106
get,65536,0,32,21.466196477,8,15.613623802,20.955318919,1.3421175753136672,0.023799165285167345
get,65536,4,32,21.405999498,8,15.609815586,20.93094578,1.340883603953167,0.0221925501794199
get,98304,0,32,21.464575319,8,16.337267247,20.977374506,1.2840197928360424,0.02269790134486105
get,98304,4,32,21.462016795,8,16.295969175,20.95760073,1.2860604057935694,0.023502733681464383
get,131072,0,32,21.360882318,8,16.704852184,20.851369923,1.2482223543990145,0.023852591265420497
get,131072,4,32,21.333970722,8,16.707122005,20.77758349,1.2436363057492381,0.02607987229617037
put,8,0,32,0.273920891,32,0.033329473,0.267500111,8.025932813279105,0.0234402713008115
put,8,4,32,0.27390357,32,0.03388979,0.268312906,7.917219492950531,0.020411066566237035
put,16,0,32,0.553247775,32,0.06665839,0.534964809,8.025468496913891,0.03304661460229097
put,16,4,32,0.550873608,32,0.067777885,0.532376996,7.854730138008881,0.03357687086726424
put,32,0,32,1.095856048,32,0.133315058,1.069096076,8.019319738059897,0.02441924014457786
put,32,4,32,1.091120844,32,0.135539521,1.071914301,7.908499993887393,0.01760258096581635
put,64,0,32,2.20024366,32,0.266624229,2.139341764,8.02380853391985,0.02767961435689348
put,64,4,32,1.157956914,32,0.174103185,1.145205325,6.577739086163186,0.011012144619398034
put,96,0,32,3.312613682,32,0.391251295,3.206374172,8.195178426182588,0.03207120425097609
put,96,4,32,1.737119923,32,0.261018019,1.721365792,6.594815938741762,0.00906910961725238
put,124,0,32,2.237504569,32,0.335982629,2.222553439,6.615084373900771,0.006682055628910777
put,124,4,32,2.238131557,32,0.337144975,2.220502626,6.586195229515137,0.007876628585510748
put,128,0,64,18.886468394,64,0.532465415,18.886468394,35.469849988285155,0.0
put,128,4,32,1.651256618,32,0.330943987,1.578507541,4.76971210539021,0.044056796628081596
put,132,0,32,3.726826116,32,0.523380435,3.092541447,5.908783057586017,0.17019432870154327
put,132,4,32,1.691771693,32,0.336413642,1.635482125,4.861521415353304,0.033272555766778567
put,192,0,32,5.419690838,32,0.761218457,4.519871933,5.937680427262682,0.16602771853533538
put,192,4,32,1.897082766,32,0.424574928,1.839048064,4.331504153255135,0.030591549847013955
put,252,0,32,4.234671817,32,0.678983755,3.767447483,5.548656290016836,0.11033306810797883
put,252,4,32,4.054723685,32,0.680000248,3.685528278,5.419892549803893,0.09105316062985924
put,256,0,32,18.906235504,32,1.014513889,18.52976955,18.264678040302314,0.0199122640739533
put,256,4,32,2.878519519,32,0.68789596,2.703271979,3.929768651352452,0.06088113658540728
put,260,0,32,5.039800492,32,1.023947372,4.736779929,4.625999400484813,0.060125507642813325
put,260,4,32,2.903823414,32,0.699922497,2.746833395,3.9244822202078753,0.05406321136578596
put,384,0,16,19.07817986,16,1.473876121,16.969506813,11.513523132111317,0.11052799913167399
put,384,4,32,3.624591223,32,1.028008961,3.40791697,3.3150654316134895,0.059778948761196604
put,512,0,16,19.368568587,16,1.940142805,15.558524586,8.01926772910925,0.1967127298997854
put,512,4,32,4.226154246,16,1.256132848,3.982961269,3.170812128145223,0.057544747030986665
put,768,0,16,19.767487502,16,2.775415743,14.319570441,5.159432592077792,0.27559987380534834
put,768,4,16,5.471131522,16,1.757449538,4.821004845,2.743182515775881,0.11882855939137493
put,1024,0,16,19.651705191,16,3.427615063,13.669178189,3.9879560387496173,0.30442788266230714
put,1024,4,32,5.761213118,8,2.244231077,5.63787978,2.5121654529160593,0.0214075291911463
put,1536,0,8,19.497210604,8,4.696127529,14.304447964,3.046009265222405,0.2663336179450544
put,1536,4,32,7.261820144,8,3.213853046,6.920915112,2.153463463618492,0.04694484650403641
put,2048,0,8,19.596609346,4,5.788662926,14.531292856,2.510302127064982,0.25847922977726334
put,2048,4,64,8.526651348,64,4.070316304,8.526651348,2.0948375288723016,0.0
put,3072,0,4,19.946886221,4,7.506579253,14.737464183,1.9632729751184843,0.2611646740389757
put,3072,4,16,10.13453329,16,5.262553812,9.410587121,1.788216796860376,0.07143359721501286
put,4096,0,4,20.103536156,4,8.809682047,14.931442236,1.6948900262620339,0.2572728439347902
put,4096,4,16,10.758930096,16,6.266216282,10.70376836,1.7081709086146732,0.005127065192152225
put,6144,0,4,20.275939565,4,10.657803667,15.224542016,1.428487753357673,0.24913260038117513
put,6144,4,16,13.666145345,8,8.680638954,11.728309319,1.3510882529673285,0.14179828891612023
put,8192,0,4,20.267821246,4,11.961446529,15.11642189,1.2637620252158384,0.2541664095748164
put,8192,4,8,14.052557715,8,10.342689983,12.34574326,1.1936685021297522,0.12145934495455657
put,12288,0,4,20.097190392,4,13.61736835,15.376059573,1.1291505948724667,0.234914967063223
put,12288,4,8,15.925801422,8,11.517912378,13.024798827,1.1308298239773256,0.1821574009451441
put,16384,0,4,20.093064097,4,14.603706011,15.427092864,1.0563820479801358,0.23221800370888446
put,16384,4,8,17.046153574,4,11.403252962,13.424040926,1.177211535228942,0.21248856126256566
put,24576,0,4,20.562231792,4,15.768168907,15.453725791,0.9800583620168852,0.24844122236709387
put,24576,4,4,18.22057978,2,13.617323079,13.929625644,1.022934211312179,0.2355004169905729
put,32768,0,4,20.78604199,4,16.425334354,15.547511568,0.946556778262098,0.25202154525234854
put,32768,4,4,18.964902805,2,15.49138632,14.280076598,0.9218075324584637,0.24702611213830583
put,49152,0,4,21.049246166,4,17.134777407,15.536820319,0.9067418823108147,0.26188234027610924
put,49152,4,4,19.795578194,4,17.085454734,14.683207107,0.8593980865947024,0.25825823509158985
put,65536,0,4,21.204221917,4,17.501875411,15.600879077,0.8913832781140005,0.2642559987314437
put,65536,4,4,20.263138509,4,17.486427447,14.924796522,0.8535074741387796,0.2634508955574154
put,98304,0,4,21.317503653,4,17.909184998,15.593435635,0.8706948773348083,0.26851493078995925
put,98304,4,4,20.674228998,4,17.882278637,15.100876372,0.8444604112562571,0.2695797084640573
put,131072,0,4,21.325515887,4,18.119910031,15.380851042,0.8488370535883485,0.27875831358545744
put,131072,4,4,20.793971094,4,18.102777236,15.067622677,0.8323376286725688,0.2753850330518306
iget,8,0,64,0.4487612,32,0.01815104,0.4487612,24.72371831035577,0.0
iget,8,4,64,0.449047296,32,0.018128286,0.449047296,24.77053241547491,0.0
iget,16,0,64,0.898706714,32,0.03628085,0.898706714,24.770828522485,0.0
iget,16,4,64,0.897057328,32,0.036267848,0.897057328,24.734230936448174,0.0
iget,32,0,64,1.795565252,32,0.072553589,1.795565252,24.74812447941066,0.0
iget,32,4,64,1.795333081,64,0.072407724,1.795333081,24.794773013442597,0.0
iget,64,0,64,3.595337087,64,0.145175018,3.595337087,24.765535672260086,0.0
iget,64,4,64,3.58657727,32,0.144958754,3.58657727,24.74205366031223,0.0
iget,96,0,64,5.388397895,64,0.217589086,5.388397895,24.76410004773861,0.0
iget,96,4,64,5.388212181,32,0.217719362,5.388212181,24.748429039581698,0.0
iget,124,0,64,6.963839631,32,0.280910331,6.963839631,24.79025818028743,0.0
iget,124,4,64,6.948616226,32,0.280955457,6.948616226,24.73209205543212,0.0
iget,128,0,64,7.184195332,32,0.290107274,7.184195332,24.76392691897825,0.0
iget,128,4,64,5.16549347,32,0.282032192,5.16549347,18.315261932935655,0.0
iget,132,0,64,5.331908125,32,0.290301617,5.331908125,18.366787550480645,0.0
iget,132,4,64,5.323355403,32,0.290436136,5.323355403,18.3288328935763,0.0
iget,192,0,64,7.753300185,32,0.422424864,7.753300185,18.354270417661777,0.0
iget,192,4,64,7.747852301,32,0.422428117,7.747852301,18.34123248240126,0.0
iget,252,0,64,10.170994164,32,0.55506449,10.170994164,18.323986396607715,0.0
iget,252,4,64,10.169773677,32,0.554219856,10.169773677,18.349710077872057,0.0
iget,256,0,64,10.34652197,32,0.569814267,10.34652197,18.157709571705052,0.0
iget,256,4,64,8.18135769,64,0.54808516,8.18135769,14.92716513251335,0.0
iget,260,0,64,8.295836303,64,0.563140749,8.295836303,14.731372783325257,0.0
iget,260,4,64,8.29194338,64,0.556702267,8.29194338,14.894754110997717,0.0
iget,384,0,64,12.266972569,64,0.83079731,12.266972569,14.76530126102599,0.0
iget,384,4,64,9.904153458,32,0.800473614,9.904153458,12.372866868788506,0.0
iget,512,0,64,13.195604746,32,1.078315848,13.195604746,12.23723528729961,0.0
iget,512,4,64,11.482904164,16,1.03806979,11.482904164,11.061784356521926,0.0
iget,768,0,64,15.139989925,16,1.551155409,15.139989925,9.760459743205525,0.0
iget,768,4,64,14.572599635,64,1.507887548,14.572599635,9.664248275230136,0.0
iget,1024,0,64,17.035997435,64,1.874421108,17.035997435,9.0886713568742,0.0
iget,1024,4,64,15.769877599,64,1.839599169,15.769877599,8.57245309997202,0.0
iget,1536,0,64,18.844613411,32,2.689555908,18.844613411,7.006589212348138,0.0
iget,1536,4,64,17.882838158,64,2.65854334,17.882838158,6.726555060787535,0.0
iget,2048,0,64,19.891754207,32,3.439507989,19.891754207,5.78331385495148,0.0
iget,2048,4,64,18.878786844,32,3.346968526,18.878786844,5.640563004206751,0.0
iget,3072,0,64,20.283359171,16,4.713919412,20.283359171,4.302865067944441,0.0
iget,3072,4,64,19.532646308,32,4.612377146,19.532646308,4.234832861605719,0.0
iget,4096,0,32,20.694093329,8,5.719328426,19.870818154,3.474327171642652,0.03978309954977799
iget,4096,4,32,20.068898031,8,5.668380374,19.137885507,3.3762528701818555,0.046390814411527925
iget,6144,0,32,20.385971828,8,7.43294741,18.76792444,2.524963975226081,0.07937062807953166
iget,6144,4,32,19.847122804,8,7.360807772,18.072382185,2.4552172458226775,0.0894205490904868
iget,8192,0,64,20.293214437,8,8.578774027,20.293214437,2.3655145097808976,0.0
iget,8192,4,64,19.979980691,8,8.547267159,19.979980691,2.3375870110672414,0.0
iget,12288,0,32,20.880705081,8,10.158436222,20.70248486,2.0379598205445126,0.008535162979825262
iget,12288,4,64,20.594125241,8,10.144665506,20.594125241,2.0300447785902582,0.0
iget,16384,0,32,20.945315734,8,11.399270152,20.788658387,1.8236832805785057,0.007479349988775863
iget,16384,4,32,20.778637724,8,11.331241001,20.673239472,1.8244461899782691,0.005072433207604421
iget,24576,0,32,21.115440024,8,12.923683692,20.883411495,1.615902400019835,0.01098857180983559
iget,24576,4,32,21.001359291,8,12.924179828,20.802392389,1.6095715678554703,0.009474001146452693
iget,32768,0,32,21.393108426,8,13.88663458,20.943192656,1.5081546601768503,0.02103087410398008
iget,32768,4,32,21.176989743,8,13.82635869,20.872143342,1.5095907613836106,0.014395171584798305
iget,49152,0,32,21.455558545,8,15.032810871,20.945333585,1.3933078626969178,0.02378054893932846
iget,49152,4,32,21.376352779,8,15.024750856,20.889125629,1.3903142773684072,0.022792810122344687
iget,65536,0,32,21.470433839,8,15.717348657,20.956822561,1.3333560906703248,0.023921793190179952
iget,65536,4,32,21.402524684,8,15.616600263,20.926325728,1.3400052108383789,0.022249662739835308
iget,98304,0,32,21.463477353,8,16.359441751,20.983485063,1.282652879137355,0.022363211799550697
iget,98304,4,32,21.461207233,8,16.312702614,20.932854366,1.283224175743562,0.024618972328246835
iget,131072,0,32,21.372914774,8,16.703723891,20.863501412,1.24903294308171,0.023834529234154744
iget,131072,4,32,21.353707047,8,16.703828199,20.809820928,1.2458114798645865,0.025470337202008753
iput,8,0,32,0.275824262,32,0.034184353,0.26737408,7.821534021720406,0.030636108436320142
iput,8,4,32,0.27439662,32,0.03504505,0.26854752,7.6629230090982885,0.021316224667781936
iput,16,0,32,0.548562926,32,0.068369348,0.535016014,7.8253783259714575,0.0246952744305583
iput,16,4,32,0.546992651,32,0.070096273,0.53724467,7.664382812478489,0.017821045643262368
iput,32,0,32,1.104656494,32,0.136737762,1.070341338,7.827693845098912,0.031064096564302757
iput,32,4,32,1.102590085,32,0.140179342,1.073812441,7.660275941372302,0.026100038800911274
iput,64,0,32,2.201207332,32,0.273468512,2.135487284,7.808896418758442,0.0298563642981724
iput,64,4,32,1.157678791,32,0.173720959,1.1467809,6.601281196012739,0.00941357057304848
iput,96,0,32,3.29512582,32,0.4084399,3.206574647,7.850786975023743,0.026873381423717535
iput,96,4,32,1.73369096,32,0.261373135,1.719961732,6.580483996566825,0.007919074573705998
iput,124,0,32,2.240998238,32,0.337528945,2.219605956,6.576046258788264,0.009545871851774246
iput,124,4,32,2.241185443,32,0.33714855,2.220444598,6.585953277865202,0.0092544082261381
iput,128,0,64,18.882171745,64,0.53331089,18.882171745,35.40556193217806,0.0
iput,128,4,32,1.641447775,32,0.329404668,1.582384995,4.803772225231489,0.03598212559641145
iput,132,0,32,3.736027377,32,0.536482213,3.088632341,5.757194304221974,0.17328433939899368
iput,132,4,32,1.705918819,32,0.338583168,1.635200636,4.829539063205883,0.0414546004255083
iput,192,0,32,5.396100474,32,0.780393269,4.518274468,5.789740439188745,0.16267784675797337
iput,192,4,32,1.885842154,32,0.423485911,1.840516656,4.346110716301965,0.02403461917735883
iput,252,0,32,4.235221603,32,0.680134775,3.763649442,5.5336818235768055,0.11134533330344842
iput,252,4,32,4.065167498,32,0.680292126,3.682298046,5.412818854234394,0.09418294625949997
iput,256,0,32,18.856029199,32,1.040463884,18.549829911,17.82842268362676,0.01623880005532874
iput,256,4,32,2.867946268,32,0.687578729,2.700201197,3.9271156641612746,0.05848961428310817
iput,260,0,32,5.03233426,32,1.049327684,4.730773903,4.508385678881984,0.05992454821552329
iput,260,4,32,2.900904577,32,0.698575256,2.74437261,3.9285282243091646,0.053959709064914874
iput,384,0,16,19.785094713,16,1.520533739,16.960659014,11.154411493134255,0.1427557330389818
iput,384,4,32,3.629879545,32,1.025943822,3.397953112,3.3120264863781212,0.06389369953597179
iput,512,0,16,19.406707206,16,1.977787744,15.605194671,7.8902272088303524,0.19588653008711754
iput,512,4,32,4.237876915,32,1.258455246,3.972177255,3.1563913517191535,0.06269640797248122
iput,768,0,16,19.859438874,16,2.834002719,14.288028599,5.041642516151729,0.2805421799854625
iput,768,4,16,5.469180757,16,1.766494702,4.821428803,2.7293763165783895,0.11843674268233739
iput,1024,0,16,19.551475967,16,3.494045791,13.843663518,3.9620727220171683,0.29193767563297734
iput,1024,4,32,5.748643846,8,2.238031232,5.629928582,2.515571946227424,0.020651003467992646
iput,1536,0,8,19.264898627,8,4.787388224,14.291124381,2.9851609504648353,0.2581780647954821
iput,1536,4,32,7.247994606,8,3.227345025,6.934868433,2.1487843348883966,0.04320176683641419
iput,2048,0,4,19.981706202,4,5.865925788,14.559849265,2.482105943921976,0.27134103975852264
iput,2048,4,64,8.479950499,64,4.066477374,8.479950499,2.085330795941126,0.0
iput,3072,0,4,19.893441867,4,7.59290933,14.737901657,1.9410085141896458,0.2591577789538877
iput,3072,4,16,9.959517173,16,5.267851019,9.382562325,1.7810986474672739,0.05793000182419583
iput,4096,0,4,20.336020972,4,8.911767841,15.105215144,1.6949740403364264,0.25721874673526957
iput,4096,4,64,10.720739747,16,6.262700086,10.720739747,1.71183987733434,0.0
iput,6144,0,4,20.286751784,4,10.803549135,15.307141928,1.4168623418770612,0.24546117136048262
iput,6144,4,16,13.629001779,8,8.65597162,11.75795506,1.3583634023051474,0.13728420828904486
iput,8192,0,4,20.16218102,4,12.093065825,15.065406423,1.2457888380839934,0.2527888521556384
iput,8192,4,8,14.157649453,8,10.330430002,12.34505925,1.195018914760563,0.1280290354000757
iput,12288,0,4,20.066766745,4,13.708731842,15.344646662,1.1193337822093785,0.23532042520883945
iput,12288,4,8,15.980375662,8,11.561618213,13.035448114,1.1274760914819701,0.1842839999689615
iput,16384,0,4,20.238241556,4,14.684372042,15.42175978,1.0502158169168512,0.23798914360581214
iput,16384,4,8,17.105483642,4,11.126330437,13.467365499,1.210404955637037,0.21268724224009283
iput,24576,0,4,20.593590815,4,15.837766009,15.488730866,0.9779618449469668,0.2478858589965628
iput,24576,4,4,18.17072765,2,13.362302387,13.934452074,1.04281819632795,0.2331373656354373
iput,32768,0,4,20.828079516,4,16.474295614,15.556743545,0.9443040181808893,0.2530879511455001
iput,32768,4,4,18.957354197,2,15.398800164,14.304337517,0.928925459429061,0.2454465233727785
iput,49152,0,4,20.986495964,4,17.164989874,15.549378446,0.905877519307647,0.2590769572646511
iput,49152,4,4,19.795755584,4,17.131086691,14.706591249,0.858473926042664,0.2570836113532001
iput,65536,0,4,21.164800343,4,17.547232354,15.57260233,0.8874677223072236,0.26422162847614816
iput,65536,4,4,20.198741986,4,17.520390017,14.949735887,0.8532764323450733,0.2598679711161296
iput,98304,0,4,21.327934237,4,17.93775651,15.544418011,0.8665753714704649,0.27117095175428085
iput,98304,4,4,20.675498685,4,17.919739604,15.077499199,0.8413905297839506,0.27075523407139535
iput,131072,0,4,21.324338863,4,18.13703764,15.253762738,0.8410283443619738,0.2846782807195536
iput,131072,4,4,20.819567967,4,18.11923121,15.026166805,0.8292938387312516,0.2782671173188038
