mode,bytes,offset,slot_stride,mapping,corr_by_pe,corr_by_slot,reference_cv,mapped_cv
get,64,0,131200,reverse,0.05590144163788547,0.9999705367024075,0.1595390862689566,0.15843405300774635
get,64,0,131200,transpose,-0.13310671491725376,0.999992234517827,0.1595390862689566,0.15867889167838298
get,64,0,131200,shuffle,0.09911575698792802,0.9999689201302956,0.1595390862689566,0.15867574063980389
get,64,0,131328,reverse,-0.05577169567211825,0.9629009935501094,0.21386082534800216,0.21202083177713116
get,64,0,131328,transpose,0.07639089176732985,0.8965912763806858,0.21386082534800216,0.20249474944432602
get,64,0,131328,shuffle,0.10965864075899234,0.87426935210591,0.21386082534800216,0.20187686633049276
get,64,0,135168,reverse,0.9974568984988857,0.9999850286972273,0.06530538109651264,0.06565678161080014
get,64,0,135168,transpose,-0.01507527456696558,0.9999624560624644,0.06530538109651264,0.06511176644612639
get,64,0,135168,shuffle,0.05047500063567017,0.9999585446724719,0.06530538109651264,0.06517088863971968
get,64,0,262144,reverse,0.998114711542727,0.9999740762988263,0.06850659667284598,0.06869082655279375
get,64,0,262144,transpose,0.1413462467878151,0.9999637768545335,0.06850659667284598,0.06871908714312981
get,64,0,262144,shuffle,0.12220897562622471,0.9999478953853523,0.06850659667284598,0.06908984895398965
get,64,4,131200,reverse,0.05581089314756518,0.9999691662319468,0.15999756668687531,0.15856257487644326
get,64,4,131200,transpose,-0.13261704700705781,0.9999652714952173,0.15999756668687531,0.15911466205741204
get,64,4,131200,shuffle,0.10067658243620302,0.9999608886580453,0.15999756668687531,0.15892925980146624
get,64,4,131328,reverse,-0.17661490987946932,0.9789565823498894,0.2163358326754116,0.2074940397218716
get,64,4,131328,transpose,0.04472684436745127,0.9596247192295358,0.2163358326754116,0.2029327272119075
get,64,4,131328,shuffle,0.09211917850889116,0.9360664701301205,0.2163358326754116,0.19862406047356906
get,64,4,135168,reverse,0.9969940490846922,0.9999554658661631,0.06494453256555102,0.06516072471786952
get,64,4,135168,transpose,-0.015529385250680889,0.9999621331464135,0.06494453256555102,0.06510492012670333
get,64,4,135168,shuffle,0.05070792084890514,0.99996571760492,0.06494453256555102,0.06519082119646775
get,64,4,262144,reverse,0.9982864472857624,0.9999695622552915,0.06874938384660849,0.06886242335152971
get,64,4,262144,transpose,0.14117961127272413,0.9999808421625983,0.06874938384660849,0.06910153692037292
get,64,4,262144,shuffle,0.12200091262652171,0.9999693555732501,0.06874938384660849,0.06911638879137574
get,128,0,131200,reverse,0.055575915928632404,0.9999679718025654,0.15939123708631062,0.1582996957934001
get,128,0,131200,transpose,-0.13373992674409965,0.9999868149797094,0.15939123708631062,0.15855998741120592
get,128,0,131200,shuffle,0.0995759085995174,0.999959750684949,0.15939123708631062,0.1585866970438467
get,128,0,131328,reverse,-0.10456149167169863,0.9260249760455892,0.21603756710011982,0.20969636393901897
get,128,0,131328,transpose,0.22003752120250908,0.96513466659166,0.21603756710011982,0.20658670298499965
get,128,0,131328,shuffle,0.11450870470048503,0.9226222899206372,0.21603756710011982,0.21141248739927399
get,128,0,135168,reverse,0.9974090249067483,0.9999728388641961,0.0649788470995609,0.06507802129978087
get,128,0,135168,transpose,-0.015376616606025547,0.9999749636203606,0.0649788470995609,0.06485790171691326
get,128,0,135168,shuffle,0.05128645258816151,0.9999782461343161,0.0649788470995609,0.06517808819950656
get,128,0,262144,reverse,0.9982169047510558,0.9999734002021383,0.06873473177709018,0.06864180538393552
get,128,0,262144,transpose,0.13924389537919504,0.9999834991852206,0.06873473177709018,0.06872544438553276
get,128,0,262144,shuffle,0.12260186915912001,0.9999742457991929,0.06873473177709018,0.06888740304457092
get,128,4,131200,reverse,-0.1658198292241717,0.9997674623213076,0.16003840272491432,0.1598765550342923
get,128,4,131200,transpose,-0.05406523533182298,0.9998776253067434,0.16003840272491432,0.15834163105868598
get,128,4,131200,shuffle,-0.08910338185225736,0.9998562134366316,0.16003840272491432,0.15858231624282237
get,128,4,131328,reverse,-0.25224463788608187,0.999861895364731,0.22657271219756792,0.2248763128632653
get,128,4,131328,transpose,0.035668411228475326,0.9999561210881686,0.22657271219756792,0.22682106319432413
get,128,4,131328,shuffle,-0.12405715501966606,0.9999199703322019,0.22657271219756792,0.22428627176642246
get,128,4,135168,reverse,0.9978567931140727,0.9999811007966907,0.07499481980811659,0.07505870887870052
get,128,4,135168,transpose,-0.016323575770516782,0.999988289078589,0.07499481980811659,0.07525323707714708
get,128,4,135168,shuffle,0.04451864790573633,0.9999854924873277,0.07499481980811659,0.07532892215630439
get,128,4,262144,reverse,0.9865999563113768,0.9999846671661987,0.07060731044621944,0.07079166901660479
get,128,4,262144,transpose,0.14498816017300653,0.9998269068913324,0.07060731044621944,0.07042962479601751
get,128,4,262144,shuffle,0.12343656109188164,0.9998983659492989,0.07060731044621944,0.0707493034910858
get,256,0,131200,reverse,-0.16669474370728576,0.9999394343235893,0.1575276482597869,0.158324945243192
get,256,0,131200,transpose,-0.06560143362792777,0.999605026825664,0.1575276482597869,0.15734061215274453
get,256,0,131200,shuffle,-0.0895180365833856,0.9996216325396804,0.1575276482597869,0.15710877197647827
get,256,0,131328,reverse,-0.2516355164957859,0.9998140820590706,0.2264130040586623,0.22530068116208457
get,256,0,131328,transpose,0.0357555285736473,0.9999536221716486,0.2264130040586623,0.22655296318230134
get,256,0,131328,shuffle,-0.12493600291025518,0.999898858581867,0.2264130040586623,0.22512022445387558
get,256,0,135168,reverse,0.9980044301071531,0.9999677045603351,0.07519583217878015,0.07508420275766194
get,256,0,135168,transpose,-0.01680351345205989,0.9999456074039628,0.07519583217878015,0.07509082556101386
get,256,0,135168,shuffle,0.04342600200300916,0.9999394824144477,0.07519583217878015,0.0750479150537438
get,256,0,262144,reverse,0.9867317468604511,0.9999564855151508,0.07065438574397412,0.07070063090155482
get,256,0,262144,transpose,0.14614003622773683,0.9998859618432087,0.07065438574397412,0.07054361584376413
get,256,0,262144,shuffle,0.12511939076229492,0.9997795265729895,0.07065438574397412,0.07059179047293973
get,256,4,131200,reverse,-0.2926444505991434,0.9981067976606818,0.11776216093175006,0.11899634125275219
get,256,4,131200,transpose,0.04678490746627903,0.9986013780466312,0.11776216093175006,0.11867965143546998
get,256,4,131200,shuffle,0.17458464444924485,0.9978072314180461,0.11776216093175006,0.11894928427409417
get,256,4,131328,reverse,0.08014592554707008,0.9998165089293221,0.13613973854698982,0.13637758520559665
get,256,4,131328,transpose,0.058240949285592765,0.9999271417745325,0.13613973854698982,0.13592809662227132
get,256,4,131328,shuffle,0.045543602413797145,0.9998623047882516,0.13613973854698982,0.1359607907371081
get,256,4,135168,reverse,0.08769641927312372,0.9999819088030697,0.13791158253656946,0.13791569020059263
get,256,4,135168,transpose,0.08193043991934292,0.9999653031140295,0.13791158253656946,0.1375063573445995
get,256,4,135168,shuffle,0.053661728498875835,0.9999916362965453,0.13791158253656946,0.1377412784165476
get,256,4,262144,reverse,-0.08143667804516681,0.9999826980770795,0.12513977323911687,0.1239197120842975
get,256,4,262144,transpose,-0.09964903503947388,0.999990685655773,0.12513977323911687,0.12524612262374127
get,256,4,262144,shuffle,-0.10978342593614022,0.999992374458698,0.12513977323911687,0.12524707043765168
get,4096,0,131200,reverse,0.22698184565446602,0.5484775917683602,0.0036069974667085683,0.0036547124307641323
get,4096,0,131200,transpose,0.004766529664157475,0.49649359285062916,0.0036069974667085683,0.006891308668806705
get,4096,0,131200,shuffle,0.26769106167350504,0.3308892965880116,0.0036069974667085683,0.0037006136903691297
get,4096,0,131328,reverse,0.3067130576380211,0.8349943032866004,0.00337435841006622,0.0028523741896833437
get,4096,0,131328,transpose,-0.09177553504786745,0.2142599523719783,0.00337435841006622,0.0022951494282133825
get,4096,0,131328,shuffle,0.03552334082168512,0.49039133846807526,0.00337435841006622,0.010538793072326542
get,4096,0,135168,reverse,-0.20626878525420983,0.6428741622600006,0.0024664890836165352,0.0029400578747944524
get,4096,0,135168,transpose,0.16340809799001985,0.4080631635582202,0.0024664890836165352,0.002503756827999381
get,4096,0,135168,shuffle,0.18839983815553066,0.14873217079740195,0.0024664890836165352,0.0011912029552444742
get,4096,0,262144,reverse,0.012095087315718801,0.17201842872701995,0.0004965124117596459,0.0002642430770605409
get,4096,0,262144,transpose,0.16773715281675022,0.3972445748703134,0.0004965124117596459,0.0005063227664089875
get,4096,0,262144,shuffle,0.22502010932906596,0.5094201482478626,0.0004965124117596459,0.0005379475277640332
get,4096,4,131200,reverse,-0.2885147012594815,0.6932243855381967,0.0047774497460798355,0.003762016580202839
get,4096,4,131200,transpose,-0.021195792574352175,0.29008582446805864,0.0047774497460798355,0.004463807734067602
get,4096,4,131200,shuffle,0.08757138027740458,0.38356289607649713,0.0047774497460798355,0.004096451436397473
get,4096,4,131328,reverse,-0.1798847568883001,0.7113373091226848,0.0050303591022205765,0.004708447283515038
get,4096,4,131328,transpose,0.07271604490785176,-0.3003965912371309,0.0050303591022205765,0.004962040472771115
get,4096,4,131328,shuffle,0.17005518524477445,0.4604045949608703,0.0050303591022205765,0.004333435366468164
get,4096,4,135168,reverse,0.2113114767488911,0.7163567340733014,0.0029971872175678684,0.0042300280643582655
get,4096,4,135168,transpose,0.2529614608842799,0.32706410760115134,0.0029971872175678684,0.0029539596803051156
get,4096,4,135168,shuffle,-0.036995058951083355,0.06240850929737925,0.0029971872175678684,0.0007077588379934971
get,4096,4,262144,reverse,0.2247297227521623,0.4498945386447092,0.0027820505738403484,0.002880928706123129
get,4096,4,262144,transpose,0.14449040058464266,0.459801965006173,0.0027820505738403484,0.003636444863784362
get,4096,4,262144,shuffle,0.19924398395464862,0.3935910915658619,0.0027820505738403484,0.004013387364726736
get,32768,0,131200,reverse,0.8054484315350535,-0.3301790148300962,0.01050499091538145,0.009613644871717324
get,32768,0,131200,transpose,-0.3858038559975116,-0.0728566778722113,0.01050499091538145,0.005568901024870323
get,32768,0,131200,shuffle,-0.2552608335115652,0.052412225450707776,0.01050499091538145,0.006371704314868654
get,32768,0,131328,reverse,0.7069017839664038,-0.1613270146700492,0.010698610368901488,0.010964294077222068
get,32768,0,131328,transpose,-0.5114333447833163,-0.27007374328140155,0.010698610368901488,0.004202771434400031
get,32768,0,131328,shuffle,-0.43074822567659665,0.08512575999341858,0.010698610368901488,0.0038208269087280397
get,32768,0,135168,reverse,0.6294244981612694,0.13226780365545426,0.008659850000270914,0.005274014403608812
get,32768,0,135168,transpose,-0.37310975708412425,-0.03094950987520404,0.008659850000270914,0.006645042829148046
get,32768,0,135168,shuffle,-0.24911601410483722,0.09857692649617258,0.008659850000270914,0.0030413115502752617
get,32768,0,262144,reverse,-0.8015177229647941,0.8525179060151856,0.0017148085629186615,0.0028574092104265932
get,32768,0,262144,transpose,0.7945190304825677,0.0947125617642255,0.0017148085629186615,0.00329061772214726
get,32768,0,262144,shuffle,0.4098273051410765,-0.2177185610680152,0.0017148085629186615,0.0012798127179719434
get,32768,4,131200,reverse,0.9538693674041555,-0.32647484064583826,0.010436701405469784,0.012861897771656047
get,32768,4,131200,transpose,-0.4299590227335078,0.04296871086841817,0.010436701405469784,0.007233657821300918
get,32768,4,131200,shuffle,-0.5005101868322726,0.32541612996626657,0.010436701405469784,0.002195873970182897
get,32768,4,131328,reverse,0.8064667497255873,-0.1844739477157698,0.009981993770940245,0.011792634146002394
get,32768,4,131328,transpose,-0.4443122980615031,0.10224737993235292,0.009981993770940245,0.007332944382682979
get,32768,4,131328,shuffle,-0.6998178663353096,0.24448309407429586,0.009981993770940245,0.002431889416031358
get,32768,4,135168,reverse,0.5688352725092709,0.03275336259055807,0.008030580494742024,0.005536886230647729
get,32768,4,135168,transpose,-0.5059856865985723,-0.20381951872680304,0.008030580494742024,0.004369968461165655
get,32768,4,135168,shuffle,-0.47926006503953295,0.14339717055592724,0.008030580494742024,0.002614032927800507
get,32768,4,262144,reverse,-0.04576398530004744,0.41649986310328835,0.0017437621410668848,0.0033482990751809243
get,32768,4,262144,transpose,-0.5667945613599985,-0.05368726429996671,0.0017437621410668848,0.002663156075197078
get,32768,4,262144,shuffle,0.5451449654546905,0.14464143920090955,0.0017437621410668848,0.0009284173757873229
get,65536,0,131200,reverse,0.9066709860691904,-0.23637174675590442,0.009255068442151156,0.01079008902667126
get,65536,0,131200,transpose,-0.4868618348413129,-0.06490133718284007,0.009255068442151156,0.008291613770302676
get,65536,0,131200,shuffle,-0.26855184049049163,0.19901800356404323,0.009255068442151156,0.003270166902047991
get,65536,0,131328,reverse,0.8880312311701732,-0.13666674246752178,0.009929786534666694,0.010108760321651691
get,65536,0,131328,transpose,-0.3832104774872213,-0.27484517156022154,0.009929786534666694,0.005891153067325278
get,65536,0,131328,shuffle,-0.3384560319743809,0.21462729911881392,0.009929786534666694,0.002191606080448451
get,65536,0,135168,reverse,0.6824862194120167,0.13444329684623804,0.008455277217328283,0.004860430343131021
get,65536,0,135168,transpose,-0.4156118699771948,-0.026158281492685207,0.008455277217328283,0.005340757120000571
get,65536,0,135168,shuffle,-0.3810227339014913,-0.005613368478444032,0.008455277217328283,0.0028491555893631515
get,65536,0,262144,reverse,-0.5824428649797383,0.40713231256205457,0.0018493403386764123,0.0010780012794308533
get,65536,0,262144,transpose,-0.7354664547299132,0.0565969416695889,0.0018493403386764123,0.004309739682758021
get,65536,0,262144,shuffle,0.4028764650319815,0.23571879109444185,0.0018493403386764123,0.0009943400687845967
get,65536,4,131200,reverse,0.8558804478498147,-0.23395924083228106,0.01720307696300589,0.010248205820763284
get,65536,4,131200,transpose,-0.49799394608689196,-0.30289194838567807,0.01720307696300589,0.004133760162830258
get,65536,4,131200,shuffle,-0.4792735494962549,0.11458829698281764,0.01720307696300589,0.002588239959469158
get,65536,4,131328,reverse,0.9423861473832793,-0.14580385524713224,0.0125030932601939,0.011538612039851676
get,65536,4,131328,transpose,-0.5458502106683989,-0.33375388422755925,0.0125030932601939,0.004611443715299378
get,65536,4,131328,shuffle,-0.340996902862292,0.2053464409462474,0.0125030932601939,0.0029307786916399053
get,65536,4,135168,reverse,0.7685658589977353,0.18806212454417354,0.004854982185360493,0.004364754886732636
get,65536,4,135168,transpose,-0.3263608563504046,0.01629670052518595,0.004854982185360493,0.005555119798492901
get,65536,4,135168,shuffle,-0.2677327265093816,-0.1015311241613011,0.004854982185360493,0.002760373569493512
get,65536,4,262144,reverse,0.6232858097171382,-0.43994148169177605,0.0008836756475741176,0.0013191324768545708
get,65536,4,262144,transpose,0.5957126031283941,-0.10571294618709658,0.0008836756475741176,0.0020476443831603554
get,65536,4,262144,shuffle,0.10998081546571871,-0.17639353288357681,0.0008836756475741176,0.0020696317024185124
get,98304,0,131200,reverse,0.9484092916436665,-0.15471945555855446,0.013046099350740385,0.012439480683580695
get,98304,0,131200,transpose,-0.5097028972244625,-0.37281214541803387,0.013046099350740385,0.003686651940737384
get,98304,0,131200,shuffle,-0.4258370919457436,0.1919448532437085,0.013046099350740385,0.0027979425710130527
get,98304,0,131328,reverse,0.9826406753431043,-0.1626899734215034,0.013225160686560865,0.01523637977493835
get,98304,0,131328,transpose,-0.5032683438031971,-0.3126969566463353,0.013225160686560865,0.005584323964074975
get,98304,0,131328,shuffle,-0.21299862584300663,0.14010598195983243,0.013225160686560865,0.003680534311794233
get,98304,0,135168,reverse,0.8280733732135928,0.011516723428112,0.004537805790977972,0.008331809788239455
get,98304,0,135168,transpose,-0.4548831323255534,-0.43226342034044907,0.004537805790977972,0.004115297010171944
get,98304,0,135168,shuffle,-0.33438423942036777,-0.14120884572705286,0.004537805790977972,0.002997394315987567
get,98304,0,262144,reverse,0.42521312857907606,0.12386598360476923,0.0011745079282772103,0.0014461845851160252
get,98304,0,262144,transpose,-0.1526886441101658,0.21917794309905214,0.0011745079282772103,0.0016932408886142804
get,98304,0,262144,shuffle,0.9873837817690808,0.027061806040605436,0.0011745079282772103,0.0014229076120441891
get,98304,4,131200,reverse,0.8823824080164757,-0.22427822650479776,0.012082528215409102,0.012041647787575606
get,98304,4,131200,transpose,-0.41855297187114066,-0.06002541672497591,0.012082528215409102,0.007952315702963245
get,98304,4,131200,shuffle,-0.5608631578180188,0.16955233621148616,0.012082528215409102,0.004045505554008047
get,98304,4,131328,reverse,0.9181318907045171,-0.20391366688310567,0.01419263944415352,0.010658703092946222
get,98304,4,131328,transpose,-0.40258858823944066,-0.0745387122962204,0.01419263944415352,0.005437601927448727
get,98304,4,131328,shuffle,-0.23986443369841495,0.3152855851590724,0.01419263944415352,0.0024673592762275015
get,98304,4,135168,reverse,0.8145767692148663,0.3785110823765915,0.004748333644678726,0.0056099189456363385
get,98304,4,135168,transpose,-0.5586121401565354,0.2994721659879644,0.004748333644678726,0.004423010111320382
get,98304,4,135168,shuffle,-0.5381678697281783,-0.1342330710201156,0.004748333644678726,0.004806864546588312
get,98304,4,262144,reverse,-0.12550296909785177,0.1596784769176737,0.003587625844724262,0.004383514893679081
get,98304,4,262144,transpose,-0.04903161852533744,0.040379413934760924,0.003587625844724262,0.004852178992322681
get,98304,4,262144,shuffle,0.8999395393124626,-0.08248687335586094,0.003587625844724262,0.003309370481669174
get,131072,0,131200,reverse,0.8414355477037622,-0.2672447638210119,0.006863710059828944,0.006233259617310606
get,131072,0,131200,transpose,-0.557170238382794,0.16284816524186999,0.006863710059828944,0.004605223573684168
get,131072,0,131200,shuffle,-0.1952470726434447,0.3389343501735759,0.006863710059828944,0.0025308412246946035
get,131072,0,131328,reverse,0.9679012897448983,-0.13280544721644633,0.008339050106926085,0.01269044765215121
get,131072,0,131328,transpose,-0.4919026752957672,-0.29783772415582993,0.008339050106926085,0.0031441368597139134
get,131072,0,131328,shuffle,-0.15052410735511715,0.05207570004032801,0.008339050106926085,0.002877194674798479
get,131072,0,135168,reverse,0.5541363486948645,0.011809438629233993,0.0050827862846429565,0.0065897531267480386
get,131072,0,135168,transpose,-0.382960013380224,-0.06774078886538697,0.0050827862846429565,0.003908059874049853
get,131072,0,135168,shuffle,-0.5063464135415002,0.06763105151771218,0.0050827862846429565,0.0034524919011381114
get,131072,0,262144,reverse,0.14108280866476505,0.9716898696915669,0.003900454589568642,0.0024835621274028347
get,131072,0,262144,transpose,0.9784569811311751,0.22140100401211232,0.003900454589568642,0.0023180311371157445
get,131072,0,262144,shuffle,0.15409713116297258,-0.21407234509198786,0.003900454589568642,0.004428387050788533
get,131072,4,131200,reverse,0.5820193241295544,-0.3358551662785387,0.004437688646312895,0.004766601367490232
get,131072,4,131200,transpose,-0.03704507576735476,-0.05395708382213633,0.004437688646312895,0.0028700666385708513
get,131072,4,131200,shuffle,-0.26323792838859306,0.03129532401661868,0.004437688646312895,0.004681682138233276
get,131072,4,131328,reverse,0.9147698986983503,-0.03746760881776541,0.010219834760176707,0.007296414799935793
get,131072,4,131328,transpose,-0.7169307304972956,-0.514215700645177,0.010219834760176707,0.002164295116755663
get,131072,4,131328,shuffle,-0.31697864168002815,0.17771450211345713,0.010219834760176707,0.0023742760777331062
get,131072,4,135168,reverse,0.8004745880035058,-0.014470224703608167,0.005151664605400422,0.005551088188623779
get,131072,4,135168,transpose,-0.45504627759436145,-0.0823709213949236,0.005151664605400422,0.004579243651266298
get,131072,4,135168,shuffle,-0.2130347155527471,0.11737918551665764,0.005151664605400422,0.0028630740981655184
get,131072,4,262144,reverse,0.7386005395175976,-0.5302583065712443,0.0033048214834648154,0.003293836026644633
get,131072,4,262144,transpose,-0.8623257669756298,0.045492348804316546,0.0033048214834648154,0.005528865590991492
get,131072,4,262144,shuffle,-0.0028026538782157107,0.12597987513294315,0.0033048214834648154,0.0011527400869229723
put,64,0,131200,reverse,-0.8095367207461864,0.8274022379817011,0.01220181655452063,0.013907920675191279
put,64,0,131200,transpose,-0.0592678290376135,0.985082521225025,0.01220181655452063,0.010732613528647737
put,64,0,131200,shuffle,-0.20709667283525135,0.07279660078724437,0.01220181655452063,0.09313799183241805
put,64,0,131328,reverse,-0.9569137884592193,0.95499388401449,0.012277166734488084,0.006198739124993964
put,64,0,131328,transpose,0.005932011268964529,0.993751715656626,0.012277166734488084,0.03026817177561078
put,64,0,131328,shuffle,0.05960631465784961,0.7548071117369174,0.012277166734488084,0.04228088096793208
put,64,0,135168,reverse,0.9986449111782478,-0.998173262096885,0.0008245919474885588,0.0006676263037228957
put,64,0,135168,transpose,0.999415845869561,0.11651226286572657,0.0008245919474885588,0.0007594420688671139
put,64,0,135168,shuffle,0.9984749974092267,0.028583246264223483,0.0008245919474885588,0.0007094013363436252
put,64,0,262144,reverse,0.9976720568236114,-0.9972201400070858,0.0008962264836736214,0.0008577970091825985
put,64,0,262144,transpose,0.9974761682468639,0.1846012364306064,0.0008962264836736214,0.0007251157463887553
put,64,0,262144,shuffle,0.9971399334552153,0.015628916507092944,0.0008962264836736214,0.0007820854986365231
put,64,4,131200,reverse,-0.9792252693423931,0.9832652053534344,0.016186857764677588,0.015141298666054027
put,64,4,131200,transpose,-0.03702552356414774,0.9971918927895472,0.016186857764677588,0.016809466310963334
put,64,4,131200,shuffle,-0.2784393358174089,0.09382616745176706,0.016186857764677588,0.08894996569118022
put,64,4,131328,reverse,-0.967429168537954,0.9664769933500784,0.00290404688809789,0.011258131067726105
put,64,4,131328,transpose,0.0023918265073615995,0.9790457047220049,0.00290404688809789,0.029557785235091703
put,64,4,131328,shuffle,0.0785945434197487,0.656748947762156,0.00290404688809789,0.03754177398439674
put,64,4,135168,reverse,0.9987938710014449,-0.33295902760480484,0.0034025930411050835,0.0035042333133525005
put,64,4,135168,transpose,0.9996614518822878,-0.1750453853766762,0.0034025930411050835,0.0033966856785539895
put,64,4,135168,shuffle,0.9985384371385727,-0.0640097408409454,0.0034025930411050835,0.005071554689226191
put,64,4,262144,reverse,0.999011168001734,-0.19675446054772674,0.0029350992633914823,0.0029302702922967346
put,64,4,262144,transpose,0.9991228043577925,-0.17086426149930428,0.0029350992633914823,0.003706764605751618
put,64,4,262144,shuffle,0.9977400895412297,-0.029127074615350152,0.0029350992633914823,0.0041842415241203695
put,128,0,131200,reverse,0.3274864602088053,-0.3093487850654458,0.014055813604232185,0.015345987085303764
put,128,0,131200,transpose,0.40338320971906655,0.5416900028546145,0.014055813604232185,0.013294272624822955
put,128,0,131200,shuffle,0.016128278906215314,0.05429164912225057,0.014055813604232185,0.049244005199136465
put,128,0,131328,reverse,-0.39989556878811666,0.3742982118526563,0.0035528585265821623,0.0034349955283983556
put,128,0,131328,transpose,0.03105886304267229,0.8555913091051868,0.0035528585265821623,0.0319999226917132
put,128,0,131328,shuffle,0.16238185197351931,0.2544881106124836,0.0035528585265821623,0.03343123849907715
put,128,0,135168,reverse,0.9916689231551492,-0.9872218273757518,0.0011461421655792779,0.0012104419329477855
put,128,0,135168,transpose,0.9890919949833963,0.5465935057742918,0.0011461421655792779,0.0013629887085760265
put,128,0,135168,shuffle,0.27007627996424627,-0.11731470676240772,0.0011461421655792779,0.0004197574913050118
put,128,0,262144,reverse,0.8004513846144851,-0.7982800572731583,0.00019969907973673874,0.0017417644503556937
put,128,0,262144,transpose,0.7636287614621395,0.18772833822026544,0.00019969907973673874,0.0025222969408318714
put,128,0,262144,shuffle,0.7625853980380916,-0.09279188880830577,0.00019969907973673874,0.002248965681078799
put,128,4,131200,reverse,-0.7459056124568066,0.997524368866482,0.04851248918883083,0.04889204063830623
put,128,4,131200,transpose,-0.0008800883718652936,0.9145665712191658,0.04851248918883083,0.04676931225763012
put,128,4,131200,shuffle,-0.35703440273152454,0.6948333260584484,0.04851248918883083,0.09244628337737434
put,128,4,131328,reverse,-0.9715535844682636,0.9669246986322253,0.03853367687807875,0.035514407711470644
put,128,4,131328,transpose,0.009288391819208153,0.9817029324198557,0.03853367687807875,0.04508450354202101
put,128,4,131328,shuffle,0.026310441541659384,0.7225856418569659,0.03853367687807875,0.05634253518872228
put,128,4,135168,reverse,0.9999646541087973,-0.22175978200314964,0.030328929489433987,0.03018478702330466
put,128,4,135168,transpose,0.9998777209962351,0.028947872113850102,0.030328929489433987,0.030476748578516774
put,128,4,135168,shuffle,0.999852751358521,-0.08628554871182942,0.030328929489433987,0.030445278690829063
put,128,4,262144,reverse,0.9998509553207887,-0.2292615278577093,0.028926180696920625,0.02903503828063495
put,128,4,262144,transpose,0.9995631185001078,0.02388378771772179,0.028926180696920625,0.03190608762001315
put,128,4,262144,shuffle,0.9992680083145077,-0.0834015850144395,0.028926180696920625,0.032860701367248
put,256,0,131200,reverse,-0.26068086432917636,0.9138720680562551,0.03072389638402533,0.030873027835254276
put,256,0,131200,transpose,0.06482446890856249,0.9355818937763841,0.03072389638402533,0.025520235790879125
put,256,0,131200,shuffle,-0.19380448567691858,0.6296490387532724,0.03072389638402533,0.04659280319411002
put,256,0,131328,reverse,-0.3620708243976385,0.1475022082445421,0.0224112921770444,0.02198694181145757
put,256,0,131328,transpose,0.31993790594331123,0.6512524019960865,0.0224112921770444,0.01951801589347584
put,256,0,131328,shuffle,0.322560529347785,0.33215084706125586,0.0224112921770444,0.02456269725372682
put,256,0,135168,reverse,-0.9999905364453497,0.9999914394046925,0.007064973053647819,0.02056998313140384
put,256,0,135168,transpose,-0.9999917135328368,0.0014236628162525853,0.007064973053647819,0.017938067364029607
put,256,0,135168,shuffle,-0.9999881726486824,-0.0628538467536963,0.007064973053647819,0.017618042754121
put,256,0,262144,reverse,0.9998038879401042,-0.9997733531420409,0.00586226457723427,0.0012400813367456887
put,256,0,262144,transpose,0.9999927705000506,-0.0023781500247541817,0.00586226457723427,0.022881978561590025
put,256,0,262144,shuffle,0.9999079433685608,0.061422419227809624,0.00586226457723427,0.0016648373834533027
put,256,4,131200,reverse,-0.9766982533665839,0.9851152877058511,0.06313262015836558,0.06556048747224574
put,256,4,131200,transpose,0.0697076104520607,-0.4772198950960483,0.06313262015836558,0.02451147124652343
put,256,4,131200,shuffle,0.29497088451353204,0.3194727931333238,0.06313262015836558,0.046201856261556304
put,256,4,131328,reverse,0.9982772095725114,-0.25238642766277203,0.02758640622089562,0.025135932540297817
put,256,4,131328,transpose,0.9661815627196825,-0.004956049547023816,0.02758640622089562,0.02420413561508599
put,256,4,131328,shuffle,0.3377634836860483,-0.0433386676864871,0.02758640622089562,0.03983933759826636
put,256,4,135168,reverse,0.9980067280985155,-0.24027382156478014,0.024774241507114873,0.023179953566583207
put,256,4,135168,transpose,0.9997043822361813,0.05400946960551249,0.024774241507114873,0.022760402927783616
put,256,4,135168,shuffle,0.9997627174296445,-0.09685051020498134,0.024774241507114873,0.025290451315907347
put,256,4,262144,reverse,0.9998680462232926,-0.24918222745286406,0.023412323220918293,0.023831745729516646
put,256,4,262144,transpose,0.9994202877701429,0.04256496361592045,0.023412323220918293,0.024607473690776382
put,256,4,262144,shuffle,0.9994113482417621,-0.09650493226038685,0.023412323220918293,0.025042550489778742
put,4096,0,131200,reverse,0.9973211582544722,-0.8273710671504573,0.01892138282427943,0.018702857157252395
put,4096,0,131200,transpose,0.946999734551969,-0.023356441078833598,0.01892138282427943,0.01822069288825518
put,4096,0,131200,shuffle,0.9239863617360411,-0.08268601110278047,0.01892138282427943,0.018649108235185195
put,4096,0,131328,reverse,0.9997580830798714,-0.7108516246683042,0.01904571475300044,0.018763019781796328
put,4096,0,131328,transpose,0.7424952063614125,-0.04973685471369653,0.01904571475300044,0.018521688819710017
put,4096,0,131328,shuffle,0.9584896145490533,-0.06776702238643513,0.01904571475300044,0.01933470550108549
put,4096,0,135168,reverse,0.9978527438002779,-0.8423619620852784,0.018959012716820416,0.018573544102717252
put,4096,0,135168,transpose,0.9976579339305752,-0.007847004409268625,0.018959012716820416,0.02002192514543367
put,4096,0,135168,shuffle,0.9954251876464623,-0.10137470858609174,0.018959012716820416,0.019452999371260767
put,4096,0,262144,reverse,0.9979824853665713,-0.8769362880748647,0.019845296645920184,0.019274951835064818
put,4096,0,262144,transpose,0.9985620560780089,-0.11252995395141246,0.019845296645920184,0.019166361005605467
put,4096,0,262144,shuffle,0.9918150292816296,-0.11399358226596101,0.019845296645920184,0.019235289690846924
put,4096,4,131200,reverse,0.9909811294222652,-0.6577505028635929,0.017088373275170845,0.01685123195236615
put,4096,4,131200,transpose,0.731519308034543,0.14313679244209687,0.017088373275170845,0.01582138057514309
put,4096,4,131200,shuffle,0.7935020106150026,-0.08862733675347984,0.017088373275170845,0.016928571913969938
put,4096,4,131328,reverse,0.9984547462379848,-0.7400814947563121,0.021018589882844423,0.020781600790538746
put,4096,4,131328,transpose,0.11663443385986791,0.3435724123126623,0.021018589882844423,0.01675925722706617
put,4096,4,131328,shuffle,0.8325659411242731,-0.12603596219417787,0.021018589882844423,0.016041739402500494
put,4096,4,135168,reverse,0.9804159639145602,-0.7157728387673792,0.01576819721844109,0.016023142651202783
put,4096,4,135168,transpose,0.9949528514437017,0.17309654966534707,0.01576819721844109,0.015848854970411292
put,4096,4,135168,shuffle,0.9912429834639058,-0.1060758221997579,0.01576819721844109,0.016710085958205913
put,4096,4,262144,reverse,0.9982500195884358,-0.7687998336796525,0.01617483568417267,0.016229382111697548
put,4096,4,262144,transpose,0.9991549613511572,-0.016828190095752097,0.01617483568417267,0.016676830471079783
put,4096,4,262144,shuffle,0.9941760838166658,-0.06205851014422666,0.01617483568417267,0.017407841374228062
put,32768,0,131200,reverse,0.9996929219966287,-0.8153443884506325,0.01773017313201398,0.017812700444708285
put,32768,0,131200,transpose,0.9719793021359454,-0.020643265539490207,0.01773017313201398,0.018371589874373772
put,32768,0,131200,shuffle,0.9788187004485738,-0.08833207435622002,0.01773017313201398,0.0187688821322872
put,32768,0,131328,reverse,0.9990488654145955,-0.7567814126723063,0.017625131244303947,0.01757314076656231
put,32768,0,131328,transpose,0.8907017200326465,0.07873428126830462,0.017625131244303947,0.01831523331701746
put,32768,0,131328,shuffle,0.9684523267560853,-0.08777630937935017,0.017625131244303947,0.01944424550730261
put,32768,0,135168,reverse,0.9994530960089536,-0.8301112464481553,0.01826401006326594,0.018217169622993048
put,32768,0,135168,transpose,0.9991628740097168,0.01891822628230784,0.01826401006326594,0.018362592753096336
put,32768,0,135168,shuffle,0.9994948774671851,-0.10316444432935905,0.01826401006326594,0.01928473239667992
put,32768,0,262144,reverse,0.9998148281688664,-0.8551714797753439,0.018997275973256872,0.018901877988517918
put,32768,0,262144,transpose,0.999940250303059,-0.009813329115746217,0.018997275973256872,0.01902972776214992
put,32768,0,262144,shuffle,0.9997328319677058,-0.10586535220007467,0.018997275973256872,0.01882380284452142
put,32768,4,131200,reverse,0.989531576946099,-0.7894995131204716,0.017527914084384838,0.017530650073307362
put,32768,4,131200,transpose,0.9677612058195364,-0.011669499108037945,0.017527914084384838,0.01830379354882441
put,32768,4,131200,shuffle,0.966930219104241,-0.09366236489446444,0.017527914084384838,0.018597614758863214
put,32768,4,131328,reverse,0.9999169328839856,-0.8019670106928596,0.01753677636408377,0.017389917057497508
put,32768,4,131328,transpose,0.9728988005961444,0.11333138606947642,0.01753677636408377,0.018106144608762385
put,32768,4,131328,shuffle,0.983944771374392,-0.10701510827364356,0.01753677636408377,0.01879592877669805
put,32768,4,135168,reverse,0.9997362025190034,-0.83793153121887,0.017558556605005233,0.017968279474672506
put,32768,4,135168,transpose,0.9995487476825727,-0.0027728668181845515,0.017558556605005233,0.01820056252049419
put,32768,4,135168,shuffle,0.9996702593031652,-0.10559032357123353,0.017558556605005233,0.01847513450153131
put,32768,4,262144,reverse,0.9998379534639752,-0.8560018636529255,0.01846240961807197,0.018474437614405932
put,32768,4,262144,transpose,0.9998571566919069,-0.00926715877316481,0.01846240961807197,0.018268790878415816
put,32768,4,262144,shuffle,0.999771127128743,-0.1090440321708503,0.01846240961807197,0.018351118221310803
put,65536,0,131200,reverse,0.999850813756952,-0.8107320700868393,0.017642966554702887,0.017620652050426452
put,65536,0,131200,transpose,0.9765325628669466,0.0019134355641963678,0.017642966554702887,0.018311382651232163
put,65536,0,131200,shuffle,0.9749596478807872,-0.08841526442792592,0.017642966554702887,0.018988562692083
put,65536,0,131328,reverse,0.9999599203355858,-0.7664481890606463,0.017498015390320407,0.01762449666992607
put,65536,0,131328,transpose,0.9168277715885714,0.0904371749708865,0.017498015390320407,0.018610795679260293
put,65536,0,131328,shuffle,0.9771839211101176,-0.09095793179540569,0.017498015390320407,0.019022408645192064
put,65536,0,135168,reverse,0.9999539975809889,-0.8395407702884444,0.017951906507839083,0.018211594944713857
put,65536,0,135168,transpose,0.9994514125989655,0.017119100713974034,0.017951906507839083,0.018448465181357253
put,65536,0,135168,shuffle,0.9995208868801705,-0.11118269307857907,0.017951906507839083,0.018667482072172177
put,65536,0,262144,reverse,0.999856699185727,-0.8580128905811111,0.018920379314175544,0.018999250814214115
put,65536,0,262144,transpose,0.9998422815204451,0.004602821312446587,0.018920379314175544,0.01915499352540346
put,65536,0,262144,shuffle,0.9999044124699467,-0.11003332789667822,0.018920379314175544,0.018901859834167214
put,65536,4,131200,reverse,0.9965803065140428,-0.8020097670104309,0.017520638202692927,0.017554522481747416
put,65536,4,131200,transpose,0.9745897637846391,-0.018188182242647816,0.017520638202692927,0.018290093551883758
put,65536,4,131200,shuffle,0.9740613209101872,-0.09082156139844684,0.017520638202692927,0.018524107639251587
put,65536,4,131328,reverse,0.9999121096428374,-0.7959261895590308,0.01742172866451672,0.01747249766647363
put,65536,4,131328,transpose,0.9653845342193662,0.11612207641279762,0.01742172866451672,0.018328842804086077
put,65536,4,131328,shuffle,0.9862099946710358,-0.1041284711179841,0.01742172866451672,0.018817930509573873
put,65536,4,135168,reverse,0.9998575188971152,-0.8347687079696334,0.018345034738182123,0.018126507685180995
put,65536,4,135168,transpose,0.9994948614200695,-0.003812664196037083,0.018345034738182123,0.018319295746542966
put,65536,4,135168,shuffle,0.9998485069055564,-0.10712767426427723,0.018345034738182123,0.01884986719294902
put,65536,4,262144,reverse,0.999846066519738,-0.8551073034131925,0.018455463588184767,0.018760437972339502
put,65536,4,262144,transpose,0.9995105772166342,-0.0010078991358555946,0.018455463588184767,0.01868500561754923
put,65536,4,262144,shuffle,0.999538870560658,-0.11065407197160762,0.018455463588184767,0.018315629133271893
put,98304,0,131200,reverse,0.9997052266328041,-0.8157786139013379,0.017634028688900724,0.01772250011034838
put,98304,0,131200,transpose,0.9772980494576646,-0.003990914884157209,0.017634028688900724,0.0182568777384442
put,98304,0,131200,shuffle,0.9766123949412386,-0.08882756989754007,0.017634028688900724,0.01853115312940278
put,98304,0,131328,reverse,0.9998821270871616,-0.76288761991783,0.0175581028963188,0.017584650875175894
put,98304,0,131328,transpose,0.9152046057848408,0.07932472243235321,0.0175581028963188,0.01839617591313323
put,98304,0,131328,shuffle,0.9803517685634419,-0.08476363501692816,0.0175581028963188,0.019080344392572002
put,98304,0,135168,reverse,0.9999383357833569,-0.8368947918119666,0.018115386915005433,0.018132997926312053
put,98304,0,135168,transpose,0.9995741147757742,-0.0021777768005599597,0.018115386915005433,0.018467404394121954
put,98304,0,135168,shuffle,0.9997686609625206,-0.10824767861141078,0.018115386915005433,0.018663291442859494
put,98304,0,262144,reverse,0.9998542055314513,-0.8560943110956647,0.019178205614383957,0.018932690801827492
put,98304,0,262144,transpose,0.9999764558691403,0.002793523786206507,0.019178205614383957,0.0190640790979708
put,98304,0,262144,shuffle,0.9999211473743201,-0.10888032775336416,0.019178205614383957,0.018685076649948888
put,98304,4,131200,reverse,0.9990356102282784,-0.807039318567257,0.017607975425143012,0.01762173324770683
put,98304,4,131200,transpose,0.9715251445579766,0.005602393210257234,0.017607975425143012,0.018326041103193264
put,98304,4,131200,shuffle,0.9762234788134754,-0.0923218571010508,0.017607975425143012,0.018879882663498184
put,98304,4,131328,reverse,0.99981886348205,-0.7908196094860921,0.017600661422624495,0.017521683054541527
put,98304,4,131328,transpose,0.9593676403254704,0.08985804752789137,0.017600661422624495,0.01848827531392309
put,98304,4,131328,shuffle,0.9884138592006203,-0.1011349584437574,0.017600661422624495,0.018914687405968147
put,98304,4,135168,reverse,0.9997988935210428,-0.8310078287734105,0.017974816165565007,0.017875787565021343
put,98304,4,135168,transpose,0.9994086394736107,0.004654072102537077,0.017974816165565007,0.018308074960844106
put,98304,4,135168,shuffle,0.9996423476662526,-0.10615096754200118,0.017974816165565007,0.018647570609666445
put,98304,4,262144,reverse,0.9998922974891339,-0.8495560057302552,0.018947511445626095,0.018679412461691077
put,98304,4,262144,transpose,0.9998500992030799,-0.008439740166936579,0.018947511445626095,0.018579047042476055
put,98304,4,262144,shuffle,0.999906539391475,-0.11016977236315484,0.018947511445626095,0.018535402188569923
put,131072,0,131200,reverse,0.9998173999809586,-0.8170776998771394,0.017670641934931706,0.018006325253614154
put,131072,0,131200,transpose,0.9789216668780936,-0.000467006949549233,0.017670641934931706,0.01845522111441999
put,131072,0,131200,shuffle,0.9759822129467172,-0.08904502357016764,0.017670641934931706,0.018845105783137635
put,131072,0,131328,reverse,0.999792434873845,-0.7606953049315345,0.01751689905946731,0.017738189232845453
put,131072,0,131328,transpose,0.922595882921728,0.08134051562288207,0.01751689905946731,0.018856467317993644
put,131072,0,131328,shuffle,0.9758073955557279,-0.08462185872288033,0.01751689905946731,0.019179084239991463
put,131072,0,135168,reverse,0.9998912257097367,-0.8365837313992788,0.017554080176455482,0.017814848892429368
put,131072,0,135168,transpose,0.9998143975609102,0.005192901275005168,0.017554080176455482,0.01871558422632809
put,131072,0,135168,shuffle,0.9997215291092539,-0.1055557823345039,0.017554080176455482,0.018739911728493767
put,131072,0,262144,reverse,0.9999422896958411,-0.8575483215113836,0.019001198555501846,0.01903169584614348
put,131072,0,262144,transpose,0.9999319997922864,-0.0021674071633598605,0.019001198555501846,0.0191538363755959
put,131072,0,262144,shuffle,0.9998719106210617,-0.10926519985847065,0.019001198555501846,0.01868052932358806
put,131072,4,131200,reverse,0.9994028827367907,-0.8081880565068966,0.017712894065951633,0.017904032600874968
put,131072,4,131200,transpose,0.9767877630354593,-0.0048924432562475915,0.017712894065951633,0.018536366324933166
put,131072,4,131200,shuffle,0.9767034278315122,-0.08945169726307521,0.017712894065951633,0.018780975418166045
put,131072,4,131328,reverse,0.9998907235083416,-0.7839690581009354,0.01756833380070797,0.01758465297202678
put,131072,4,131328,transpose,0.9544452500329005,0.08854389841614663,0.01756833380070797,0.018672487448243683
put,131072,4,131328,shuffle,0.9843544113331658,-0.0945370922166023,0.01756833380070797,0.018976321228803307
put,131072,4,135168,reverse,0.9996081995241752,-0.8389102312446809,0.018015383890265045,0.01794643951444724
put,131072,4,135168,transpose,0.9998214929602466,-0.0018277823823755366,0.018015383890265045,0.018606454078614207
put,131072,4,135168,shuffle,0.9999044609005973,-0.10952826889905865,0.018015383890265045,0.018757976805976666
put,131072,4,262144,reverse,0.999978077082373,-0.8498679331868758,0.01872215386599746,0.01858833055566775
put,131072,4,262144,transpose,0.9999840211396355,0.011950889192102009,0.01872215386599746,0.01863857413776722
put,131072,4,262144,shuffle,0.9998764597691295,-0.10891855785923307,0.01872215386599746,0.01857733708244435
iget,64,0,131200,reverse,0.05562982529569918,0.999979053584809,0.15910471776167193,0.15824222159747922
iget,64,0,131200,transpose,-0.13258091950049286,0.9999902978519832,0.15910471776167193,0.15861429665994675
iget,64,0,131200,shuffle,0.0978517562243473,0.9999348522536128,0.15910471776167193,0.15840913339498106
iget,64,0,131328,reverse,-0.12708800382702465,0.9336538322349347,0.2162639054671853,0.21629411235094995
iget,64,0,131328,transpose,0.16826320947113,0.8674648245863221,0.2162639054671853,0.20682258910736548
iget,64,0,131328,shuffle,0.13199210152109836,0.890733696702432,0.2162639054671853,0.21487874821485467
iget,64,0,135168,reverse,0.9973197802621927,0.9999757951383295,0.0649572853610784,0.06497027431907029
iget,64,0,135168,transpose,-0.015502547305976628,0.999990315035341,0.0649572853610784,0.06516741344074009
iget,64,0,135168,shuffle,0.05145386343364405,0.9999842194929872,0.0649572853610784,0.06511917289313816
iget,64,0,262144,reverse,0.9980646581648688,0.9999727592263242,0.0679887046127722,0.06814250346543313
iget,64,0,262144,transpose,0.14138734538827513,0.9999864798056144,0.0679887046127722,0.06814604399362295
iget,64,0,262144,shuffle,0.12300364535433339,0.9999487338199863,0.0679887046127722,0.06874783908422616
iget,64,4,131200,reverse,0.05604791239328228,0.9999752110894197,0.15919345480807662,0.1584436961961217
iget,64,4,131200,transpose,-0.13261794986725006,0.9999884484507601,0.15919345480807662,0.15840696650475397
iget,64,4,131200,shuffle,0.09983115316650534,0.9999839110768471,0.15919345480807662,0.1589309774959626
iget,64,4,131328,reverse,-0.01185995858835473,0.9557095147053637,0.2071463695877479,0.1993028364740735
iget,64,4,131328,transpose,0.03141615490450254,0.8584728010101084,0.2071463695877479,0.21346931105956277
iget,64,4,131328,shuffle,0.11399827016555347,0.9567923864944535,0.2071463695877479,0.203283836475254
iget,64,4,135168,reverse,0.9967522949788918,0.9999727848106615,0.06509762283304486,0.06488183466777735
iget,64,4,135168,transpose,-0.015693952417610995,0.9999839888111374,0.06509762283304486,0.0652320558450688
iget,64,4,135168,shuffle,0.05058457979225569,0.9999683929501634,0.06509762283304486,0.06512973541026496
iget,64,4,262144,reverse,0.9979831778605044,0.9999673186650642,0.06852652714535573,0.06823978558191547
iget,64,4,262144,transpose,0.1403599344977004,0.9999577808783302,0.06852652714535573,0.06824146051671691
iget,64,4,262144,shuffle,0.12357919133435397,0.9999374457262734,0.06852652714535573,0.06890339492749133
iget,128,0,131200,reverse,0.055568413458466956,0.9999810566923559,0.1590243839253594,0.15822632922901672
iget,128,0,131200,transpose,-0.13276679267077238,0.9999947489301835,0.1590243839253594,0.15862167000061897
iget,128,0,131200,shuffle,0.09957783635627222,0.9999739236534869,0.1590243839253594,0.15880537455865731
iget,128,0,131328,reverse,-0.0340757502830107,0.963235251605563,0.2146676866608891,0.2126548848428689
iget,128,0,131328,transpose,0.12828543736315673,0.9128153360696141,0.2146676866608891,0.20907530522123413
iget,128,0,131328,shuffle,0.11687425766101558,0.954901441169021,0.2146676866608891,0.2137739791937002
iget,128,0,135168,reverse,0.9973322437166526,0.9999542197877205,0.06511507546982058,0.06491138806953578
iget,128,0,135168,transpose,-0.01562364538143009,0.9999801894373758,0.06511507546982058,0.06507074209154322
iget,128,0,135168,shuffle,0.05087063524086325,0.9999683917673186,0.06511507546982058,0.0649992482767793
iget,128,0,262144,reverse,0.9979606862160505,0.9999783365518954,0.06817335200654534,0.06832078863548133
iget,128,0,262144,transpose,0.14126198519552277,0.999964836841724,0.06817335200654534,0.0681420958309821
iget,128,0,262144,shuffle,0.12325704470297348,0.9999572165389079,0.06817335200654534,0.0688276817882133
iget,128,4,131200,reverse,-0.16648035914870002,0.9995660450200791,0.15896201601936974,0.15957205147010306
iget,128,4,131200,transpose,-0.050694013896749573,0.999303924656679,0.15896201601936974,0.15920939267659778
iget,128,4,131200,shuffle,-0.08441498354070166,0.9997595602250327,0.15896201601936974,0.1602786788381983
iget,128,4,131328,reverse,-0.2507386430352877,0.9998107829549864,0.22737186265731302,0.22604039818594188
iget,128,4,131328,transpose,0.03608883163094225,0.999942678865926,0.22737186265731302,0.22607978588101954
iget,128,4,131328,shuffle,-0.12527312296710733,0.9999234560122306,0.22737186265731302,0.22460221276720319
iget,128,4,135168,reverse,0.997325498932013,0.9999753688457046,0.07497179259098527,0.07558172805485824
iget,128,4,135168,transpose,-0.0167394886115808,0.9999815057664827,0.07497179259098527,0.07495330638377141
iget,128,4,135168,shuffle,0.04358504753139117,0.9999580591926481,0.07497179259098527,0.07549356985397439
iget,128,4,262144,reverse,0.9868575659971275,0.9999652354431741,0.07077062430177869,0.07126875836507249
iget,128,4,262144,transpose,0.1450030442078228,0.9999681516313148,0.07077062430177869,0.07090912558182585
iget,128,4,262144,shuffle,0.12454421186083425,0.9999397216137176,0.07077062430177869,0.07052422193250324
iget,256,0,131200,reverse,-0.16384764246932518,0.9997668868931082,0.15765757704507644,0.1588408037184137
iget,256,0,131200,transpose,-0.06216152664287643,0.9998018666794604,0.15765757704507644,0.1587400878048589
iget,256,0,131200,shuffle,-0.08548430335989608,0.9992389192384076,0.15765757704507644,0.16069308212974007
iget,256,0,131328,reverse,-0.25050848453902225,0.9998213488112241,0.22702006776336076,0.2253583774473518
iget,256,0,131328,transpose,0.03512665231884658,0.9996117366945106,0.22702006776336076,0.2262467144339005
iget,256,0,131328,shuffle,-0.12260660102427187,0.9999176466462485,0.22702006776336076,0.22402651229891118
iget,256,0,135168,reverse,0.9977764340185512,0.9999685581861886,0.07528907257876123,0.07504611046155575
iget,256,0,135168,transpose,-0.01664522475661253,0.9999933245664491,0.07528907257876123,0.07511111385251591
iget,256,0,135168,shuffle,0.04360338077874569,0.9999670903591256,0.07528907257876123,0.07517269252618276
iget,256,0,262144,reverse,0.9872255307906294,0.9999803007944681,0.07094454030874532,0.07035588435723067
iget,256,0,262144,transpose,0.14448539098968236,0.9999932966362135,0.07094454030874532,0.07081778866178935
iget,256,0,262144,shuffle,0.12287502982879353,0.9999849054485074,0.07094454030874532,0.07059311065339101
iget,256,4,131200,reverse,-0.30437748060302766,0.9980529888952856,0.11782960080865684,0.11929131109682571
iget,256,4,131200,transpose,0.04897169403800544,0.9993482950889956,0.11782960080865684,0.11829923683373615
iget,256,4,131200,shuffle,0.18250109495326794,0.998122447414918,0.11782960080865684,0.11847653781148396
iget,256,4,131328,reverse,0.07979704368533261,0.9996756125256469,0.13526384787057544,0.13495258778641472
iget,256,4,131328,transpose,0.05808502692996702,0.9998798785195643,0.13526384787057544,0.13613131969880643
iget,256,4,131328,shuffle,0.041174416200976054,0.9998000760639233,0.13526384787057544,0.1358721212986824
iget,256,4,135168,reverse,0.09551890073257711,0.9999755155362637,0.13802349152522972,0.1374549792051808
iget,256,4,135168,transpose,0.08239966034771623,0.999982588343291,0.13802349152522972,0.13800462547804282
iget,256,4,135168,shuffle,0.052058911526998604,0.9999859495071685,0.13802349152522972,0.13776726971894054
iget,256,4,262144,reverse,-0.08049104162010524,0.9999855132292887,0.12540872229257985,0.1254707227668426
iget,256,4,262144,transpose,-0.09972449033775858,0.9999760240317467,0.12540872229257985,0.12554027620241293
iget,256,4,262144,shuffle,-0.11017801266473896,0.9999718288718855,0.12540872229257985,0.12544068932023467
iget,4096,0,131200,reverse,0.26919988155981917,0.583554089463955,0.004033226040337508,0.002975140098112065
iget,4096,0,131200,transpose,0.008399562324902018,0.3100643222487992,0.004033226040337508,0.0033397221234543997
iget,4096,0,131200,shuffle,-0.054436724978559836,0.5192362687195093,0.004033226040337508,0.004153136800586715
iget,4096,0,131328,reverse,0.2117067629018205,0.7390022037994762,0.0019877541084674616,0.0018830114687749067
iget,4096,0,131328,transpose,0.1700611892723684,0.052454203894793015,0.0019877541084674616,0.0021981618327085394
iget,4096,0,131328,shuffle,-0.0027483365866118425,0.29468021216147405,0.0019877541084674616,0.003910230907119803
iget,4096,0,135168,reverse,0.25838186041137556,-0.04196525768139951,0.0024358750091365666,0.0031758445792080463
iget,4096,0,135168,transpose,0.18256602823778437,0.24855138365671567,0.0024358750091365666,0.0019615175246339325
iget,4096,0,135168,shuffle,-0.05265944982614858,-0.016811873101991125,0.0024358750091365666,0.0025959814895755834
iget,4096,0,262144,reverse,0.5626390080497675,0.3000748830073459,0.00022365209511267137,0.0004885420277059285
iget,4096,0,262144,transpose,0.4057933234466591,0.40240731710669253,0.00022365209511267137,0.0002602178014276322
iget,4096,0,262144,shuffle,0.40025983592654424,-0.04553119449023265,0.00022365209511267137,0.0005139291052359727
iget,4096,4,131200,reverse,-0.32583929298346254,0.8138841391717274,0.004867882709576272,0.003463958369923243
iget,4096,4,131200,transpose,-0.07298097947807765,0.18379028784746168,0.004867882709576272,0.004305372535598398
iget,4096,4,131200,shuffle,0.32816362164910656,0.164841958018827,0.004867882709576272,0.00420704971524867
iget,4096,4,131328,reverse,-0.28839002240944794,0.5014865330471633,0.005444814270848134,0.0038059420991444657
iget,4096,4,131328,transpose,-0.0379285805555595,-0.2980365802013923,0.005444814270848134,0.003618081079858683
iget,4096,4,131328,shuffle,0.1800572105830095,0.4371423133975489,0.005444814270848134,0.0050933445963227825
iget,4096,4,135168,reverse,-0.01673203803149833,0.1594713225723029,0.002731743179440993,0.004370202507291535
iget,4096,4,135168,transpose,0.19877112748320466,0.2867081050900234,0.002731743179440993,0.0025840971904625676
iget,4096,4,135168,shuffle,0.023164085079546367,-0.012635653194455258,0.002731743179440993,0.0013215098517175517
iget,4096,4,262144,reverse,0.3348960858885543,0.4893412911415187,0.0028639633791533795,0.0027915367294721865
iget,4096,4,262144,transpose,0.1701034074098256,0.6060174729695788,0.0028639633791533795,0.0031261389761368884
iget,4096,4,262144,shuffle,0.12521860077757868,0.4287290957515775,0.0028639633791533795,0.0030081868259285885
iget,32768,0,131200,reverse,0.7873242740297278,-0.14102233057591113,0.008639458898381734,0.011376147598919188
iget,32768,0,131200,transpose,-0.5252110511126574,-0.4143396474596877,0.008639458898381734,0.003595447995649949
iget,32768,0,131200,shuffle,-0.35346961856746445,0.07327199007305679,0.008639458898381734,0.0051134246546401954
iget,32768,0,131328,reverse,0.8339224911600028,-0.27114924290090625,0.010357914819856515,0.010017804002043619
iget,32768,0,131328,transpose,-0.47632912333597066,-0.12472553487407315,0.010357914819856515,0.004750028599316414
iget,32768,0,131328,shuffle,-0.28872316340284093,0.09636451748655046,0.010357914819856515,0.004742074586028424
iget,32768,0,135168,reverse,0.3313696923440502,0.03136706558842756,0.00652219359210063,0.004796970995572937
iget,32768,0,135168,transpose,-0.3898685136611124,0.4597639693133908,0.00652219359210063,0.007461012683038531
iget,32768,0,135168,shuffle,-0.03872113094779762,0.06104770674645732,0.00652219359210063,0.003051791474435265
iget,32768,0,262144,reverse,0.938848454232418,0.705185304402296,0.001396178189270812,0.0030703456561877035
iget,32768,0,262144,transpose,0.8399117826319592,-0.32042906003691973,0.001396178189270812,0.00192701095476281
iget,32768,0,262144,shuffle,-0.06415159647342392,0.09811605964720721,0.001396178189270812,0.0008182665018998994
iget,32768,4,131200,reverse,0.8631197194644927,-0.27109714717146505,0.00795170692769335,0.011492538571215667
iget,32768,4,131200,transpose,-0.4542955798388871,0.3676249210530539,0.00795170692769335,0.009678338216883565
iget,32768,4,131200,shuffle,-0.48323880327120083,0.36050703608239343,0.00795170692769335,0.002107834052730424
iget,32768,4,131328,reverse,0.7622588559153961,-0.325611569145697,0.007883843229914913,0.008473011594141561
iget,32768,4,131328,transpose,-0.5461658577473301,0.026896497702586963,0.007883843229914913,0.004833277510344603
iget,32768,4,131328,shuffle,-0.611797687072056,0.2595092280744675,0.007883843229914913,0.002629435882259101
iget,32768,4,135168,reverse,0.37463719154616415,0.10468635596765946,0.006141665194242781,0.005208604446662848
iget,32768,4,135168,transpose,-0.400133992674907,0.4246442409382601,0.006141665194242781,0.007599949856821891
iget,32768,4,135168,shuffle,-0.3112200829455049,0.12808575156594576,0.006141665194242781,0.0028323344181028034
iget,32768,4,262144,reverse,0.5583271024171365,0.7113186304036351,0.0020319685671273155,0.002050362039487544
iget,32768,4,262144,transpose,0.7318341695744998,0.37014768906173917,0.0020319685671273155,0.0024406073837612958
iget,32768,4,262144,shuffle,0.7094266944298546,-0.11360517809913415,0.0020319685671273155,0.0029086958383563004
iget,65536,0,131200,reverse,0.8155096595927616,-0.27759287587699916,0.011270284777492217,0.010459592193529316
iget,65536,0,131200,transpose,-0.4680178231069618,0.0439122570324502,0.011270284777492217,0.00377314494715276
iget,65536,0,131200,shuffle,-0.546628937617217,0.24711398805479184,0.011270284777492217,0.0019824130489935286
iget,65536,0,131328,reverse,0.9624875667891442,-0.1996946624957421,0.0103905526696414,0.012506790562667519
iget,65536,0,131328,transpose,-0.38560015713461276,-0.1490776168194471,0.0103905526696414,0.005874533548256679
iget,65536,0,131328,shuffle,-0.42686179636233146,0.20301748697118419,0.0103905526696414,0.00230041560978766
iget,65536,0,135168,reverse,0.7194632669971363,0.3804509740286902,0.00821791891472654,0.004966032815054992
iget,65536,0,135168,transpose,-0.530448744085094,0.20821357819683825,0.00821791891472654,0.0029316744457707268
iget,65536,0,135168,shuffle,-0.4903103277679175,0.07663539955119979,0.00821791891472654,0.0023697939119515076
iget,65536,0,262144,reverse,-0.24084159114705686,0.1977067830219813,0.0010362713951089703,0.0009342720862233303
iget,65536,0,262144,transpose,0.45557645461893104,0.5315359697385702,0.0010362713951089703,0.0015997743066775998
iget,65536,0,262144,shuffle,0.01625026557226106,0.17043185407396114,0.0010362713951089703,0.0015453963537598503
iget,65536,4,131200,reverse,0.879086773612387,-0.17372571027888598,0.011739023887630089,0.010674197628457947
iget,65536,4,131200,transpose,-0.5593645893980379,-0.40159278437418083,0.011739023887630089,0.003950042979127613
iget,65536,4,131200,shuffle,-0.690528634720993,0.1811732869376926,0.011739023887630089,0.0027721373798748703
iget,65536,4,131328,reverse,0.9317899314449998,-0.12875613362874958,0.011568509066726785,0.012627529806559635
iget,65536,4,131328,transpose,-0.5395014227366342,-0.42202991178689314,0.011568509066726785,0.004663535398498373
iget,65536,4,131328,shuffle,-0.1517040842536336,0.2666512171601804,0.011568509066726785,0.00343183765879258
iget,65536,4,135168,reverse,0.921965478351526,0.16102349951583206,0.00883725628348513,0.005751829271837897
iget,65536,4,135168,transpose,-0.3607116774133645,-0.1837578803183567,0.00883725628348513,0.004837840586000753
iget,65536,4,135168,shuffle,-0.5387953466904898,0.057646637368788334,0.00883725628348513,0.002189437873833405
iget,65536,4,262144,reverse,0.732857451076722,-0.24983669508720488,0.0011095765783151867,0.0011122720311094755
iget,65536,4,262144,transpose,0.8686703284211255,-0.25889482595803737,0.0011095765783151867,0.0009874956506504134
iget,65536,4,262144,shuffle,0.8604329492381146,-0.1785797028824885,0.0011095765783151867,0.0019612916898905613
iget,98304,0,131200,reverse,0.9364104742571693,-0.16448208144409585,0.011154244910998918,0.014848839511658002
iget,98304,0,131200,transpose,-0.49917866138542855,-0.4065997675185114,0.011154244910998918,0.0038984154495719943
iget,98304,0,131200,shuffle,-0.6193758170133982,-0.035829594336960806,0.011154244910998918,0.0023588434994928843
iget,98304,0,131328,reverse,0.9784191055817932,-0.14741678147347317,0.012614504403305067,0.014650925979366274
iget,98304,0,131328,transpose,-0.5076905231928787,-0.2852904388650461,0.012614504403305067,0.005136584377894217
iget,98304,0,131328,shuffle,-0.27307877142539055,0.18241929864730388,0.012614504403305067,0.003774129663597296
iget,98304,0,135168,reverse,0.9754494872872586,-0.0014683452268768895,0.008975624958499625,0.006714842108926551
iget,98304,0,135168,transpose,-0.3619435917464945,-0.16726249710640057,0.008975624958499625,0.00536782967274584
iget,98304,0,135168,shuffle,-0.49774650318293645,0.11747747829571363,0.008975624958499625,0.002485469536518941
iget,98304,0,262144,reverse,0.9489302438652336,0.12646509838537684,0.002987279903082878,0.0017553868321201222
iget,98304,0,262144,transpose,0.9525289438795014,0.15940616915130418,0.002987279903082878,0.0013186720397976512
iget,98304,0,262144,shuffle,-0.4110293506385041,-0.08851468578955278,0.002987279903082878,0.0010568804927995918
iget,98304,4,131200,reverse,0.8515744920375705,-0.2444413010606398,0.007620213315670647,0.012986785612559356
iget,98304,4,131200,transpose,-0.48136488919993503,-0.2405450372061917,0.007620213315670647,0.00483149222984813
iget,98304,4,131200,shuffle,-0.36094085224716477,0.15386327230767458,0.007620213315670647,0.004533148341449669
iget,98304,4,131328,reverse,0.9474747435475697,-0.1649907365995541,0.013163594795181774,0.00937364491660622
iget,98304,4,131328,transpose,-0.3907496731452961,-0.06048603354694502,0.013163594795181774,0.006375645603520074
iget,98304,4,131328,shuffle,-0.47144711689807095,0.34030375716177597,0.013163594795181774,0.0026954937704746066
iget,98304,4,135168,reverse,0.8329823427374764,0.08148519424472793,0.00625320247518471,0.006303988292425448
iget,98304,4,135168,transpose,-0.5273391079860152,-0.10668201682418432,0.00625320247518471,0.005272638679288699
iget,98304,4,135168,shuffle,-0.5282355341745261,0.07112544382753176,0.00625320247518471,0.0023198881607380917
iget,98304,4,262144,reverse,0.9782828771123586,-0.7948918581051333,0.0032554051771702037,0.0036999532532274596
iget,98304,4,262144,transpose,0.9444339295466742,0.031235501188616732,0.0032554051771702037,0.004038631826206867
iget,98304,4,262144,shuffle,-0.15049585059350476,0.2619696975219528,0.0032554051771702037,0.0019885426716000046
iget,131072,0,131200,reverse,0.9315298319915105,-0.26180169943111214,0.006458857977593443,0.006599858428686379
iget,131072,0,131200,transpose,-0.5177656183883734,0.29824471792361146,0.006458857977593443,0.00358137502126557
iget,131072,0,131200,shuffle,-0.4133003943338548,0.30015524337615024,0.006458857977593443,0.003228295924700158
iget,131072,0,131328,reverse,0.8661446140247887,-0.21807874332565994,0.013221310434873422,0.0053068730974627784
iget,131072,0,131328,transpose,-0.43865278050993006,-0.38900296472923745,0.013221310434873422,0.003837449382703603
iget,131072,0,131328,shuffle,-0.3736046356255366,0.15211081647056401,0.013221310434873422,0.0024774723296702465
iget,131072,0,135168,reverse,0.7432614020272086,0.03747139661514065,0.00599857092038963,0.005936820146939071
iget,131072,0,135168,transpose,-0.420665252914013,-0.146899672456314,0.00599857092038963,0.0031386698728069103
iget,131072,0,135168,shuffle,-0.4003703723012546,4.715156444487722e-05,0.00599857092038963,0.004826449241885557
iget,131072,0,262144,reverse,0.08033554701601398,-0.5617990432467717,0.0026467917957587873,0.0007150155361245945
iget,131072,0,262144,transpose,0.9287769737296956,-0.3824230576131111,0.0026467917957587873,0.0010087073741901838
iget,131072,0,262144,shuffle,-0.2713983300906085,-0.06912899863414827,0.0026467917957587873,0.0018737474569770851
iget,131072,4,131200,reverse,0.9200615839735609,-0.20397370214231725,0.012874485352700405,0.007572833851745683
iget,131072,4,131200,transpose,-0.5403874858223446,-0.39424888323676666,0.012874485352700405,0.002465283319605722
iget,131072,4,131200,shuffle,-0.37018229718286116,0.0832333582608162,0.012874485352700405,0.0027480373531802993
iget,131072,4,131328,reverse,0.9264929676113791,-0.18089626015927507,0.009678825156629628,0.00523470731720285
iget,131072,4,131328,transpose,-0.39749705918939277,-0.46948145762341525,0.009678825156629628,0.003201650104506397
iget,131072,4,131328,shuffle,-0.33886160779071817,0.13783080411365442,0.009678825156629628,0.002856826518355418
iget,131072,4,135168,reverse,0.6531406481049623,-0.09217194965169301,0.00548800522319967,0.006819993629612502
iget,131072,4,135168,transpose,-0.1952861225383335,-0.3285136268469866,0.00548800522319967,0.003584939575301618
iget,131072,4,135168,shuffle,-0.06896003787947481,0.07024528114528879,0.00548800522319967,0.002740610008017116
iget,131072,4,262144,reverse,0.186067293955506,-0.7149130613452829,0.0022196282405529447,0.0038145011805985046
iget,131072,4,262144,transpose,-0.2009487516763348,0.18609124904080315,0.0022196282405529447,0.004278102459390547
iget,131072,4,262144,shuffle,0.44358586253779264,0.15023189963332598,0.0022196282405529447,0.003636449886458509
iput,64,0,131200,reverse,-0.6973309903452929,0.7476456650885297,0.012088912438748647,0.012885068594447772
iput,64,0,131200,transpose,-0.07190872936973054,0.9831685101788001,0.012088912438748647,0.013608700501271841
iput,64,0,131200,shuffle,-0.20732825006163186,0.04798301189649361,0.012088912438748647,0.09211223113976395
iput,64,0,131328,reverse,-0.943561140915377,0.9415171413998864,0.020456361432251685,0.0041751933186668574
iput,64,0,131328,transpose,0.0021187819020424582,0.9975505555549458,0.020456361432251685,0.03077077266324782
iput,64,0,131328,shuffle,0.05503360039737603,0.6854589344807016,0.020456361432251685,0.0383480407675345
iput,64,0,135168,reverse,0.9990049293808987,-0.9985693549830529,0.000758434732088032,0.0006881549869158328
iput,64,0,135168,transpose,0.9991267946323613,0.11616073299992609,0.000758434732088032,0.0007038993621442983
iput,64,0,135168,shuffle,0.999067641700436,0.052345964403913876,0.000758434732088032,0.0007210629924329375
iput,64,0,262144,reverse,0.9973800344043621,-0.9961177793306647,0.0007997697254249314,0.0008480792123652433
iput,64,0,262144,transpose,0.9973067150926168,0.19026662687441143,0.0007997697254249314,0.0007345611781579867
iput,64,0,262144,shuffle,0.9974395600423898,0.04233696302342466,0.0007997697254249314,0.0008122264173822978
iput,64,4,131200,reverse,-0.973059716928993,0.9762485815842281,0.014929582839277986,0.017029505999302273
iput,64,4,131200,transpose,-0.03432575756186097,0.9966707696226256,0.014929582839277986,0.015596082773783262
iput,64,4,131200,shuffle,-0.2805113349860122,0.09521785318805677,0.014929582839277986,0.08775320069125969
iput,64,4,131328,reverse,-0.9889261002565686,0.9885096442618361,0.005078796859199795,0.015549027252448354
iput,64,4,131328,transpose,-1.6222959094848976e-05,0.9936477773747208,0.005078796859199795,0.04023758581355609
iput,64,4,131328,shuffle,0.06150129635140571,0.7137360489444458,0.005078796859199795,0.03908609999114022
iput,64,4,135168,reverse,0.9987672741283352,-0.327578589231847,0.0034046978086914805,0.003442315969070111
iput,64,4,135168,transpose,0.9989617534565608,-0.16454953573601258,0.0034046978086914805,0.0034023514514457715
iput,64,4,135168,shuffle,0.9991483451995847,-0.06220737480950641,0.0034046978086914805,0.005130219108132582
iput,64,4,262144,reverse,0.9979245549044672,-0.2223706069515587,0.0031788717360524688,0.003140586027542857
iput,64,4,262144,transpose,0.9981849771934334,-0.19408802793733027,0.0031788717360524688,0.0040446146898411904
iput,64,4,262144,shuffle,0.9983220927651193,-0.031013776479436646,0.0031788717360524688,0.004482348400489833
iput,128,0,131200,reverse,0.1991770064035872,-0.1819660113033431,0.01290681476563975,0.014898801189450334
iput,128,0,131200,transpose,0.3614307377333118,0.5682375581774716,0.01290681476563975,0.01339769897152496
iput,128,0,131200,shuffle,0.0049041641497040035,0.06013277061726696,0.01290681476563975,0.05024398849668654
iput,128,0,131328,reverse,-0.8697673981196762,0.863252839720472,0.006387667073450695,0.006590231231934667
iput,128,0,131328,transpose,0.011531355708119206,0.9706194015146498,0.006387667073450695,0.03363424410907909
iput,128,0,131328,shuffle,0.10292122645190759,0.2392977411078394,0.006387667073450695,0.032994367514007195
iput,128,0,135168,reverse,0.9944716557899812,-0.9957983115941408,0.001060444536943119,0.0009085656589463338
iput,128,0,135168,transpose,0.9926227057305382,0.1913559848645706,0.001060444536943119,0.0010104948594358062
iput,128,0,135168,shuffle,0.9989430005432891,0.030400306049129713,0.001060444536943119,0.0010875956212020683
iput,128,0,262144,reverse,0.9921745904498356,-0.9831844147010674,0.0018076034780542605,0.0016964438197661197
iput,128,0,262144,transpose,0.9920722823320222,0.9189440543825983,0.0018076034780542605,0.001570040120212643
iput,128,0,262144,shuffle,0.9916307496484071,-0.15228460366176452,0.0018076034780542605,0.0016100188555446713
iput,128,4,131200,reverse,-0.7458686912731628,0.9971343755940459,0.04782926060392234,0.048370388625094976
iput,128,4,131200,transpose,0.007443976068059908,0.9145864139718806,0.04782926060392234,0.04658198488971354
iput,128,4,131200,shuffle,-0.35538466880271913,0.6928919736961476,0.04782926060392234,0.09218557999480238
iput,128,4,131328,reverse,-0.9712492564781043,0.9654329743117398,0.03886263047318685,0.03544329901716432
iput,128,4,131328,transpose,0.008977362580950611,0.9825673649802475,0.03886263047318685,0.04466689367420114
iput,128,4,131328,shuffle,0.022583104175940824,0.7241467726073167,0.03886263047318685,0.05614372353516496
iput,128,4,135168,reverse,0.9998656786418754,-0.21804242262261694,0.030273131679798896,0.03022569640141201
iput,128,4,135168,transpose,0.9998108277360032,0.031704729723034876,0.030273131679798896,0.030331754038439466
iput,128,4,135168,shuffle,0.9997035214735392,-0.08743540354420062,0.030273131679798896,0.030285200488796064
iput,128,4,262144,reverse,0.9997785581291433,-0.22449777913962757,0.02876544033863558,0.0291818473933195
iput,128,4,262144,transpose,0.9994068256019171,0.0182418255296884,0.02876544033863558,0.0317200986274769
iput,128,4,262144,shuffle,0.9993044727546048,-0.0855215253249232,0.02876544033863558,0.0328581138885444
iput,256,0,131200,reverse,-0.31088398886354074,0.9087006064698895,0.03234766831098599,0.031064755425567595
iput,256,0,131200,transpose,0.05809313910684314,0.9308450817302394,0.03234766831098599,0.027037873546758167
iput,256,0,131200,shuffle,-0.17908607284918712,0.6743833923963696,0.03234766831098599,0.04193644751408979
iput,256,0,131328,reverse,-0.37051910557608136,0.16559603302955977,0.02289421527356223,0.022117069518091257
iput,256,0,131328,transpose,0.34280701890233767,0.571660186880112,0.02289421527356223,0.018603861674616026
iput,256,0,131328,shuffle,0.30250547242751485,0.3550470128340311,0.02289421527356223,0.0240221807233925
iput,256,0,135168,reverse,0.9999899410034793,-0.9999830936267401,0.008063819217188562,0.008501236357287358
iput,256,0,135168,transpose,0.9999851478887578,0.0013676195857315978,0.008063819217188562,0.021830823217202647
iput,256,0,135168,shuffle,0.9999922672475781,0.06159147296588415,0.008063819217188562,0.0041100175952522655
iput,256,0,262144,reverse,0.9997968815749083,-0.9996310990773409,0.0012143834935856217,0.0026581553868472775
iput,256,0,262144,transpose,0.9997988427908147,-0.004431591798107864,0.0012143834935856217,0.002725195766536124
iput,256,0,262144,shuffle,0.9997558898854613,0.06370912956884876,0.0012143834935856217,0.0038334780470730715
iput,256,4,131200,reverse,-0.9777526630788759,0.9859816971804748,0.0644227882775715,0.06479406260804578
iput,256,4,131200,transpose,0.08044898265424909,-0.47985858049481595,0.0644227882775715,0.024456976903036207
iput,256,4,131200,shuffle,0.28760739512873285,0.3230988060366617,0.0644227882775715,0.045903665804041136
iput,256,4,131328,reverse,0.9737992993903591,-0.24226726902997797,0.027265982985995356,0.024747782206645495
iput,256,4,131328,transpose,0.9479398207642631,0.09947355133839582,0.027265982985995356,0.024512622329235245
iput,256,4,131328,shuffle,0.3522151349084166,-0.043954495328439126,0.027265982985995356,0.03968085564771505
iput,256,4,135168,reverse,0.9997018674672142,-0.23990225820264832,0.024624786740815658,0.02320028896252061
iput,256,4,135168,transpose,0.999036722537476,0.030541152753279715,0.024624786740815658,0.023026577188577767
iput,256,4,135168,shuffle,0.9995646002432675,-0.09618390300325536,0.024624786740815658,0.025223359778042832
iput,256,4,262144,reverse,0.9997644192708911,-0.24912858695529794,0.02365306932680548,0.0235475973544956
iput,256,4,262144,transpose,0.9994093509465315,0.021232007842353816,0.02365306932680548,0.024823341393841843
iput,256,4,262144,shuffle,0.9992127007246444,-0.0945927132674732,0.02365306932680548,0.025108698699924936
iput,4096,0,131200,reverse,0.9983919762482087,-0.8018418078908058,0.018922787652278297,0.018546571057483734
iput,4096,0,131200,transpose,0.9431067745660576,-0.018510716297471242,0.018922787652278297,0.01851091255390359
iput,4096,0,131200,shuffle,0.930723924227244,-0.08204619737414852,0.018922787652278297,0.019222184708271826
iput,4096,0,131328,reverse,0.9972617527579491,-0.7227599802254492,0.01871276477838113,0.019699977439193536
iput,4096,0,131328,transpose,0.7211993440500156,-0.08338706482538398,0.01871276477838113,0.018754735940065704
iput,4096,0,131328,shuffle,0.9462784339730652,-0.06769948019650655,0.01871276477838113,0.019742400202137977
iput,4096,0,135168,reverse,0.998291707431807,-0.8379926720178497,0.018033023509461326,0.01896675768356088
iput,4096,0,135168,transpose,0.9951358500280165,-0.08785515479584059,0.018033023509461326,0.01905419251078869
iput,4096,0,135168,shuffle,0.9985455331902485,-0.08462379663666918,0.018033023509461326,0.01885898873034785
iput,4096,0,262144,reverse,0.9971763881478954,-0.8633647258904678,0.01881966174971165,0.019550958887917476
iput,4096,0,262144,transpose,0.9992768664061086,-0.08643900667604308,0.01881966174971165,0.02054579742392434
iput,4096,0,262144,shuffle,0.9996956793074929,-0.10166482526909895,0.01881966174971165,0.01966897311668877
iput,4096,4,131200,reverse,0.9991409907827485,-0.6977731452042598,0.017312752993637763,0.01697873808401266
iput,4096,4,131200,transpose,0.7194102707175222,0.24136132850106462,0.017312752993637763,0.015761324748437226
iput,4096,4,131200,shuffle,0.6633529168748807,-0.09017868040994431,0.017312752993637763,0.016775419651871785
iput,4096,4,131328,reverse,0.9984249342603827,-0.7172051929657505,0.02133479374820457,0.02089470239174537
iput,4096,4,131328,transpose,0.11950884002405918,0.3145213888660775,0.02133479374820457,0.01647047531453282
iput,4096,4,131328,shuffle,0.8113301352971224,-0.11828140679945164,0.02133479374820457,0.01640244547879049
iput,4096,4,135168,reverse,0.998459258653101,-0.7525607223161616,0.01598103740077213,0.016248148139855784
iput,4096,4,135168,transpose,0.9959180020886592,0.16892965549052835,0.01598103740077213,0.01601361969806434
iput,4096,4,135168,shuffle,0.9975642561891278,-0.1009435898218971,0.01598103740077213,0.01660435522866164
iput,4096,4,262144,reverse,0.9948314264921312,-0.7549682645033751,0.01630679057697367,0.01626070409762839
iput,4096,4,262144,transpose,0.9994188186871273,0.05547622831076019,0.01630679057697367,0.01670324340304533
iput,4096,4,262144,shuffle,0.9934313460289547,-0.07328461205918947,0.01630679057697367,0.01730561370935047
iput,32768,0,131200,reverse,0.9997966693302346,-0.8115095644249549,0.01768597234803751,0.017749026055852102
iput,32768,0,131200,transpose,0.9716429641044247,-0.015688613190784455,0.01768597234803751,0.01814083105616672
iput,32768,0,131200,shuffle,0.9742926338588997,-0.08663189196774401,0.01768597234803751,0.018868319241922105
iput,32768,0,131328,reverse,0.9994661218821955,-0.7537138780311766,0.017658729970715464,0.017612928050360258
iput,32768,0,131328,transpose,0.9051072448972967,0.0564466725791247,0.017658729970715464,0.018484912967941917
iput,32768,0,131328,shuffle,0.9756483117970343,-0.08706740606874037,0.017658729970715464,0.019081967573926314
iput,32768,0,135168,reverse,0.9997130264646724,-0.8381343831312839,0.017778794338852218,0.018264070589833634
iput,32768,0,135168,transpose,0.9989228065705046,-0.00841373770840965,0.017778794338852218,0.018402045053686946
iput,32768,0,135168,shuffle,0.9995137990531152,-0.10718871719303825,0.017778794338852218,0.018809707756714828
iput,32768,0,262144,reverse,0.999534926045742,-0.8564085239665304,0.01935480302717707,0.018716080532582075
iput,32768,0,262144,transpose,0.9993420228207087,-0.006961644801441441,0.01935480302717707,0.019166424716589973
iput,32768,0,262144,shuffle,0.9988862434298101,-0.1092632984560908,0.01935480302717707,0.018745121733649287
iput,32768,4,131200,reverse,0.9883943028897131,-0.7877264146534735,0.017526985036050508,0.017544354071779854
iput,32768,4,131200,transpose,0.9665294428778827,-0.0031147525436734467,0.017526985036050508,0.018171831183039923
iput,32768,4,131200,shuffle,0.9587138114429968,-0.08893235858878279,0.017526985036050508,0.018234993972350975
iput,32768,4,131328,reverse,0.9999873417084119,-0.7990104547730965,0.01742389836472844,0.017572730437691357
iput,32768,4,131328,transpose,0.9731977339904083,0.12521877069022314,0.01742389836472844,0.01823314945449041
iput,32768,4,131328,shuffle,0.9833455589953501,-0.10857952447877721,0.01742389836472844,0.01879529775999789
iput,32768,4,135168,reverse,0.9999323030760046,-0.8363460746788871,0.017938089133075538,0.017841598390042585
iput,32768,4,135168,transpose,0.999528331686692,0.003290843099877129,0.017938089133075538,0.018334564176696638
iput,32768,4,135168,shuffle,0.9996381110022363,-0.10396512105987675,0.017938089133075538,0.018616582641699717
iput,32768,4,262144,reverse,0.999759450729557,-0.8583509035931416,0.018319083304845146,0.01863956433240742
iput,32768,4,262144,transpose,0.9997948973415725,-0.011974706755043444,0.018319083304845146,0.018481569327735106
iput,32768,4,262144,shuffle,0.9998771789016125,-0.1107250159359286,0.018319083304845146,0.018414396942859387
iput,65536,0,131200,reverse,0.9998848677524986,-0.8131699336307152,0.017728014679207777,0.017772745142320686
iput,65536,0,131200,transpose,0.9746643370889578,-0.01084384716449282,0.017728014679207777,0.01837659893165817
iput,65536,0,131200,shuffle,0.9756156104985219,-0.08526885023552351,0.017728014679207777,0.018749025975774103
iput,65536,0,131328,reverse,0.9997895444296554,-0.7599762736889878,0.017508741979035597,0.01765497860681126
iput,65536,0,131328,transpose,0.9059336764844593,0.10239282702493498,0.017508741979035597,0.018668735932666033
iput,65536,0,131328,shuffle,0.9723906600922096,-0.08881184097945939,0.017508741979035597,0.018965528949383005
iput,65536,0,135168,reverse,0.9995964773615564,-0.8274775449118168,0.018214510071306485,0.018331947456561068
iput,65536,0,135168,transpose,0.999220620436937,0.021535173015519965,0.018214510071306485,0.018410715343703393
iput,65536,0,135168,shuffle,0.9987785005661256,-0.109062702092656,0.018214510071306485,0.018717052065203306
iput,65536,0,262144,reverse,0.999812257501181,-0.8638798632531454,0.018697017314752176,0.01872128936049622
iput,65536,0,262144,transpose,0.999715003769834,0.014853397546294852,0.018697017314752176,0.019005051597828934
iput,65536,0,262144,shuffle,0.9997613563104069,-0.10990762774767225,0.018697017314752176,0.01883940880902005
iput,65536,4,131200,reverse,0.9964389964949062,-0.8009253125528933,0.017456472144713315,0.01760535589508489
iput,65536,4,131200,transpose,0.9730152015461984,-0.0010961037442317953,0.017456472144713315,0.01817699510991441
iput,65536,4,131200,shuffle,0.9802923650466521,-0.09819971024953818,0.017456472144713315,0.018443060324694657
iput,65536,4,131328,reverse,0.9998305829998897,-0.7948882094517382,0.017520728082297366,0.0174855960233304
iput,65536,4,131328,transpose,0.9676089854228603,0.11071300499926079,0.017520728082297366,0.018349305077377497
iput,65536,4,131328,shuffle,0.9864625249937803,-0.10220319248391312,0.017520728082297366,0.018845036569099742
iput,65536,4,135168,reverse,0.9998332445318611,-0.8328272129980202,0.017991089594605502,0.01804648942797705
iput,65536,4,135168,transpose,0.9993635228322642,-0.012074669832743464,0.017991089594605502,0.018359949453273607
iput,65536,4,135168,shuffle,0.9995028114279615,-0.10636362309145908,0.017991089594605502,0.018702002748006125
iput,65536,4,262144,reverse,0.9996528636973026,-0.8545801542475076,0.01863937519158885,0.018815120146335292
iput,65536,4,262144,transpose,0.9999520206190906,-0.010728996160375207,0.01863937519158885,0.01861199697434158
iput,65536,4,262144,shuffle,0.9998367932957662,-0.10984984993007334,0.01863937519158885,0.0184938349663181
iput,98304,0,131200,reverse,0.9998421382877487,-0.8183071149628781,0.017538076919720536,0.017539037575140623
iput,98304,0,131200,transpose,0.9760891482754774,0.011074537225851219,0.017538076919720536,0.018646727218453164
iput,98304,0,131200,shuffle,0.9749650197573744,-0.08716590227021559,0.017538076919720536,0.018861985971808985
iput,98304,0,131328,reverse,0.9999737089885685,-0.7596676720936948,0.01744219360141847,0.017528214335306148
iput,98304,0,131328,transpose,0.9140951414708813,0.07986094566601308,0.01744219360141847,0.018443069983704024
iput,98304,0,131328,shuffle,0.9778790791803337,-0.08560882066844867,0.01744219360141847,0.018876134387230032
iput,98304,0,135168,reverse,0.9998947412276993,-0.8313878631463029,0.018073697776619203,0.01800707198682524
iput,98304,0,135168,transpose,0.9996339561398543,0.01055849157460401,0.018073697776619203,0.018564028513704166
iput,98304,0,135168,shuffle,0.9996226579477194,-0.10481959523181018,0.018073697776619203,0.01877969617887927
iput,98304,0,262144,reverse,0.9997521171207809,-0.8528135389997016,0.01883018299429927,0.01914726157943175
iput,98304,0,262144,transpose,0.9998099134763802,-0.0114253804641624,0.01883018299429927,0.019083749984684383
iput,98304,0,262144,shuffle,0.9998130534124293,-0.10539295352981601,0.01883018299429927,0.01885108856176034
iput,98304,4,131200,reverse,0.9986561158211144,-0.8097695875591869,0.017516321258361302,0.017635483987703315
iput,98304,4,131200,transpose,0.978659053996736,0.006087780776277609,0.017516321258361302,0.018249982444477418
iput,98304,4,131200,shuffle,0.9808484576291059,-0.0963197424396459,0.017516321258361302,0.018919287622475894
iput,98304,4,131328,reverse,0.9999020946287517,-0.7884214352829801,0.017449488187368106,0.017604151301489266
iput,98304,4,131328,transpose,0.9525625178611048,0.0958972237968254,0.017449488187368106,0.01836928854248573
iput,98304,4,131328,shuffle,0.9856820306539532,-0.09838205291879495,0.017449488187368106,0.018997573190480326
iput,98304,4,135168,reverse,0.9999503065494749,-0.8307350630184049,0.018123450064854395,0.018114789429489523
iput,98304,4,135168,transpose,0.9995867186736767,-0.007240900725390731,0.018123450064854395,0.018205193327977154
iput,98304,4,135168,shuffle,0.9996796032506251,-0.10919606588172727,0.018123450064854395,0.01870929758240062
iput,98304,4,262144,reverse,0.9998932656209218,-0.8545958539256628,0.01864017757758681,0.018542526915936292
iput,98304,4,262144,transpose,0.9999258827835426,-0.008815681186843524,0.01864017757758681,0.018556715564659713
iput,98304,4,262144,shuffle,0.9998399057512969,-0.11209493147318599,0.01864017757758681,0.018578709995324762
iput,131072,0,131200,reverse,0.9996483376595819,-0.8168063304745253,0.01778203748169285,0.01765339444539634
iput,131072,0,131200,transpose,0.9762547823972849,0.020399895859214822,0.01778203748169285,0.018519479336833566
iput,131072,0,131200,shuffle,0.9752848858312797,-0.0909290603650925,0.01778203748169285,0.018947231946853927
iput,131072,0,131328,reverse,0.9999798463577068,-0.7623094731254528,0.017428040679857863,0.017838599945699925
iput,131072,0,131328,transpose,0.9212709533555699,0.08416264897641607,0.017428040679857863,0.018707028406091317
iput,131072,0,131328,shuffle,0.9784312282174269,-0.08539133461574552,0.017428040679857863,0.019079013583601177
iput,131072,0,135168,reverse,0.9999474330074304,-0.8411136278882173,0.017910452651889446,0.01765766049804552
iput,131072,0,135168,transpose,0.9997346607945327,0.002372999364579598,0.017910452651889446,0.018522320721871453
iput,131072,0,135168,shuffle,0.9997174947135539,-0.10555793624555741,0.017910452651889446,0.01871707390876529
iput,131072,0,262144,reverse,0.9999840411873594,-0.8551901307545599,0.01895006567514971,0.01887559896369905
iput,131072,0,262144,transpose,0.9999522498108143,0.0050527441944349044,0.01895006567514971,0.018892783186640325
iput,131072,0,262144,shuffle,0.999985190046981,-0.10940975585964736,0.01895006567514971,0.01890988557116771
iput,131072,4,131200,reverse,0.9986675999299467,-0.8165110968768035,0.017842074205192505,0.017517881474058996
iput,131072,4,131200,transpose,0.9778471587298364,-0.015733958949205207,0.017842074205192505,0.018399010730328933
iput,131072,4,131200,shuffle,0.978951563203232,-0.09351244589178442,0.017842074205192505,0.018843861749491663
iput,131072,4,131328,reverse,0.9999106463985182,-0.793975661412323,0.017704312867683814,0.01773377314459517
iput,131072,4,131328,transpose,0.9573008917252726,0.08140337708743395,0.017704312867683814,0.018674384713543435
iput,131072,4,131328,shuffle,0.9878935107070308,-0.09582890005730321,0.017704312867683814,0.01899286913349588
iput,131072,4,135168,reverse,0.9998440823573701,-0.8283449141344588,0.017984788574042957,0.017748358415418577
iput,131072,4,135168,transpose,0.9995454734156134,-0.0048743124563354785,0.017984788574042957,0.018329067687359757
iput,131072,4,135168,shuffle,0.9996495521998844,-0.10772466585606885,0.017984788574042957,0.018720961465049604
iput,131072,4,262144,reverse,0.9999552738756053,-0.8537504573674732,0.01862000924948017,0.018437150513681624
iput,131072,4,262144,transpose,0.9999123196264145,0.002010115248554591,0.01862000924948017,0.01863108404699879
iput,131072,4,262144,shuffle,0.999984542268328,-0.11004003437541851,0.01862000924948017,0.018565816950756233
