first_phase,second_phase,mode,active_pes,bytes,offset,first_case_id,second_case_id,first_bw,second_bw,bw_ratio_second_to_first,abs_relative_change
boundary,load,get,1,64,0,1,1012,0.145020078,0.145103428,1.0005747480014457,0.0005747480014457462
boundary,load,get,1,64,4,10,1042,0.144914541,0.14485324,0.9995769851694868,0.0004230148305132131
boundary,load,get,1,96,0,2,1013,0.217560682,0.217766775,1.0009472897313312,0.0009472897313311801
boundary,load,get,1,96,4,11,1043,0.217453744,0.217759217,1.0014047723179234,0.0014047723179233529
boundary,load,get,1,124,0,3,1014,0.280829916,0.280874571,1.0001590108370078,0.00015901083700775587
boundary,load,get,1,124,4,12,1044,0.280869227,0.281064609,1.0006956333454076,0.0006956333454075647
boundary,load,get,1,128,0,4,1015,0.29005718,0.289866625,0.9993430433268363,0.0006569566731636778
boundary,load,get,1,128,4,13,1045,0.280957512,0.281078313,1.0004299618086026,0.0004299618086025525
boundary,load,get,1,132,0,5,1016,0.290024413,0.290239445,1.000741427239782,0.0007414272397820998
boundary,load,get,1,132,4,14,1046,0.290095035,0.289651731,0.9984718662971948,0.0015281337028052455
boundary,load,get,1,192,0,6,1017,0.421869634,0.421952056,1.0001953731516975,0.0001953731516974866
boundary,load,get,1,192,4,15,1047,0.422011226,0.422029593,1.0000435225389004,4.352253890038682e-05
boundary,load,get,1,252,0,7,1018,0.55488568,0.553787367,0.9980206499472106,0.001979350052789375
boundary,load,get,1,252,4,16,1048,0.553601109,0.552962508,0.9988464600420445,0.0011535399579555294
boundary,load,get,1,256,0,8,1019,0.562912509,0.563527861,1.0010931574448276,0.0010931574448276304
boundary,load,get,1,256,4,17,1049,0.548088797,0.547167202,0.9983185297618845,0.00168147023811549
boundary,load,get,1,260,0,9,1020,0.556971071,0.557125268,1.000276849208206,0.0002768492082059204
boundary,load,get,1,260,4,18,1050,0.555313377,0.555327017,1.0000245627074096,2.4562707409581108e-05
boundary,load,get,2,64,0,37,1072,0.289803425,0.289911926,1.0003743951611337,0.0003743951611336893
boundary,load,get,2,64,4,46,1102,0.290002372,0.292322203,1.0079993518121984,0.007999351812198352
boundary,load,get,2,96,0,38,1073,0.435249694,0.43487173,0.9991316157019515,0.0008683842980484746
boundary,load,get,2,96,4,47,1103,0.435222365,0.434180498,0.9976061271575509,0.002393872842449074
boundary,load,get,2,124,0,39,1074,0.561875777,0.561789863,0.9998470943160093,0.0001529056839907339
boundary,load,get,2,124,4,48,1104,0.561622309,0.563714002,1.003724376625502,0.0037243766255019572
boundary,load,get,2,128,0,40,1075,0.580211392,0.580110942,0.9998268734440843,0.0001731265559157258
boundary,load,get,2,128,4,49,1105,0.561600438,0.569548806,1.0141530658848952,0.014153065884895177
boundary,load,get,2,132,0,41,1076,0.579050099,0.578165704,0.9984726796497793,0.00152732035022074
boundary,load,get,2,132,4,50,1106,0.578432107,0.587711356,1.0160420711224454,0.016042071122445378
boundary,load,get,2,192,0,42,1077,0.843445342,0.841613399,0.9978280240475855,0.0021719759524144733
boundary,load,get,2,192,4,51,1107,0.838731209,0.853829693,1.0180015764740669,0.01800157647406686
boundary,load,get,2,252,0,43,1078,1.106050977,1.104605966,0.9986935403249502,0.0013064596750498314
boundary,load,get,2,252,4,52,1108,1.102891216,1.119744698,1.0152811825459314,0.01528118254593136
boundary,load,get,2,256,0,44,1079,1.121243178,1.12451154,1.0029149448256443,0.00291494482564425
boundary,load,get,2,256,4,53,1109,1.096616638,1.109014381,1.0113054485682533,0.011305448568253329
boundary,load,get,2,260,0,45,1080,1.109589219,1.11288364,1.0029690456103826,0.0029690456103825813
boundary,load,get,2,260,4,54,1110,1.112088228,1.109369306,0.9975551202399744,0.002444879760025609
boundary,load,get,4,64,0,73,1132,0.477050427,0.477523117,1.0009908596099004,0.0009908596099004185
boundary,load,get,4,64,4,82,1162,0.47378866,0.473534595,0.9994637587991237,0.0005362412008762529
boundary,load,get,4,96,0,74,1133,0.715791726,0.715778651,0.9999817335133602,1.826648663982855e-05
boundary,load,get,4,96,4,83,1163,0.71058896,0.710130868,0.9993553347634334,0.0006446652365665884
boundary,load,get,4,124,0,75,1134,0.92460223,0.924140545,0.9995006663568181,0.0004993336431818873
boundary,load,get,4,124,4,84,1164,0.917841695,0.917790744,0.9999444882485972,5.551175140283693e-05
boundary,load,get,4,128,0,76,1135,0.955025927,0.953872976,0.9987927542411108,0.0012072457588891972
boundary,load,get,4,128,4,85,1165,0.908375434,0.908295828,0.9999123644288249,8.763557117508203e-05
boundary,load,get,4,132,0,77,1136,0.938922888,0.938565886,0.9996197749521684,0.00038022504783163935
boundary,load,get,4,132,4,86,1166,0.936047398,0.935961447,0.9999081766583789,9.182334162105565e-05
boundary,load,get,4,192,0,78,1137,1.36552827,1.364323128,0.9991174536430506,0.0008825463569493985
boundary,load,get,4,192,4,87,1167,1.362679439,1.363483359,1.00058995533138,0.0005899553313799544
boundary,load,get,4,252,0,79,1138,1.792688392,1.790230139,0.9986287337994878,0.0013712662005122
boundary,load,get,4,252,4,88,1168,1.788636727,1.788625301,0.9999936118945633,6.3881054367387335e-06
boundary,load,get,4,256,0,80,1139,1.818717229,1.81850406,0.9998827915650652,0.00011720843493479016
boundary,load,get,4,256,4,89,1169,1.787295748,1.788227734,1.0005214503537216,0.000521450353721642
boundary,load,get,4,260,0,81,1140,1.817269371,1.819434429,1.001191379789122,0.0011913797891220934
boundary,load,get,4,260,4,90,1170,1.816525033,1.81190856,0.9974586240673073,0.0025413759326926577
boundary,load,get,8,64,0,109,1192,0.948291094,0.948219791,0.9999248089532305,7.519104676945165e-05
boundary,load,get,8,64,4,118,1222,0.943292289,0.943077882,0.9997727035379169,0.00022729646208308196
boundary,load,get,8,96,0,110,1193,1.423845934,1.423540843,0.9997857275195899,0.00021427248041006042
boundary,load,get,8,96,4,119,1223,1.414497494,1.413124839,0.9990295811722378,0.000970418827762165
boundary,load,get,8,124,0,111,1194,1.838908296,1.838816603,0.9999501372633972,4.986273660279039e-05
boundary,load,get,8,124,4,120,1224,1.826355899,1.826916932,1.0003071871152316,0.0003071871152315886
boundary,load,get,8,128,0,112,1195,1.897723455,1.897519494,0.9998925233286955,0.00010747667130450722
boundary,load,get,8,128,4,121,1225,1.801323199,1.801554861,1.0001286065710633,0.00012860657106328333
boundary,load,get,8,132,0,113,1196,1.859399467,1.859286847,0.9999394320575009,6.0567942499090144e-05
boundary,load,get,8,132,4,122,1226,1.857728926,1.857412298,0.9998295617861311,0.00017043821386886204
boundary,load,get,8,192,0,114,1197,2.702363671,2.703843577,1.0005476339161459,0.0005476339161458732
boundary,load,get,8,192,4,123,1227,2.701165616,2.702630895,1.0005424617399692,0.0005424617399691911
boundary,load,get,8,252,0,115,1198,3.546167905,3.548593553,1.0006840195007631,0.0006840195007631333
boundary,load,get,8,252,4,124,1228,3.543326393,3.54455244,1.0003460158235555,0.0003460158235555344
boundary,load,get,8,256,0,116,1199,3.606247754,3.605569055,0.9998117991202221,0.0001882008797778889
boundary,load,get,8,256,4,125,1229,3.533065996,3.528098861,0.9985941007030088,0.0014058992969911976
boundary,load,get,8,260,0,117,1200,3.60449661,3.602044091,0.9993195945882717,0.0006804054117283131
boundary,load,get,8,260,4,126,1230,3.58830977,3.59112488,1.000784522569243,0.0007845225692431068
boundary,load,get,16,64,0,145,1252,1.858528924,1.859925454,1.0007514168770613,0.0007514168770612617
boundary,load,get,16,64,4,154,1282,1.859488412,1.857638495,0.9990051473361912,0.0009948526638088317
boundary,load,get,16,96,0,146,1253,2.78810662,2.786620015,0.9994668048239848,0.0005331951760152442
boundary,load,get,16,96,4,155,1283,2.78928884,2.787363372,0.9993096921436074,0.0006903078563925691
boundary,load,get,16,124,0,147,1254,3.60070112,3.600111778,0.9998363257653554,0.00016367423464458408
boundary,load,get,16,124,4,156,1284,3.600700467,3.600258769,0.9998773299795282,0.00012267002047183784
boundary,load,get,16,128,0,148,1255,3.720197548,3.720026585,0.9999540446447281,4.5955355271853904e-05
boundary,load,get,16,128,4,157,1285,3.526573975,3.532786257,1.0017615629344625,0.0017615629344625017
boundary,load,get,16,132,0,149,1256,3.644358259,3.64915957,1.001317464052318,0.0013174640523179182
boundary,load,get,16,132,4,158,1286,3.635554901,3.638630262,1.0008459124078017,0.000845912407801741
boundary,load,get,16,192,0,150,1257,5.303694337,5.301069515,0.9995050955365794,0.0004949044634205979
boundary,load,get,16,192,4,159,1287,5.295725408,5.292696269,0.999428003008724,0.0005719969912759693
boundary,load,get,16,252,0,151,1258,6.960250445,6.9583958,0.9997335376054849,0.0002664623945151101
boundary,load,get,16,252,4,160,1288,6.952135273,6.938394047,0.9980234524415302,0.0019765475584697656
boundary,load,get,16,256,0,152,1259,7.06794145,7.073358289,1.0007663955676938,0.0007663955676937562
boundary,load,get,16,256,4,161,1289,6.564196188,6.633324065,1.0105310498071907,0.010531049807190662
boundary,load,get,16,260,0,153,1260,6.697372618,6.737596061,1.0060058541303039,0.006005854130303856
boundary,load,get,16,260,4,162,1290,6.69062102,6.696282694,1.0008462105360736,0.0008462105360735883
boundary,load,get,32,64,0,181,1312,3.415172973,3.412857808,0.9993220943658482,0.0006779056341518208
boundary,load,get,32,64,4,190,1342,3.418582567,3.416331164,0.9993414220789244,0.0006585779210755982
boundary,load,get,32,96,0,182,1313,5.130223681,5.126848615,0.9993421210828487,0.0006578789171513
boundary,load,get,32,96,4,191,1343,5.113946792,5.116019737,1.0004053513038584,0.00040535130385843665
boundary,load,get,32,124,0,183,1314,6.621647916,6.622340821,1.0001046423803848,0.00010464238038476736
boundary,load,get,32,124,4,192,1344,6.62541699,6.627097815,1.000253693466017,0.000253693466016891
boundary,load,get,32,128,0,184,1315,6.81918829,6.838750739,1.0028687357157577,0.002868735715757742
boundary,load,get,32,128,4,193,1345,5.084054464,5.101632211,1.0034574269659122,0.0034574269659122248
boundary,load,get,32,132,0,185,1316,5.223109887,5.234534794,1.002187376342289,0.002187376342289049
boundary,load,get,32,132,4,194,1346,5.238679912,5.21395226,0.9952797933037754,0.004720206696224638
boundary,load,get,32,192,0,186,1317,7.592899008,7.598886634,1.0007885823311613,0.0007885823311613027
boundary,load,get,32,192,4,195,1347,7.605722514,7.619141158,1.0017642826142157,0.0017642826142156842
boundary,load,get,32,252,0,187,1318,9.987170499,9.994011525,1.0006849813969516,0.0006849813969516116
boundary,load,get,32,252,4,196,1348,10.024060729,10.011053872,0.9987024363327757,0.001297563667224333
boundary,load,get,32,256,0,188,1319,10.139361765,10.141110231,1.000172443398364,0.00017244339836408606
boundary,load,get,32,256,4,197,1349,7.610630765,7.612705822,1.000272652433691,0.00027265243369090086
boundary,load,get,32,260,0,189,1320,7.751144295,7.74800724,0.9995952784672034,0.0004047215327965814
boundary,load,get,32,260,4,198,1350,7.728579712,7.760169716,1.0040874268206035,0.004087426820603479
boundary,load,get,64,64,0,217,1372,3.584487221,3.585984439,1.0004176937753408,0.00041769377534084384
boundary,load,get,64,64,4,226,1402,3.588482373,3.582915407,0.9984486572814496,0.001551342718550397
boundary,load,get,64,96,0,218,1373,5.385271755,5.383284324,0.9996309506575681,0.0003690493424318708
boundary,load,get,64,96,4,227,1403,5.37678212,5.383806519,1.0013064317733598,0.001306431773359762
boundary,load,get,64,124,0,219,1374,6.947548634,6.951572522,1.0005791809761946,0.0005791809761945821
boundary,load,get,64,124,4,228,1404,6.954203468,6.938226182,0.9977024994920669,0.0022975005079330924
boundary,load,get,64,128,0,220,1375,7.180368004,7.175420192,0.9993109250114697,0.0006890749885303249
boundary,load,get,64,128,4,229,1405,5.170646809,5.168078636,0.9995033168779716,0.0004966831220284407
boundary,load,get,64,132,0,221,1376,5.328990072,5.325383249,0.999323169502801,0.0006768304971990213
boundary,load,get,64,132,4,230,1406,5.322749664,5.324557562,1.0003396548990886,0.0003396548990886039
boundary,load,get,64,192,0,222,1377,7.76068052,7.756961175,0.9995207449926053,0.0004792550073946522
boundary,load,get,64,192,4,231,1407,7.757321098,7.745550595,0.9984826587875761,0.0015173412124238617
boundary,load,get,64,252,0,223,1378,10.175694136,10.175123413,0.9999439131137028,5.6086886297213034e-05
boundary,load,get,64,252,4,232,1408,10.172440784,10.18047878,1.0007901737813645,0.0007901737813644782
boundary,load,get,64,256,0,224,1379,10.316742378,10.330385058,1.0013223825409356,0.0013223825409356404
boundary,load,get,64,256,4,233,1409,8.181684124,8.167630649,0.9982823249117163,0.0017176750882836878
boundary,load,get,64,260,0,225,1380,8.291141852,8.291286859,1.0000174893883842,1.7489388384195337e-05
boundary,load,get,64,260,4,234,1410,8.291867766,8.298354572,1.000782309388314,0.0007823093883139176
boundary,load,put,1,64,0,253,1432,0.266628006,0.266624229,0.9999858341962773,1.4165803722709924e-05
boundary,load,put,1,64,4,262,1462,0.173751804,0.174103185,1.0020223156934818,0.0020223156934817688
boundary,load,put,1,96,0,254,1433,0.390669987,0.391251295,1.0014879771145564,0.0014879771145563936
boundary,load,put,1,96,4,263,1463,0.26140445,0.261018019,0.9985217122355797,0.0014782877644202719
boundary,load,put,1,124,0,255,1434,0.339010946,0.335982629,0.9910671999363702,0.008932800063629842
boundary,load,put,1,124,4,264,1464,0.337139658,0.337144975,1.0000157709123618,1.5770912361823264e-05
boundary,load,put,1,128,0,256,1435,0.531123638,0.532465415,1.0025262987824317,0.002526298782431713
boundary,load,put,1,128,4,265,1465,0.332178494,0.330943987,0.9962836034773521,0.00371639652264788
boundary,load,put,1,132,0,257,1436,0.524037022,0.523380435,0.9987470598976115,0.0012529401023885223
boundary,load,put,1,132,4,266,1466,0.338851043,0.336413642,0.9928068658770515,0.00719313412294853
boundary,load,put,1,192,0,258,1437,0.762018157,0.761218457,0.9989505499407674,0.0010494500592326261
boundary,load,put,1,192,4,267,1467,0.424171408,0.424574928,1.0009513135312504,0.0009513135312504417
boundary,load,put,1,252,0,259,1438,0.679092624,0.678983755,0.9998396846083252,0.00016031539167482567
boundary,load,put,1,252,4,268,1468,0.680547495,0.680000248,0.9991958724350312,0.0008041275649688373
boundary,load,put,1,256,0,260,1439,1.01525661,1.014513889,0.9992684401237241,0.0007315598762759334
boundary,load,put,1,256,4,269,1469,0.688460752,0.68789596,0.9991796307946977,0.0008203692053022626
boundary,load,put,1,260,0,261,1440,1.02424708,1.023947372,0.9997073870105639,0.0002926129894360585
boundary,load,put,1,260,4,270,1470,0.697655448,0.699922497,1.0032495252584912,0.0032495252584912038
boundary,load,put,2,64,0,289,1492,0.533047931,0.533190705,1.0002678445815034,0.00026784458150341806
boundary,load,put,2,64,4,298,1522,0.349573288,0.34888792,0.9980394154143724,0.001960584585627645
boundary,load,put,2,96,0,290,1493,0.780525562,0.780251192,0.99964848044272,0.00035151955727996675
boundary,load,put,2,96,4,299,1523,0.521872151,0.523120139,1.0023913673063578,0.0023913673063578056
boundary,load,put,2,124,0,291,1494,0.676137683,0.675641989,0.9992668741700647,0.0007331258299353438
boundary,load,put,2,124,4,300,1524,0.676223043,0.678191177,1.0029104805291291,0.0029104805291291225
boundary,load,put,2,128,0,292,1495,1.047819022,1.058144197,1.0098539678925584,0.009853967892558435
boundary,load,put,2,128,4,301,1525,0.609624107,0.610625261,1.0016422480484355,0.0016422480484354907
boundary,load,put,2,132,0,293,1496,1.042707564,1.043116262,1.0003919584110736,0.00039195841107364515
boundary,load,put,2,132,4,302,1526,0.602431496,0.601748078,0.9988655672810307,0.0011344327189692915
boundary,load,put,2,192,0,294,1497,1.514930349,1.515063041,1.0000875895054104,8.758950541043475e-05
boundary,load,put,2,192,4,303,1527,0.784178224,0.813595693,1.0375137540162043,0.03751375401620427
boundary,load,put,2,252,0,295,1498,1.309662058,1.30864461,0.9992231217253451,0.0007768782746548908
boundary,load,put,2,252,4,304,1528,1.309384755,1.308803652,0.9995562014925093,0.00044379850749065586
boundary,load,put,2,256,0,296,1499,2.02191088,2.021683344,0.9998874648718443,0.00011253512815567746
boundary,load,put,2,256,4,305,1529,1.34306531,1.349705187,1.0049438228733643,0.004943822873364256
boundary,load,put,2,260,0,297,1500,1.992951085,1.992989277,1.000019163541086,1.9163541085998048e-05
boundary,load,put,2,260,4,306,1530,1.365309584,1.36217298,0.9977026426557334,0.002297357344266615
boundary,load,put,4,64,0,325,1552,0.68690404,0.685626929,0.9981407723268012,0.0018592276731987933
boundary,load,put,4,64,4,334,1582,0.322435435,0.322364341,0.9997795093458013,0.00022049065419871283
boundary,load,put,4,96,0,326,1553,1.03088466,1.027764908,0.9969737138197401,0.0030262861802599073
boundary,load,put,4,96,4,335,1583,0.480074952,0.459736592,0.9576350319564266,0.04236496804357337
boundary,load,put,4,124,0,327,1554,0.622212588,0.586602033,0.9427678647350027,0.057232135264997264
boundary,load,put,4,124,4,336,1584,0.576273116,0.620285874,1.076374824328956,0.07637482432895593
boundary,load,put,4,128,0,328,1555,2.073382347,2.073230384,0.9999267076811859,7.329231881414433e-05
boundary,load,put,4,128,4,337,1585,0.509145628,0.509300402,1.0003039876834612,0.0003039876834611821
boundary,load,put,4,132,0,329,1556,1.524767949,1.539141416,1.0094266586659477,0.009426658665947718
boundary,load,put,4,132,4,338,1586,0.519892536,0.52131008,1.0027266096391891,0.002726609639189137
boundary,load,put,4,192,0,330,1557,2.267973468,2.27384899,1.0025906484722598,0.00259064847225976
boundary,load,put,4,192,4,339,1587,0.589791221,0.588419581,0.9976743634846338,0.002325636515366214
boundary,load,put,4,252,0,331,1558,1.310332151,1.313484258,1.0024055786142425,0.0024055786142425095
boundary,load,put,4,252,4,340,1588,1.114278797,1.114074732,0.9998168636067117,0.00018313639328826348
boundary,load,put,4,256,0,332,1559,4.030407536,4.031032653,1.0001551001962992,0.00015510019629916272
boundary,load,put,4,256,4,341,1589,1.181699854,1.206002264,1.0205656367966345,0.02056563679663448
boundary,load,put,4,260,0,333,1560,3.925753433,3.949544568,1.0060602723543488,0.006060272354348806
boundary,load,put,4,260,4,342,1590,1.21254532,1.209312028,0.9973334670905332,0.0026665329094668344
boundary,load,put,8,64,0,361,1612,1.275763508,1.27932132,1.0027887707852512,0.0027887707852511934
boundary,load,put,8,64,4,370,1642,0.639250798,0.637079627,0.9966035693552627,0.0033964306447372694
boundary,load,put,8,96,0,362,1613,1.921494923,1.921713688,1.0001138514587686,0.00011385145876863234
boundary,load,put,8,96,4,371,1643,0.957143286,0.957911155,1.0008022508345735,0.0008022508345735258
boundary,load,put,8,124,0,363,1614,1.238216658,1.232117681,0.9950743862468696,0.004925613753130387
boundary,load,put,8,124,4,372,1644,1.234135389,1.235120348,1.0007980963910272,0.0007980963910272365
boundary,load,put,8,128,0,364,1615,4.138887149,4.138562634,0.999921593658315,7.840634168498894e-05
boundary,load,put,8,128,4,373,1645,0.984101948,0.968598216,0.9842458070207987,0.01575419297920133
boundary,load,put,8,132,0,365,1616,2.144554335,2.142481513,0.999033448597608,0.0009665514023919908
boundary,load,put,8,132,4,374,1646,1.009839818,1.015454818,1.0055602877802152,0.005560287780215223
boundary,load,put,8,192,0,366,1617,3.107483735,3.158377844,1.0163779164559328,0.016377916455932784
boundary,load,put,8,192,4,375,1647,1.107361909,1.101170309,0.9944086933551911,0.005591306644808891
boundary,load,put,8,252,0,367,1618,2.328001832,2.33179203,1.0016280906431863,0.001628090643186253
boundary,load,put,8,252,4,376,1648,2.23865084,2.241530716,1.001286433752215,0.0012864337522149327
boundary,load,put,8,256,0,368,1619,8.048770519,8.055469459,1.0008322935762906,0.0008322935762905548
boundary,load,put,8,256,4,377,1649,1.705426111,1.719183468,1.0080668150389307,0.008066815038930697
boundary,load,put,8,260,0,369,1620,3.793131369,3.782668251,0.9972415619228188,0.0027584380771812356
boundary,load,put,8,260,4,378,1650,1.721813967,1.767747548,1.0266774354723307,0.0266774354723307
boundary,load,put,16,64,0,397,1672,1.327735407,1.319969501,0.9941510138548261,0.005848986145173929
boundary,load,put,16,64,4,406,1702,0.697148865,0.708549116,1.0163526781328118,0.016352678132811826
boundary,load,put,16,96,0,398,1673,1.978718471,1.992461594,1.0069454665741582,0.006945466574158177
boundary,load,put,16,96,4,407,1703,1.045385735,1.040765906,0.9955807422606547,0.0044192577393452614
boundary,load,put,16,124,0,399,1674,1.34548748,1.36124349,1.0117102613247653,0.01171026132476527
boundary,load,put,16,124,4,408,1704,1.365865157,1.361411625,0.9967394058065132,0.0032605941934867877
boundary,load,put,16,128,0,400,1675,8.281466337,8.27652651,0.9994035081712608,0.0005964918287392207
boundary,load,put,16,128,4,409,1705,1.257726219,1.268522488,1.0085839579686777,0.008583957968677725
boundary,load,put,16,132,0,401,1676,2.812076965,2.811621743,0.9998381189399629,0.00016188106003711678
boundary,load,put,16,132,4,410,1706,1.309222886,1.303790462,0.9958506499862699,0.004149350013730069
boundary,load,put,16,192,0,402,1677,4.089344183,4.09143069,1.0005102302243656,0.0005102302243655821
boundary,load,put,16,192,4,411,1707,1.56244151,1.574846825,1.0079396988115095,0.007939698811509466
boundary,load,put,16,252,0,403,1678,2.893115941,2.885907866,0.9975085426415685,0.0024914573584314814
boundary,load,put,16,252,4,412,1708,2.780643822,2.79046417,1.003531681376199,0.0035316813761989696
boundary,load,put,16,256,0,404,1679,15.978821819,16.025948264,1.0029493066218413,0.002949306621841341
boundary,load,put,16,256,4,413,1709,2.199794274,2.172445269,0.9875674715025646,0.012432528497435369
boundary,load,put,16,260,0,405,1680,4.497605079,4.507949704,1.0023000296420643,0.0023000296420643274
boundary,load,put,16,260,4,414,1710,2.222432475,2.217804857,0.9979177689076919,0.0020822310923080956
boundary,load,put,32,64,0,433,1732,2.192308018,2.20024366,1.0036197659885584,0.003619765988558399
boundary,load,put,32,64,4,442,1762,1.15682771,1.157956914,1.0009761211546357,0.0009761211546357451
boundary,load,put,32,96,0,434,1733,3.298580837,3.312613682,1.0042542067917797,0.00425420679177968
boundary,load,put,32,96,4,443,1763,1.73193219,1.737119923,1.002995344176841,0.002995344176841108
boundary,load,put,32,124,0,435,1734,2.237864085,2.237504569,0.9998393485992246,0.000160651400775369
boundary,load,put,32,124,4,444,1764,2.238866393,2.238131557,0.9996717821115644,0.0003282178884356224
boundary,load,put,32,128,0,436,1735,15.677358732,15.696583809,1.0012262956617022,0.0012262956617021814
boundary,load,put,32,128,4,445,1765,1.644379952,1.651256618,1.0041819203594864,0.004181920359486391
boundary,load,put,32,132,0,437,1736,3.73008491,3.726826116,0.9991263485741937,0.0008736514258063099
boundary,load,put,32,132,4,446,1766,1.695547302,1.691771693,0.9977732210740765,0.0022267789259234894
boundary,load,put,32,192,0,438,1737,5.408195529,5.419690838,1.0021255350214984,0.0021255350214983704
boundary,load,put,32,192,4,447,1767,1.896298696,1.897082766,1.0004134738908244,0.00041347389082435626
boundary,load,put,32,252,0,439,1738,4.234569971,4.234671817,1.0000240510844542,2.4051084454246308e-05
boundary,load,put,32,252,4,448,1768,4.066086409,4.054723685,0.9972054888024884,0.0027945111975116177
boundary,load,put,32,256,0,440,1739,18.773889901,18.906235504,1.0070494502576661,0.007049450257666123
boundary,load,put,32,256,4,449,1769,2.871265856,2.878519519,1.0025262944512234,0.002526294451223432
boundary,load,put,32,260,0,441,1740,5.023546364,5.039800492,1.0032355883318766,0.0032355883318766487
boundary,load,put,32,260,4,450,1770,2.906527474,2.903823414,0.99906965957687,0.000930340423130005
boundary,load,put,64,64,0,469,1792,2.136877768,2.139341764,1.0011530823320354,0.0011530823320353711
boundary,load,put,64,64,4,478,1822,1.144582064,1.145205325,1.0005445315103243,0.0005445315103242976
boundary,load,put,64,96,0,470,1793,3.204188475,3.206374172,1.0006821374638393,0.0006821374638392719
boundary,load,put,64,96,4,479,1823,1.720112499,1.721365792,1.0007286110651068,0.000728611065106799
boundary,load,put,64,124,0,471,1794,2.218560901,2.222553439,1.0017996071228878,0.0017996071228878474
boundary,load,put,64,124,4,480,1824,2.220492623,2.220502626,1.000004504856218,4.504856218057185e-06
boundary,load,put,64,128,0,472,1795,18.642934551,18.886468394,1.0130630637753828,0.0130630637753828
boundary,load,put,64,128,4,481,1825,1.581491942,1.578507541,0.9981129205146465,0.0018870794853534933
boundary,load,put,64,132,0,473,1796,3.088754189,3.092541447,1.0012261441889703,0.0012261441889702684
boundary,load,put,64,132,4,482,1826,1.635186583,1.635482125,1.0001807390074458,0.00018073900744575155
boundary,load,put,64,192,0,474,1797,4.523539967,4.519871933,0.9991891231144726,0.0008108768855273896
boundary,load,put,64,192,4,483,1827,1.836535927,1.839048064,1.0013678670605175,0.0013678670605175025
boundary,load,put,64,252,0,475,1798,3.768875575,3.767447483,0.9996210827416344,0.0003789172583655853
boundary,load,put,64,252,4,484,1828,3.68485253,3.685528278,1.0001833853578939,0.00018338535789386157
boundary,load,put,64,256,0,476,1799,18.505136463,18.52976955,1.0013311486272611,0.0013311486272611361
boundary,load,put,64,256,4,485,1829,2.703576782,2.703271979,0.9998872593513789,0.00011274064862110134
boundary,load,put,64,260,0,477,1800,4.724724463,4.736779929,1.0025515701697332,0.002551570169733175
boundary,load,put,64,260,4,486,1830,2.747097907,2.746833395,0.9999037122050415,9.628779495851614e-05
boundary,load,iget,1,64,0,505,1852,0.144974581,0.145175018,1.0013825665066072,0.0013825665066071746
boundary,load,iget,1,64,4,514,1882,0.1449711,0.144958754,0.9999148381987859,8.516180121409533e-05
boundary,load,iget,1,96,0,506,1853,0.217533125,0.217589086,1.000257252774721,0.0002572527747211062
boundary,load,iget,1,96,4,515,1883,0.21766669,0.217719362,1.0002419846601243,0.00024198466012426145
boundary,load,iget,1,124,0,507,1854,0.281199352,0.280910331,0.998972184686969,0.0010278153130309775
boundary,load,iget,1,124,4,516,1884,0.281040594,0.280955457,0.9996970651150846,0.00030293488491539566
boundary,load,iget,1,128,0,508,1855,0.290324681,0.290107274,0.999251159084198,0.0007488409158019627
boundary,load,iget,1,128,4,517,1885,0.281534875,0.282032192,1.0017664490056517,0.0017664490056517046
boundary,load,iget,1,132,0,509,1856,0.290607564,0.290301617,0.9989472159781775,0.001052784021822517
boundary,load,iget,1,132,4,518,1886,0.290414346,0.290436136,1.0000750307286819,7.503072868186855e-05
boundary,load,iget,1,192,0,510,1857,0.42250304,0.422424864,0.9998149693786819,0.00018503062131813852
boundary,load,iget,1,192,4,519,1887,0.42243202,0.422428117,0.9999907606435705,9.239356429491252e-06
boundary,load,iget,1,252,0,511,1858,0.554263618,0.55506449,1.0014449297662542,0.0014449297662542104
boundary,load,iget,1,252,4,520,1888,0.554239359,0.554219856,0.9999648112323976,3.518876760244538e-05
boundary,load,iget,1,256,0,512,1859,0.562803977,0.569814267,1.0124560065075732,0.01245600650757317
boundary,load,iget,1,256,4,521,1889,0.547760313,0.54808516,1.0005930458857466,0.0005930458857466014
boundary,load,iget,1,260,0,513,1860,0.555882671,0.563140749,1.0130568524234496,0.013056852423449561
boundary,load,iget,1,260,4,522,1890,0.556663649,0.556702267,1.0000693740287685,6.937402876849852e-05
boundary,load,iget,2,64,0,541,1912,0.290358861,0.290061912,0.9989773034686203,0.001022696531379652
boundary,load,iget,2,64,4,550,1942,0.2900441,0.290145481,1.000349536501518,0.00034953650151803295
boundary,load,iget,2,96,0,542,1913,0.435243774,0.434816874,0.9990191703465929,0.000980829653407067
boundary,load,iget,2,96,4,551,1943,0.434759374,0.435209145,1.0010345285850009,0.00103452858500086
boundary,load,iget,2,124,0,543,1914,0.56243212,0.566641754,1.0074846969977462,0.007484696997746232
boundary,load,iget,2,124,4,552,1944,0.562036603,0.562301536,1.0004713803310779,0.00047138033107785304
boundary,load,iget,2,128,0,544,1915,0.580703759,0.580698358,0.9999906992163968,9.300783603172214e-06
boundary,load,iget,2,128,4,553,1945,0.562599403,0.563037676,1.0007790143353565,0.0007790143353565426
boundary,load,iget,2,132,0,545,1916,0.579321386,0.580573356,1.0021610975017587,0.0021610975017587464
boundary,load,iget,2,132,4,554,1946,0.580528162,0.580027033,0.999136770560323,0.0008632294396769824
boundary,load,iget,2,192,0,546,1917,0.843930819,0.843681801,0.9997049307900675,0.00029506920993249697
boundary,load,iget,2,192,4,555,1947,0.843770414,0.844431524,1.0007835188210332,0.0007835188210332245
boundary,load,iget,2,252,0,547,1918,1.107499286,1.106960497,0.999513508489973,0.0004864915100269984
boundary,load,iget,2,252,4,556,1948,1.106579891,1.105149492,0.998707369425711,0.0012926305742889665
boundary,load,iget,2,256,0,548,1919,1.122316988,1.123963764,1.0014673002526093,0.001467300252609327
boundary,load,iget,2,256,4,557,1949,1.095022971,1.09606214,1.0009489928773376,0.0009489928773376288
boundary,load,iget,2,260,0,549,1920,1.110847166,1.111919867,1.0009656602931818,0.0009656602931817915
boundary,load,iget,2,260,4,558,1950,1.109988789,1.113242685,1.0029314674456589,0.002931467445658864
boundary,load,iget,4,64,0,577,1972,0.477096302,0.477132582,1.0000760433477431,7.60433477431377e-05
boundary,load,iget,4,64,4,586,2002,0.47600436,0.476110239,1.0002224328365394,0.00022243283653944346
boundary,load,iget,4,96,0,578,1973,0.715248159,0.715246428,0.9999975798609501,2.4201390499412057e-06
boundary,load,iget,4,96,4,587,2003,0.714388168,0.713835584,0.9992264933480813,0.0007735066519186651
boundary,load,iget,4,124,0,579,1974,0.923954623,0.924038967,1.0000912858682671,9.128586826712137e-05
boundary,load,iget,4,124,4,588,2004,0.921806294,0.92279705,1.001074798476045,0.0010747984760450802
boundary,load,iget,4,128,0,580,1975,0.953203126,0.953607374,1.0004240942869085,0.00042409428690848294
boundary,load,iget,4,128,4,589,2005,0.911671496,0.91259627,1.001014371957506,0.0010143719575059773
boundary,load,iget,4,132,0,581,1976,0.949950047,0.950594644,1.000678558837947,0.0006785588379469853
boundary,load,iget,4,132,4,590,2006,0.940961106,0.941259187,1.0003167835504563,0.0003167835504562788
boundary,load,iget,4,192,0,582,1977,1.381899669,1.382748342,1.0006141350338509,0.0006141350338508822
boundary,load,iget,4,192,4,591,2007,1.368467794,1.368289081,0.9998694064991637,0.00013059350083632904
boundary,load,iget,4,252,0,583,1978,1.814722585,1.812888993,0.9989896020388153,0.0010103979611847391
boundary,load,iget,4,252,4,592,2008,1.795654836,1.795528493,0.999929639595836,7.03604041639716e-05
boundary,load,iget,4,256,0,584,1979,1.844447843,1.843267869,0.9993602562390267,0.0006397437609733103
boundary,load,iget,4,256,4,593,2009,1.781550582,1.778098206,0.9980621510077338,0.0019378489922662334
boundary,load,iget,4,260,0,585,1980,1.822088478,1.822329529,1.0001322937952302,0.00013229379523016505
boundary,load,iget,4,260,4,594,2010,1.808361027,1.809770498,1.0007794190313526,0.0007794190313525906
boundary,load,iget,8,64,0,613,2032,0.948945614,0.94827599,0.99929434944414,0.0007056505558600268
boundary,load,iget,8,64,4,622,2062,0.946272426,0.945480492,0.9991631014724294,0.0008368985275706287
boundary,load,iget,8,96,0,614,2033,1.423046799,1.421309952,0.9987794870827718,0.0012205129172282447
boundary,load,iget,8,96,4,623,2063,1.418284644,1.420704436,1.001706139885415,0.0017061398854150145
boundary,load,iget,8,124,0,615,2034,1.836259007,1.837873269,1.0008791036525055,0.0008791036525055418
boundary,load,iget,8,124,4,624,2064,1.835414734,1.834076701,0.9992709914684602,0.0007290085315397876
boundary,load,iget,8,128,0,616,2035,1.897020677,1.896218692,0.9995772397160856,0.000422760283914414
boundary,load,iget,8,128,4,625,2065,1.804429769,1.804132521,0.9998352676257583,0.00016473237424174947
boundary,load,iget,8,132,0,617,2036,1.873972509,1.878874177,1.002615656300431,0.002615656300430924
boundary,load,iget,8,132,4,626,2066,1.86109991,1.859505879,0.9991435005764951,0.0008564994235048529
boundary,load,iget,8,192,0,618,2037,2.726791472,2.728728178,1.0007102508643901,0.0007102508643901384
boundary,load,iget,8,192,4,627,2067,2.705499509,2.703853096,0.9993914569215322,0.0006085430784678048
boundary,load,iget,8,252,0,619,2038,3.58389551,3.581654255,0.9993746316002389,0.0006253683997611281
boundary,load,iget,8,252,4,628,2068,3.552339654,3.553305755,1.0002719618882479,0.0002719618882478514
boundary,load,iget,8,256,0,620,2039,3.640826105,3.638029559,0.9992318924553526,0.0007681075446474006
boundary,load,iget,8,256,4,629,2069,3.53710733,3.541582904,1.0012653203825739,0.0012653203825738757
boundary,load,iget,8,260,0,621,2040,3.612470178,3.612716763,1.000068259387026,6.825938702603729e-05
boundary,load,iget,8,260,4,630,2070,3.592858641,3.595260133,1.0006684070373923,0.000668407037392349
boundary,load,iget,16,64,0,649,2092,1.865048106,1.864506122,0.9997093994528847,0.0002906005471152717
boundary,load,iget,16,64,4,658,2122,1.862042304,1.862634354,1.0003179573303616,0.00031795733036155127
boundary,load,iget,16,96,0,650,2093,2.796578925,2.797483503,1.0003234587774061,0.00032345877740613815
boundary,load,iget,16,96,4,659,2123,2.791833886,2.790592723,0.999555430927956,0.00044456907204404317
boundary,load,iget,16,124,0,651,2094,3.613510303,3.613576118,1.0000182135913507,1.8213591350679792e-05
boundary,load,iget,16,124,4,660,2124,3.607000563,3.608654514,1.000458539157705,0.00045853915770499576
boundary,load,iget,16,128,0,652,2095,3.732123892,3.729471291,0.9992892516227325,0.0007107483772674783
boundary,load,iget,16,128,4,661,2125,3.537056627,3.537439688,1.0001082993687678,0.00010829936876777246
boundary,load,iget,16,132,0,653,2096,3.6524797,3.656715449,1.0011596913187497,0.0011596913187497115
boundary,load,iget,16,132,4,662,2126,3.649898047,3.650855799,1.0002624051378057,0.0002624051378057324
boundary,load,iget,16,192,0,654,2097,5.309872179,5.321041358,1.0021034741747972,0.002103474174797171
boundary,load,iget,16,192,4,663,2127,5.303604604,5.303184362,0.9999207629468299,7.923705317014473e-05
boundary,load,iget,16,252,0,655,2098,6.97886591,6.977285061,0.9997734805310223,0.0002265194689776706
boundary,load,iget,16,252,4,664,2128,6.959416693,6.969922847,1.0015096314049665,0.001509631404966516
boundary,load,iget,16,256,0,656,2099,7.092202266,7.081488115,0.9984893054938149,0.0015106945061851285
boundary,load,iget,16,256,4,665,2129,6.6444439,6.583562054,0.9908371796170933,0.009162820382906722
boundary,load,iget,16,260,0,657,2100,6.686652686,6.705063903,1.0027534280400936,0.0027534280400935973
boundary,load,iget,16,260,4,666,2130,6.714211678,6.701247898,0.9980692029650365,0.0019307970349634607
boundary,load,iget,32,64,0,685,2152,3.405820094,3.409022624,1.0009403109711055,0.0009403109711054736
boundary,load,iget,32,64,4,694,2182,3.417222702,3.421932078,1.0013781296715734,0.0013781296715733582
boundary,load,iget,32,96,0,686,2153,5.127328662,5.114175806,0.9974347546515832,0.0025652453484168447
boundary,load,iget,32,96,4,695,2183,5.194185083,5.130403603,0.9877205992892419,0.01227940071075806
boundary,load,iget,32,124,0,687,2154,6.620416075,6.623660724,1.0004900974445174,0.0004900974445174455
boundary,load,iget,32,124,4,696,2184,6.704582704,6.615056556,0.9866470216041054,0.013352978395894555
boundary,load,iget,32,128,0,688,2155,6.83936052,6.834909568,0.9993492151807198,0.0006507848192801591
boundary,load,iget,32,128,4,697,2185,5.120367386,5.05708231,0.9876405204491708,0.012359479550829167
boundary,load,iget,32,132,0,689,2156,5.227793296,5.230985017,1.000610529303529,0.000610529303529006
boundary,load,iget,32,132,4,698,2186,5.216541426,5.230605431,1.002696040125341,0.0026960401253410815
boundary,load,iget,32,192,0,690,2157,7.579053637,7.574238073,0.9993646219923169,0.0006353780076830962
boundary,load,iget,32,192,4,699,2187,7.614126386,7.619674088,1.0007286065030652,0.0007286065030651656
boundary,load,iget,32,252,0,691,2158,10.020051286,9.987810017,0.9967823249522637,0.0032176750477362903
boundary,load,iget,32,252,4,700,2188,10.019273185,9.953778622,0.993463142306764,0.006536857693235976
boundary,load,iget,32,256,0,692,2159,10.1848769,10.168456015,0.9983877188540197,0.0016122811459803321
boundary,load,iget,32,256,4,701,2189,7.632572862,7.617897708,0.9980772991931642,0.0019227008068357643
boundary,load,iget,32,260,0,693,2160,7.741822862,7.75219512,1.001339769481282,0.001339769481282005
boundary,load,iget,32,260,4,702,2190,7.740877116,7.760115432,1.002485288903532,0.002485288903532057
boundary,load,iget,64,64,0,721,2212,3.588697425,3.595337087,1.0018501593234765,0.0018501593234765412
boundary,load,iget,64,64,4,730,2242,3.591498915,3.58657727,0.9986296404046109,0.0013703595953891146
boundary,load,iget,64,96,0,722,2213,5.393712006,5.388397895,0.9990147581120221,0.0009852418879778835
boundary,load,iget,64,96,4,731,2243,5.378541563,5.388212181,1.0017980000501485,0.0017980000501485183
boundary,load,iget,64,124,0,723,2214,6.956227221,6.963839631,1.00109433026814,0.001094330268140098
boundary,load,iget,64,124,4,732,2244,6.960029208,6.948616226,0.9983602106170932,0.0016397893829067645
boundary,load,iget,64,128,0,724,2215,7.188847388,7.184195332,0.999352878737172,0.0006471212628279543
boundary,load,iget,64,128,4,733,2245,5.165150843,5.16549347,1.0000663343647485,6.633436474845489e-05
boundary,load,iget,64,132,0,725,2216,5.322487756,5.331908125,1.001769918397535,0.0017699183975350419
boundary,load,iget,64,132,4,734,2246,5.330243878,5.323355403,0.9987076623213373,0.0012923376786626584
boundary,load,iget,64,192,0,726,2217,7.757156068,7.753300185,0.9995029256900082,0.0004970743099917962
boundary,load,iget,64,192,4,735,2247,7.751383459,7.747852301,0.9995444480306415,0.00045555196935853637
boundary,load,iget,64,252,0,727,2218,10.171671554,10.170994164,0.9999334042594274,6.659574057255035e-05
boundary,load,iget,64,252,4,736,2248,10.161341539,10.169773677,1.0008298252713617,0.0008298252713616616
boundary,load,iget,64,256,0,728,2219,10.30522823,10.34652197,1.0040070670031147,0.004007067003114706
boundary,load,iget,64,256,4,737,2249,8.166819246,8.18135769,1.0017801843731415,0.0017801843731415357
boundary,load,iget,64,260,0,729,2220,8.295458301,8.295836303,1.000045567343754,4.556734375404936e-05
boundary,load,iget,64,260,4,738,2250,8.301808248,8.29194338,0.9988117205667358,0.001188279433264161
boundary,load,iput,1,64,0,757,2272,0.273464306,0.273468512,1.0000153804350613,1.5380435061329578e-05
boundary,load,iput,1,64,4,766,2302,0.174200759,0.173720959,0.9972457066045275,0.002754293395472507
boundary,load,iput,1,96,0,758,2273,0.408453629,0.4084399,0.9999663878613747,3.361213862529411e-05
boundary,load,iput,1,96,4,767,2303,0.260811591,0.261373135,1.0021530638183944,0.0021530638183944184
boundary,load,iput,1,124,0,759,2274,0.337343275,0.337528945,1.000550388917639,0.0005503889176390331
boundary,load,iput,1,124,4,768,2304,0.336337131,0.33714855,1.0024125168624334,0.002412516862433378
boundary,load,iput,1,128,0,760,2275,0.533316889,0.53331089,0.9999887515281745,1.1248471825542339e-05
boundary,load,iput,1,128,4,769,2305,0.332234451,0.329404668,0.9914825720466901,0.008517427953309897
boundary,load,iput,1,132,0,761,2276,0.536533457,0.536482213,0.9999044905786741,9.550942132585671e-05
boundary,load,iput,1,132,4,770,2306,0.338069291,0.338583168,1.001520034542268,0.0015200345422679007
boundary,load,iput,1,192,0,762,2277,0.78007969,0.780393269,1.0004019832896816,0.00040198328968155117
boundary,load,iput,1,192,4,771,2307,0.423646351,0.423485911,0.9996212878982168,0.00037871210178319625
boundary,load,iput,1,252,0,763,2278,0.681355281,0.680134775,0.9982087083874822,0.001791291612517787
boundary,load,iput,1,252,4,772,2308,0.681330227,0.680292126,0.998476361448734,0.0015236385512660267
boundary,load,iput,1,256,0,764,2279,1.040476571,1.040463884,0.9999878065490819,1.2193450918074333e-05
boundary,load,iput,1,256,4,773,2309,0.688478712,0.687578729,0.9986927947308849,0.001307205269115097
boundary,load,iput,1,260,0,765,2280,1.04988318,1.049327684,0.9994708973240244,0.0005291026759756123
boundary,load,iput,1,260,4,774,2310,0.696646211,0.698575256,1.0027690454201006,0.002769045420100591
boundary,load,iput,2,64,0,793,2332,0.546466284,0.546611903,1.000266473896494,0.00026647389649392395
boundary,load,iput,2,64,4,802,2362,0.348962491,0.34893186,0.9999122226577641,8.777734223586187e-05
boundary,load,iput,2,96,0,794,2333,0.816676882,0.8167078,1.000037858301957,3.785830195690565e-05
boundary,load,iput,2,96,4,803,2363,0.525223446,0.521238854,0.9924135298407832,0.007586470159216763
boundary,load,iput,2,124,0,795,2334,0.676246277,0.676311007,1.0000957195657878,9.571956578779961e-05
boundary,load,iput,2,124,4,804,2364,0.676117775,0.67147166,0.9931282460367205,0.006871753963279548
boundary,load,iput,2,128,0,796,2335,1.066481366,1.06621619,0.9997513543054253,0.00024864569457472285
boundary,load,iput,2,128,4,805,2365,0.60596033,0.610160556,1.0069315197580673,0.006931519758067273
boundary,load,iput,2,132,0,797,2336,1.069125006,1.069621848,1.0004647183418325,0.00046471834183248184
boundary,load,iput,2,132,4,806,2366,0.597684786,0.602307385,1.0077341754521423,0.007734175452142278
boundary,load,iput,2,192,0,798,2337,1.554639506,1.555175941,1.0003450542700925,0.0003450542700924597
boundary,load,iput,2,192,4,807,2367,0.738505139,0.725741248,0.9827165847250793,0.01728341527492072
boundary,load,iput,2,252,0,799,2338,1.314215667,1.317526845,1.0025195088470968,0.0025195088470968408
boundary,load,iput,2,252,4,808,2368,1.314011113,1.308433634,0.9957553791251688,0.00424462087483124
boundary,load,iput,2,256,0,800,2339,2.075344742,2.073966895,0.9993360876522749,0.0006639123477251152
boundary,load,iput,2,256,4,809,2369,1.349234626,1.348405984,0.9993858429186206,0.0006141570813793518
boundary,load,iput,2,260,0,801,2340,2.055647972,2.055429397,0.9998936709966992,0.00010632900330076467
boundary,load,iput,2,260,4,810,2370,1.367188424,1.366622146,0.9995858083713559,0.0004141916286440894
boundary,load,iput,4,64,0,829,2392,0.685455098,0.684854182,0.9991233328021728,0.0008766671978271967
boundary,load,iput,4,64,4,838,2422,0.316169996,0.318239736,1.0065462884719776,0.006546288471977579
boundary,load,iput,4,96,0,830,2393,1.028391644,1.023754845,0.9954912128788164,0.004508787121183633
boundary,load,iput,4,96,4,839,2423,0.459257794,0.485349338,1.056812414162317,0.05681241416231697
boundary,load,iput,4,124,0,831,2394,0.607847458,0.630758934,1.0376928054867347,0.037692805486734704
boundary,load,iput,4,124,4,840,2424,0.625067106,0.629702695,1.0074161461313562,0.007416146131356216
boundary,load,iput,4,128,0,832,2395,2.124619737,2.125072998,1.0002133374702806,0.00021333747028062788
boundary,load,iput,4,128,4,841,2425,0.508526914,0.508341113,0.9996346289746227,0.0003653710253772591
boundary,load,iput,4,132,0,833,2396,1.531751201,1.538720682,1.0045500085101613,0.004550008510161296
boundary,load,iput,4,132,4,842,2426,0.522048439,0.522569096,1.0009973346553767,0.0009973346553766582
boundary,load,iput,4,192,0,834,2397,2.287014344,2.276858256,0.9955592372970268,0.004440762702973222
boundary,load,iput,4,192,4,843,2427,0.588108943,0.587334139,0.9986825502158704,0.0013174497841296207
boundary,load,iput,4,252,0,835,2398,1.307402662,1.293866304,0.9896463741481963,0.01035362585180366
boundary,load,iput,4,252,4,844,2428,1.114056878,1.114788364,1.0006565966374295,0.0006565966374294518
boundary,load,iput,4,256,0,836,2399,4.145626465,4.145564368,0.9999850210817292,1.4978918270847075e-05
boundary,load,iput,4,256,4,845,2429,1.199697076,1.196993163,0.997746170217389,0.0022538297826110165
boundary,load,iput,4,260,0,837,2400,3.972011071,3.97694595,1.0012424132037372,0.0012424132037371916
boundary,load,iput,4,260,4,846,2430,1.215563183,1.204423849,0.9908360715791769,0.009163928420823142
boundary,load,iput,8,64,0,865,2452,1.28302248,1.28606153,1.0023686646550416,0.002368664655041597
boundary,load,iput,8,64,4,874,2482,0.636466814,0.638907149,1.0038341904814536,0.0038341904814536143
boundary,load,iput,8,96,0,866,2453,1.928981822,1.924325402,0.9975860736752967,0.002413926324703275
boundary,load,iput,8,96,4,875,2483,0.959889493,0.957333706,0.9973374153810015,0.002662584618998487
boundary,load,iput,8,124,0,867,2454,1.237572038,1.235201089,0.9980841931401169,0.001915806859883129
boundary,load,iput,8,124,4,876,2484,1.237268266,1.240251151,1.002410863579039,0.0024108635790389688
boundary,load,iput,8,128,0,868,2455,4.250052503,4.250809377,1.000178085799991,0.00017808579999090135
boundary,load,iput,8,128,4,877,2485,0.986168885,0.977074344,0.9907779071735772,0.009222092826422834
boundary,load,iput,8,132,0,869,2456,2.155925692,2.143776339,0.9943646698747167,0.005635330125283278
boundary,load,iput,8,132,4,878,2486,1.017053561,1.007647818,0.9907519688631226,0.009248031136877444
boundary,load,iput,8,192,0,870,2457,3.135116159,3.130869744,0.9986455318448697,0.001354468155130295
boundary,load,iput,8,192,4,879,2487,1.100738971,1.095331414,0.9950873393761217,0.0049126606238782955
boundary,load,iput,8,252,0,871,2458,2.341079217,2.328985086,0.9948339505505934,0.005166049449406573
boundary,load,iput,8,252,4,880,2488,2.242888092,2.211665372,0.986079234130599,0.013920765869401053
boundary,load,iput,8,256,0,872,2459,8.235569457,8.258913719,1.0028345656146653,0.0028345656146653297
boundary,load,iput,8,256,4,881,2489,1.715504804,1.722102155,1.0038457199214,0.003845719921399926
boundary,load,iput,8,260,0,873,2460,3.79208508,3.786452111,0.9985145457232198,0.0014854542767801515
boundary,load,iput,8,260,4,882,2490,1.720738958,1.742339048,1.012552798842368,0.01255279884236793
boundary,load,iput,16,64,0,901,2512,1.320047774,1.339634324,1.0148377584400972,0.01483775844009716
boundary,load,iput,16,64,4,910,2542,0.69699939,0.705890804,1.0127567026995534,0.012756702699553424
boundary,load,iput,16,96,0,902,2513,1.991356786,1.991921048,1.0002833555513342,0.00028335555133418566
boundary,load,iput,16,96,4,911,2543,1.056853343,1.046015274,0.9897449640749255,0.010255035925074485
boundary,load,iput,16,124,0,903,2514,1.358379552,1.364194568,1.0042808477140563,0.004280847714056346
boundary,load,iput,16,124,4,912,2544,1.350497632,1.342582082,0.9941387901670902,0.0058612098329098306
boundary,load,iput,16,128,0,904,2515,8.497844211,8.497794847,0.9999941909972959,5.8090027040824666e-06
boundary,load,iput,16,128,4,913,2545,1.265286458,1.26629904,1.000800278856695,0.0008002788566949803
boundary,load,iput,16,132,0,905,2516,2.813857341,2.794452905,0.9931039730702539,0.006896026929746113
boundary,load,iput,16,132,4,914,2546,1.304623302,1.306198866,1.0012076773407195,0.0012076773407194707
boundary,load,iput,16,192,0,906,2517,4.076463413,4.104297796,1.0068280713402786,0.00682807134027863
boundary,load,iput,16,192,4,915,2547,1.576946925,1.57855054,1.001016911206444,0.0010169112064439823
boundary,load,iput,16,252,0,907,2518,2.890671533,2.888993851,0.9994196220563812,0.0005803779436187595
boundary,load,iput,16,252,4,916,2548,2.785129728,2.783465058,0.9994023007318962,0.000597699268103824
boundary,load,iput,16,256,0,908,2519,16.396290659,16.421269714,1.0015234576843932,0.0015234576843932146
boundary,load,iput,16,256,4,917,2549,2.185107405,2.209836611,1.011317158114706,0.011317158114706016
boundary,load,iput,16,260,0,909,2520,4.419340137,4.482181443,1.0142196128951186,0.014219612895118638
boundary,load,iput,16,260,4,918,2550,2.220310525,2.231196351,1.004902839435038,0.004902839435038109
boundary,load,iput,32,64,0,937,2572,2.201203547,2.201207332,1.0000017195138564,1.719513856413002e-06
boundary,load,iput,32,64,4,946,2602,1.158358723,1.157678791,0.9994130212113919,0.000586978788608139
boundary,load,iput,32,96,0,938,2573,3.310838599,3.29512582,0.9952541392368851,0.004745860763114895
boundary,load,iput,32,96,4,947,2603,1.736114545,1.73369096,0.998604017801141,0.0013959821988589471
boundary,load,iput,32,124,0,939,2574,2.229220997,2.240998238,1.0052831195363086,0.005283119536308556
boundary,load,iput,32,124,4,948,2604,2.241343812,2.241185443,0.9999293419424756,7.065805752437537e-05
boundary,load,iput,32,128,0,940,2575,16.183064597,16.16402699,0.9988236092808076,0.0011763907191923995
boundary,load,iput,32,128,4,949,2605,1.64533099,1.641447775,0.9976398578622774,0.0023601421377226206
boundary,load,iput,32,132,0,941,2576,3.72568317,3.736027377,1.002776459115819,0.00277645911581903
boundary,load,iput,32,132,4,950,2606,1.693962563,1.705918819,1.007058158344908,0.007058158344908083
boundary,load,iput,32,192,0,942,2577,5.415799219,5.396100474,0.996362726127126,0.0036372738728740472
boundary,load,iput,32,192,4,951,2607,1.910300925,1.885842154,0.9871963779738001,0.01280362202619989
boundary,load,iput,32,252,0,943,2578,4.236734029,4.235221603,0.9996430207821291,0.000356979217870923
boundary,load,iput,32,252,4,952,2608,4.068233929,4.065167498,0.9992462500796375,0.0007537499203624787
boundary,load,iput,32,256,0,944,2579,18.88231537,18.856029199,0.9986078947160388,0.0013921052839611647
boundary,load,iput,32,256,4,953,2609,2.870208251,2.867946268,0.9992119097981088,0.0007880902018911895
boundary,load,iput,32,260,0,945,2580,5.038766098,5.03233426,0.9987235291587452,0.0012764708412548176
boundary,load,iput,32,260,4,954,2610,2.900124252,2.900904577,1.0002690660579325,0.00026906605793253213
boundary,load,iput,64,64,0,973,2632,2.13798155,2.135487284,0.9988333547593055,0.0011666452406945416
boundary,load,iput,64,64,4,982,2662,1.14647484,1.1467809,1.0002669574501957,0.00026695745019567063
boundary,load,iput,64,96,0,974,2633,3.208638926,3.206574647,0.9993566496425407,0.0006433503574593269
boundary,load,iput,64,96,4,983,2663,1.717011134,1.719961732,1.0017184501262528,0.001718450126252824
boundary,load,iput,64,124,0,975,2634,2.217426677,2.219605956,1.0009827964201046,0.0009827964201045702
boundary,load,iput,64,124,4,984,2664,2.219475658,2.220444598,1.0004365625712124,0.0004365625712123844
boundary,load,iput,64,128,0,976,2635,18.790542338,18.882171745,1.0048763577629527,0.004876357762952699
boundary,load,iput,64,128,4,985,2665,1.581801375,1.582384995,1.0003689590926041,0.0003689590926041486
boundary,load,iput,64,132,0,977,2636,3.094781418,3.088632341,0.9980130819694613,0.0019869180305387424
boundary,load,iput,64,132,4,986,2666,1.634866564,1.635200636,1.0002043420590747,0.0002043420590747136
boundary,load,iput,64,192,0,978,2637,4.519894876,4.518274468,0.9996414943169134,0.00035850568308659625
boundary,load,iput,64,192,4,987,2667,1.832246227,1.840516656,1.0045138196374084,0.004513819637408378
boundary,load,iput,64,252,0,979,2638,3.759383161,3.763649442,1.001134835375191,0.00113483537519099
boundary,load,iput,64,252,4,988,2668,3.682849228,3.682298046,0.9998503381578021,0.00014966184219789014
boundary,load,iput,64,256,0,980,2639,18.566103897,18.549829911,0.9991234571297087,0.0008765428702912637
boundary,load,iput,64,256,4,989,2669,2.704626121,2.700201197,0.998363942444524,0.0016360575554760226
boundary,load,iput,64,260,0,981,2640,4.727485464,4.730773903,1.000695600023531,0.0006956000235309734
boundary,load,iput,64,260,4,990,2670,2.746737181,2.74437261,0.9991391346007342,0.0008608653992657755
load,mapping,get,1,64,0,1012,2689,0.145103428,0.145085106,0.9998737314462343,0.00012626855376574042
load,mapping,get,1,64,4,1042,2817,0.14485324,0.145057418,1.0014095507977592,0.0014095507977591737
load,mapping,get,1,128,0,1015,2705,0.289866625,0.28975337,0.999609285822402,0.0003907141775979506
load,mapping,get,1,128,4,1045,2833,0.281078313,0.280609264,0.9983312515469666,0.0016687484530334418
load,mapping,get,1,256,0,1019,2721,0.563527861,0.562682006,0.9984990005667174,0.0015009994332826349
load,mapping,get,1,256,4,1049,2849,0.547167202,0.547737694,1.0010426282823874,0.0010426282823874367
load,mapping,get,1,4096,0,1028,2737,5.702384532,5.706515682,1.000724460088024,0.0007244600880240704
load,mapping,get,1,4096,4,1058,2865,5.692739395,5.679328686,0.9976442432949277,0.002355756705072265
load,mapping,get,1,32768,0,1034,2753,13.937863196,13.898709254,0.9971908217601649,0.002809178239835064
load,mapping,get,1,32768,4,1064,2881,13.874181397,13.892810657,1.001342728588227,0.0013427285882270379
load,mapping,get,1,65536,0,1036,2769,15.613623802,15.697143995,1.005349186970247,0.005349186970247111
load,mapping,get,1,65536,4,1066,2897,15.609815586,15.641651147,1.002039457854233,0.0020394578542330954
load,mapping,get,1,98304,0,1037,2785,16.337267247,16.332533465,0.9997102463999377,0.00028975360006233686
load,mapping,get,1,98304,4,1067,2913,16.295969175,16.306873922,1.0006691683619977,0.0006691683619977074
load,mapping,get,1,131072,0,1038,2801,16.704852184,16.605292506,0.9940400742907886,0.005959925709211444
load,mapping,get,1,131072,4,1068,2929,16.707122005,16.691399241,0.9990589184663107,0.0009410815336893252
load,mapping,get,2,64,0,1072,2945,0.289911926,0.28974386,0.9994202860078272,0.0005797139921728256
load,mapping,get,2,64,4,1102,3073,0.292322203,0.289943185,0.9918616582128043,0.008138341787195746
load,mapping,get,2,128,0,1075,2961,0.580110942,0.579895302,0.9996282779992796,0.0003717220007204425
load,mapping,get,2,128,4,1105,3089,0.569548806,0.561981265,0.9867130947861209,0.013286905213879097
load,mapping,get,2,256,0,1079,2977,1.12451154,1.123070545,0.9987185591710335,0.0012814408289665291
load,mapping,get,2,256,4,1109,3105,1.109014381,1.095814182,0.9880973599385634,0.011902640061436598
load,mapping,get,2,4096,0,1088,2993,10.56153266,10.634928053,1.006949312695682,0.006949312695682108
load,mapping,get,2,4096,4,1118,3121,10.295855013,10.469919431,1.0169062615761602,0.016906261576160153
load,mapping,get,2,32768,0,1094,3009,17.412157425,17.356281535,0.9967909841017303,0.003209015898269718
load,mapping,get,2,32768,4,1124,3137,17.163753618,17.101707352,0.9963850409775789,0.003614959022421149
load,mapping,get,2,65536,0,1096,3025,17.478065742,17.450900038,0.998445725951544,0.0015542740484559836
load,mapping,get,2,65536,4,1126,3153,17.430202128,17.420273263,0.9994303643223934,0.0005696356776065947
load,mapping,get,2,98304,0,1097,3041,17.394740225,17.405914282,1.0006423813667502,0.000642381366750211
load,mapping,get,2,98304,4,1127,3169,17.331138028,17.325456652,0.9996721867894178,0.00032781321058217294
load,mapping,get,2,131072,0,1098,3057,16.877962041,16.909682939,1.0018794270257834,0.0018794270257833645
load,mapping,get,2,131072,4,1128,3185,16.869957037,16.872757381,1.000165995917705,0.00016599591770494193
load,mapping,get,4,64,0,1132,3201,0.477523117,0.477300359,0.9995335136832758,0.0004664863167241906
load,mapping,get,4,64,4,1162,3329,0.473534595,0.473528289,0.9999866831271325,1.3316872867541463e-05
load,mapping,get,4,128,0,1135,3217,0.953872976,0.954719091,1.0008870311050724,0.0008870311050723778
load,mapping,get,4,128,4,1165,3345,0.908295828,0.908185465,0.999878494432543,0.00012150556745704755
load,mapping,get,4,256,0,1139,3233,1.81850406,1.819202536,1.0003840937259167,0.0003840937259167454
load,mapping,get,4,256,4,1169,3361,1.788227734,1.783354476,0.9972748113076744,0.0027251886923256308
load,mapping,get,4,4096,0,1148,3249,15.632662953,15.910673378,1.0177839454375652,0.01778394543756523
load,mapping,get,4,4096,4,1178,3377,15.606113283,14.587673843,0.9347409940238354,0.06525900597616463
load,mapping,get,4,32768,0,1154,3265,19.55234218,19.515027622,0.998091555596947,0.0019084444030530445
load,mapping,get,4,32768,4,1184,3393,19.426126563,19.433592157,1.0003843068753715,0.00038430687537149844
load,mapping,get,4,65536,0,1156,3281,19.654758127,19.720464759,1.003343039460238,0.003343039460238062
load,mapping,get,4,65536,4,1186,3409,19.583670692,19.629449806,1.0023376166153928,0.002337616615392779
load,mapping,get,4,98304,0,1157,3297,19.758493897,19.721349473,0.9981200781702475,0.0018799218297524956
load,mapping,get,4,98304,4,1187,3425,19.693358044,19.66571938,0.9985965489512632,0.001403451048736848
load,mapping,get,4,131072,0,1158,3313,19.510783536,19.502521437,0.9995765367913206,0.0004234632086793644
load,mapping,get,4,131072,4,1188,3441,19.52514927,19.533448023,1.0004250289145165,0.0004250289145164565
load,mapping,get,8,64,0,1192,3457,0.948219791,0.948912198,1.0007302178319541,0.0007302178319541497
load,mapping,get,8,64,4,1222,3585,0.943077882,0.942763745,0.9996669023778463,0.00033309762215372185
load,mapping,get,8,128,0,1195,3473,1.897519494,1.897536371,1.0000088942432757,8.894243275658908e-06
load,mapping,get,8,128,4,1225,3601,1.801554861,1.801096664,0.9997456658079533,0.00025433419204667906
load,mapping,get,8,256,0,1199,3489,3.605569055,3.605712519,1.0000397895582671,3.97895582671115e-05
load,mapping,get,8,256,4,1229,3617,3.528098861,3.532324999,1.0011978513546533,0.0011978513546533343
load,mapping,get,8,4096,0,1208,3505,20.095325237,19.951217908,0.9928288133035704,0.007171186696429577
load,mapping,get,8,4096,4,1238,3633,19.325346766,19.391827595,1.003440084662127,0.0034400846621269743
load,mapping,get,8,32768,0,1214,3521,20.699160447,20.709648974,1.0005067126769154,0.0005067126769153774
load,mapping,get,8,32768,4,1244,3649,20.602075344,20.644512572,1.0020598520921515,0.0020598520921515373
load,mapping,get,8,65536,0,1216,3537,20.891567137,20.873075895,0.9991148944510126,0.0008851055489873527
load,mapping,get,8,65536,4,1246,3665,20.850704347,20.831436919,0.9990759339502711,0.0009240660497289443
load,mapping,get,8,98304,0,1217,3553,20.937861968,20.935414505,0.9998831082656032,0.00011689173439677347
load,mapping,get,8,98304,4,1247,3681,20.90289996,20.894689391,0.9996072043106119,0.0003927956893881035
load,mapping,get,8,131072,0,1218,3569,20.91797876,20.920842189,1.0001368884170336,0.00013688841703363153
load,mapping,get,8,131072,4,1248,3697,20.896596507,20.894289274,0.9998895880963568,0.00011041190364324827
load,mapping,get,16,64,0,1252,3713,1.859925454,1.859739669,0.9999001115880207,9.988841197927645e-05
load,mapping,get,16,64,4,1282,3841,1.857638495,1.858861241,1.0006582260236807,0.000658226023680708
load,mapping,get,16,128,0,1255,3729,3.720026585,3.719018695,0.9997290637642042,0.0002709362357957712
load,mapping,get,16,128,4,1285,3857,3.532786257,3.527669208,0.9985515543178246,0.0014484456821753922
load,mapping,get,16,256,0,1259,3745,7.073358289,7.077220318,1.0005459965185146,0.0005459965185146132
load,mapping,get,16,256,4,1289,3873,6.633324065,6.582513559,0.9923401140209482,0.0076598859790517615
load,mapping,get,16,4096,0,1268,3761,19.456820531,19.678418088,1.0113891967419308,0.01138919674193084
load,mapping,get,16,4096,4,1298,3889,18.625155669,18.599038546,0.998597750082515,0.0014022499174850545
load,mapping,get,16,32768,0,1274,3777,20.678300051,20.963804481,1.0138069584683385,0.01380695846833846
load,mapping,get,16,32768,4,1304,3905,21.119555412,20.92717448,0.9908908626035429,0.009109137396457134
load,mapping,get,16,65536,0,1276,3793,21.315477631,21.313447807,0.9999047722957403,9.522770425973714e-05
load,mapping,get,16,65536,4,1306,3921,21.227650281,21.187293516,0.9980988585893503,0.001901141410649676
load,mapping,get,16,98304,0,1277,3809,21.310743564,21.306212185,0.999787366452682,0.00021263354731804185
load,mapping,get,16,98304,4,1307,3937,21.336109736,21.339336469,1.0001512334272706,0.00015123342727063616
load,mapping,get,16,131072,0,1278,3825,21.114828027,21.140144361,1.0011989836700363,0.0011989836700363465
load,mapping,get,16,131072,4,1308,3953,21.072637472,21.13809687,1.0031063694844546,0.003106369484454641
load,mapping,get,32,64,0,1312,3969,3.412857808,3.417069329,1.0012340159587452,0.0012340159587451716
load,mapping,get,32,64,4,1342,4097,3.416331164,3.411133721,0.9984786477801777,0.0015213522198223028
load,mapping,get,32,128,0,1315,3985,6.838750739,6.833011117,0.9991607206902179,0.000839279309782115
load,mapping,get,32,128,4,1345,4113,5.101632211,5.101737057,1.0000205514618976,2.0551461897611034e-05
load,mapping,get,32,256,0,1319,4001,10.141110231,10.191398495,1.0049588519259236,0.004958851925923602
load,mapping,get,32,256,4,1349,4129,7.612705822,7.534141377,0.9896798264852221,0.010320173514777875
load,mapping,get,32,4096,0,1328,4017,20.688752748,20.72610632,1.0018055013975462,0.0018055013975462053
load,mapping,get,32,4096,4,1358,4145,20.05478835,20.008386694,0.9976862555121405,0.0023137444878594815
load,mapping,get,32,32768,0,1334,4033,21.284422292,21.346858396,1.0029334178369251,0.002933417836925134
load,mapping,get,32,32768,4,1364,4161,21.268093353,21.238607812,0.9986136255605705,0.0013863744394294608
load,mapping,get,32,65536,0,1336,4049,21.466196477,21.468140124,1.0000905445453312,9.054454533119483e-05
load,mapping,get,32,65536,4,1366,4177,21.405999498,21.39305234,0.9993951621833305,0.0006048378166695345
load,mapping,get,32,98304,0,1337,4065,21.464575319,21.466781988,1.0001028051553411,0.00010280515534111245
load,mapping,get,32,98304,4,1367,4193,21.462016795,21.458290447,0.9998263747514694,0.00017362524853059558
load,mapping,get,32,131072,0,1338,4081,21.360882318,21.375707155,1.0006940180082124,0.0006940180082124492
load,mapping,get,32,131072,4,1368,4209,21.333970722,21.351227345,1.000808880035736,0.0008088800357359816
load,mapping,get,64,64,0,1372,4225,3.585984439,3.588249429,1.0006316229304753,0.0006316229304752508
load,mapping,get,64,64,4,1402,4353,3.582915407,3.586951344,1.0011264393773056,0.0011264393773056103
load,mapping,get,64,128,0,1375,4241,7.175420192,7.174096817,0.999815568292227,0.0001844317077730473
load,mapping,get,64,128,4,1405,4369,5.168078636,5.168153299,1.0000144469550987,1.4446955098668113e-05
load,mapping,get,64,256,0,1379,4257,10.330385058,10.343636123,1.0012827271128426,0.0012827271128426077
load,mapping,get,64,256,4,1409,4385,8.167630649,8.168506966,1.0001072914579099,0.00010729145790988603
load,mapping,get,64,4096,0,1388,4273,19.649033176,19.798008115,1.0075817948733459,0.007581794873345871
load,mapping,get,64,4096,4,1418,4401,19.130688618,19.162587107,1.0016673988917464,0.0016673988917463856
load,mapping,get,64,32768,0,1394,4289,20.933933541,20.908081535,0.9987650669689304,0.001234933031069585
load,mapping,get,64,32768,4,1424,4417,20.858592415,20.834964517,0.9988672343018213,0.0011327656981786616
load,mapping,get,64,65536,0,1396,4305,20.955318919,20.968719418,1.0006394796018996,0.0006394796018995841
load,mapping,get,64,65536,4,1426,4433,20.93094578,20.935580935,1.0002214498593958,0.00022144985939576145
load,mapping,get,64,98304,0,1397,4321,20.977374506,20.948440823,0.9986207195284745,0.001379280471525468
load,mapping,get,64,98304,4,1427,4449,20.95760073,20.936227383,0.9989801625064167,0.0010198374935832533
load,mapping,get,64,131072,0,1398,4337,20.851369923,20.847710192,0.9998244848653344,0.00017551513466562696
load,mapping,get,64,131072,4,1428,4465,20.77758349,20.83330736,1.0026819225646146,0.002681922564614636
load,mapping,put,1,64,0,1432,4481,0.266624229,0.266635004,1.0000404126813247,4.0412681324708544e-05
load,mapping,put,1,64,4,1462,4609,0.174103185,0.174199194,1.000551448843397,0.0005514488433970843
load,mapping,put,1,128,0,1435,4497,0.532465415,0.531749385,0.9986552553840516,0.0013447446159483567
load,mapping,put,1,128,4,1465,4625,0.330943987,0.331929978,1.0029793289460793,0.0029793289460793293
load,mapping,put,1,256,0,1439,4513,1.014513889,1.016907275,1.002359145622303,0.002359145622303105
load,mapping,put,1,256,4,1469,4641,0.68789596,0.686742806,0.9983236505706474,0.001676349429352575
load,mapping,put,1,4096,0,1448,4529,8.809682047,8.785759177,0.997284479749397,0.002715520250602954
load,mapping,put,1,4096,4,1478,4657,6.266216282,6.227716073,0.9938559080524249,0.006144091947575148
load,mapping,put,1,32768,0,1454,4545,16.425334354,16.425120289,0.9999869673885847,1.3032611415275674e-05
load,mapping,put,1,32768,4,1484,4673,15.49138632,15.515746579,1.00157250348657,0.0015725034865698984
load,mapping,put,1,65536,0,1456,4561,17.501875411,17.50710251,1.0002986593651966,0.0002986593651965741
load,mapping,put,1,65536,4,1486,4689,17.486427447,17.477730135,0.999502624991505,0.0004973750084950046
load,mapping,put,1,98304,0,1457,4577,17.909184998,17.908362829,0.9999540923274793,4.590767252066197e-05
load,mapping,put,1,98304,4,1487,4705,17.882278637,17.885750186,1.0001941334809994,0.0001941334809993922
load,mapping,put,1,131072,0,1458,4593,18.119910031,18.118119156,0.9999011653481206,9.883465187943141e-05
load,mapping,put,1,131072,4,1488,4721,18.102777236,18.103462326,1.0000378444694462,3.7844469446213225e-05
load,mapping,put,2,64,0,1492,4737,0.533190705,0.533258455,1.0001270652308165,0.00012706523081651433
load,mapping,put,2,64,4,1522,4865,0.34888792,0.349087164,1.0005710831146002,0.0005710831146001905
load,mapping,put,2,128,0,1495,4753,1.058144197,1.04907628,0.9914303579552682,0.008569642044731762
load,mapping,put,2,128,4,1525,4881,0.610625261,0.609731844,0.9985368816898651,0.0014631183101349032
load,mapping,put,2,256,0,1499,4769,2.021683344,2.020879793,0.9996025336992638,0.0003974663007362267
load,mapping,put,2,256,4,1529,4897,1.349705187,1.349515216,0.9998592500037564,0.0001407499962435832
load,mapping,put,2,4096,0,1508,4785,17.448869615,17.377396233,0.9959038388401643,0.004096161159835687
load,mapping,put,2,4096,4,1538,4913,8.955168407,8.711603597,0.9728017610691037,0.027198238930896346
load,mapping,put,2,32768,0,1514,4801,18.695091939,18.699679484,1.0002453876672535,0.0002453876672534605
load,mapping,put,2,32768,4,1544,4929,18.43171258,18.402186158,0.9983980641043612,0.0016019358956388396
load,mapping,put,2,65536,0,1516,4817,18.735820951,18.7316279,0.9997762013732429,0.00022379862675714346
load,mapping,put,2,65536,4,1546,4945,18.696451965,18.697956223,1.0000804568697212,8.0456869721246e-05
load,mapping,put,2,98304,0,1517,4833,18.746354693,18.747443309,1.0000580708099163,5.807080991626634e-05
load,mapping,put,2,98304,4,1547,4961,18.727425131,18.724428766,0.9998400012292645,0.00015999877073546998
load,mapping,put,2,131072,0,1518,4849,18.74126722,18.751171304,1.0005284639444993,0.0005284639444993466
load,mapping,put,2,131072,4,1548,4977,18.733206098,18.734716277,1.000080615084898,8.061508489798364e-05
load,mapping,put,4,64,0,1552,4993,0.685626929,0.686570967,1.0013768974934762,0.001376897493476248
load,mapping,put,4,64,4,1582,5121,0.322364341,0.317189188,0.9839462609792813,0.016053739020718716
load,mapping,put,4,128,0,1555,5009,2.073230384,2.072967652,0.9998732740934015,0.00012672590659845717
load,mapping,put,4,128,4,1585,5137,0.509300402,0.50797768,0.9974028648027652,0.0025971351972348122
load,mapping,put,4,256,0,1559,5025,4.031032653,4.032335868,1.0003232955701884,0.0003232955701883977
load,mapping,put,4,256,4,1589,5153,1.206002264,1.203843222,0.9982097529462016,0.0017902470537983772
load,mapping,put,4,4096,0,1568,5041,20.103536156,20.240379211,1.0068069146610885,0.0068069146610885145
load,mapping,put,4,4096,4,1598,5169,6.873725913,6.938503783,1.0094239821051765,0.009423982105176476
load,mapping,put,4,32768,0,1574,5057,20.78604199,20.843351729,1.0027571261054686,0.0027571261054686325
load,mapping,put,4,32768,4,1604,5185,18.964902805,18.991670279,1.0014114216284273,0.001411421628427334
load,mapping,put,4,65536,0,1576,5073,21.204221917,21.170707566,0.9984194491487975,0.0015805508512024558
load,mapping,put,4,65536,4,1606,5201,20.263138509,20.226501884,0.9981919570364814,0.0018080429635185524
load,mapping,put,4,98304,0,1577,5089,21.317503653,21.334384311,1.0007918684230002,0.0007918684230001638
load,mapping,put,4,98304,4,1607,5217,20.674228998,20.644865379,0.9985796994411331,0.0014203005588668827
load,mapping,put,4,131072,0,1578,5105,21.325515887,21.317638292,0.9996306023712748,0.0003693976287252321
load,mapping,put,4,131072,4,1608,5233,20.793971094,20.814432644,1.0009840135829517,0.0009840135829517482
load,mapping,put,8,64,0,1612,5249,1.27932132,1.278284542,0.9991895874915928,0.0008104125084071878
load,mapping,put,8,64,4,1642,5377,0.637079627,0.639547041,1.0038730072277136,0.003873007227713554
load,mapping,put,8,128,0,1615,5265,4.138562634,4.138044184,0.9998747270378994,0.000125272962100631
load,mapping,put,8,128,4,1645,5393,0.968598216,0.974527618,1.0061216321711663,0.006121632171166347
load,mapping,put,8,256,0,1619,5281,8.055469459,8.049124815,0.9992123806027332,0.0007876193972667922
load,mapping,put,8,256,4,1649,5409,1.719183468,1.70855804,0.9938194915215414,0.006180508478458635
load,mapping,put,8,4096,0,1628,5297,19.582310184,19.637643291,1.00282566798708,0.0028256679870799495
load,mapping,put,8,4096,4,1658,5425,8.705845095,8.754222427,1.0055568794840817,0.005556879484081678
load,mapping,put,8,32768,0,1634,5313,20.228705742,20.232900955,1.0002073890961443,0.0002073890961442615
load,mapping,put,8,32768,4,1664,5441,18.443400471,18.509092539,1.0035618197470306,0.0035618197470306256
load,mapping,put,8,65536,0,1636,5329,20.440511487,20.43205411,0.9995862443557062,0.00041375564429380063
load,mapping,put,8,65536,4,1666,5457,19.45937624,19.446696009,0.9993483742313417,0.0006516257686582927
load,mapping,put,8,98304,0,1637,5345,20.525659436,20.519109744,0.9996809022374934,0.0003190977625066038
load,mapping,put,8,98304,4,1667,5473,19.826982831,19.851494949,1.0012363009646468,0.0012363009646467749
load,mapping,put,8,131072,0,1638,5361,20.576521973,20.597989872,1.0010433201018214,0.001043320101821399
load,mapping,put,8,131072,4,1668,5489,20.013355012,20.003784133,0.9995217753847737,0.0004782246152262859
load,mapping,put,16,64,0,1672,5505,1.319969501,1.322686226,1.0020581725547006,0.0020581725547006435
load,mapping,put,16,64,4,1702,5633,0.708549116,0.699302848,0.9869504205266695,0.01304957947333052
load,mapping,put,16,128,0,1675,5521,8.27652651,8.283740772,1.000871653342895,0.0008716533428949624
load,mapping,put,16,128,4,1705,5649,1.268522488,1.266336467,0.9982767187647997,0.001723281235200269
load,mapping,put,16,256,0,1679,5537,16.025948264,15.997306703,0.9982128008571985,0.0017871991428014544
load,mapping,put,16,256,4,1709,5665,2.172445269,2.189136825,1.0076833033440162,0.007683303344016235
load,mapping,put,16,4096,0,1688,5553,17.845594328,17.810171767,0.9980150528837013,0.0019849471162987076
load,mapping,put,16,4096,4,1718,5681,10.758930096,10.567883445,0.9822429693942311,0.017757030605768942
load,mapping,put,16,32768,0,1694,5569,20.494257118,20.47449508,0.999035728014623,0.0009642719853769632
load,mapping,put,16,32768,4,1724,5697,18.449888825,18.49946531,1.0026870885494348,0.0026870885494347796
load,mapping,put,16,65536,0,1696,5585,20.530458815,20.536285064,1.000283785620794,0.00028378562079400815
load,mapping,put,16,65536,4,1726,5713,19.677899234,19.678467943,1.000028900900103,2.8900900103101534e-05
load,mapping,put,16,98304,0,1697,5601,20.644695206,20.50862609,0.9934090033956784,0.006590996604321608
load,mapping,put,16,98304,4,1727,5729,19.977538377,19.996111037,1.0009296771028298,0.0009296771028297623
load,mapping,put,16,131072,0,1698,5617,20.470868473,20.372326683,0.9951862428245304,0.004813757175469613
load,mapping,put,16,131072,4,1728,5745,19.8671122,19.805877745,0.9969177978971699,0.003082202102830056
load,mapping,put,32,64,0,1732,5761,2.20024366,2.21045424,1.004640658753222,0.004640658753221949
load,mapping,put,32,64,4,1762,5889,1.157956914,1.156565804,0.9987986513287489,0.0012013486712511012
load,mapping,put,32,128,0,1735,5777,15.696583809,15.698244181,1.0001057791950276,0.00010577919502763322
load,mapping,put,32,128,4,1765,5905,1.651256618,1.639064214,0.9926162875793544,0.007383712420645616
load,mapping,put,32,256,0,1739,5793,18.906235504,18.91460375,1.000442618309617,0.0004426183096168934
load,mapping,put,32,256,4,1769,5921,2.878519519,2.887895235,1.003257131292011,0.003257131292011106
load,mapping,put,32,4096,0,1748,5809,16.959209757,16.955396875,0.9997751733686515,0.0002248266313484848
load,mapping,put,32,4096,4,1778,5937,10.50648804,10.532535411,1.0024791700995455,0.002479170099545458
load,mapping,put,32,32768,0,1754,5825,18.547379371,18.662383368,1.006200552363738,0.0062005523637380655
load,mapping,put,32,32768,4,1784,5953,16.865534191,16.850702046,0.9991205647664623,0.0008794352335377287
load,mapping,put,32,65536,0,1756,5841,18.767230852,18.796121719,1.001539431535096,0.0015394315350960586
load,mapping,put,32,65536,4,1786,5969,17.828634776,17.847416027,1.001053431809893,0.001053431809892924
load,mapping,put,32,98304,0,1757,5857,18.793687002,18.805008172,1.000602392175564,0.0006023921755640149
load,mapping,put,32,98304,4,1787,5985,18.101906884,18.097406558,0.9997513893962199,0.00024861060378011945
load,mapping,put,32,131072,0,1758,5873,18.406636473,18.346641828,0.9967405970619345,0.003259402938065481
load,mapping,put,32,131072,4,1788,6001,18.042131509,17.906798709,0.9924990680877982,0.0075009319122018026
load,mapping,put,64,64,0,1792,6017,2.139341764,2.13746744,0.9991238781799427,0.0008761218200572518
load,mapping,put,64,64,4,1822,6145,1.145205325,1.146094219,1.0007761874491807,0.0007761874491807319
load,mapping,put,64,128,0,1795,6033,18.886468394,18.81219541,0.9960673969081697,0.0039326030918303
load,mapping,put,64,128,4,1825,6161,1.578507541,1.581066116,1.00162088234205,0.0016208823420500451
load,mapping,put,64,256,0,1799,6049,18.52976955,18.128710748,0.9783559746429765,0.021644025357023478
load,mapping,put,64,256,4,1829,6177,2.703271979,2.700845818,0.9991025094704316,0.0008974905295684454
load,mapping,put,64,4096,0,1808,6065,14.931442236,15.032963171,1.0067991379128287,0.006799137912828712
load,mapping,put,64,4096,4,1838,6193,10.70376836,10.739146731,1.0033052257681705,0.0033052257681704944
load,mapping,put,64,32768,0,1814,6081,15.547511568,15.536782066,0.99930988943452,0.0006901105654799622
load,mapping,put,64,32768,4,1844,6209,14.280076598,14.284275453,1.0002940358877757,0.0002940358877756566
load,mapping,put,64,65536,0,1816,6097,15.600879077,15.582809254,0.9988417432818488,0.0011582567181511738
load,mapping,put,64,65536,4,1846,6225,14.924796522,14.914963754,0.9993411790917548,0.0006588209082452057
load,mapping,put,64,98304,0,1817,6113,15.593435635,15.537735496,0.9964279751875219,0.0035720248124780918
load,mapping,put,64,98304,4,1847,6241,15.100876372,15.098179071,0.9998213811613609,0.00017861883863912187
load,mapping,put,64,131072,0,1818,6129,15.380851042,15.433480767,1.0034217693712972,0.003421769371297234
load,mapping,put,64,131072,4,1848,6257,15.067622677,14.9593168,0.9928120129285343,0.007187987071465729
load,mapping,iget,1,64,0,1852,6273,0.145175018,0.145198336,1.0001606199215352,0.00016061992153515448
load,mapping,iget,1,64,4,1882,6401,0.144958754,0.144975763,1.0001173368253429,0.00011733682534287304
load,mapping,iget,1,128,0,1855,6289,0.290107274,0.28985993,0.9991474050388683,0.0008525949611316586
load,mapping,iget,1,128,4,1885,6417,0.282032192,0.280999824,0.9963395384311305,0.0036604615688694553
load,mapping,iget,1,256,0,1859,6305,0.569814267,0.563960501,0.989726887621085,0.01027311237891504
load,mapping,iget,1,256,4,1889,6433,0.54808516,0.548565629,1.00087663201828,0.0008766320182800325
load,mapping,iget,1,4096,0,1868,6321,5.719328426,5.72859922,1.0016209584953812,0.0016209584953812417
load,mapping,iget,1,4096,4,1898,6449,5.668380374,5.688327957,1.0035190974641535,0.0035190974641534645
load,mapping,iget,1,32768,0,1874,6337,13.88663458,13.918716868,1.0023102997213023,0.002310299721302256
load,mapping,iget,1,32768,4,1904,6465,13.82635869,13.934075934,1.007790716732809,0.0077907167328090665
load,mapping,iget,1,65536,0,1876,6353,15.717348657,15.674643986,0.997282959617939,0.002717040382060998
load,mapping,iget,1,65536,4,1906,6481,15.616600263,15.610395624,0.9996026895165716,0.0003973104834283925
load,mapping,iget,1,98304,0,1877,6369,16.359441751,16.363670866,1.0002585121830176,0.0002585121830176451
load,mapping,iget,1,98304,4,1907,6497,16.312702614,16.270954829,0.9974407805997659,0.0025592194002340696
load,mapping,iget,1,131072,0,1878,6385,16.703723891,16.681884236,0.9986925277774875,0.0013074722225124846
load,mapping,iget,1,131072,4,1908,6513,16.703828199,16.695345232,0.9994921543194208,0.0005078456805791554
load,mapping,iget,2,64,0,1912,6529,0.290061912,0.290279646,1.0007506466412592,0.0007506466412592339
load,mapping,iget,2,64,4,1942,6657,0.290145481,0.290226531,1.0002793426239853,0.0002793426239853236
load,mapping,iget,2,128,0,1915,6545,0.580698358,0.580928569,1.0003964381796995,0.0003964381796994765
load,mapping,iget,2,128,4,1945,6673,0.563037676,0.562154774,0.9984318953462007,0.001568104653799307
load,mapping,iget,2,256,0,1919,6561,1.123963764,1.125168885,1.0010722062744364,0.0010722062744363825
load,mapping,iget,2,256,4,1949,6689,1.09606214,1.095300796,0.9993053824484807,0.0006946175515193387
load,mapping,iget,2,4096,0,1928,6577,10.491427049,10.474310322,0.9983685034533378,0.00163149654666217
load,mapping,iget,2,4096,4,1958,6705,10.360309089,10.435682084,1.00727516856423,0.00727516856423005
load,mapping,iget,2,32768,0,1934,6593,16.865206505,17.389426191,1.0310829094114313,0.031082909411431325
load,mapping,iget,2,32768,4,1964,6721,17.126278604,17.121862379,0.9997421375009649,0.00025786249903514413
load,mapping,iget,2,65536,0,1936,6609,17.433095349,17.526082804,1.0053339612466088,0.005333961246608787
load,mapping,iget,2,65536,4,1966,6737,17.431780762,17.434966718,1.0001827670989842,0.00018276709898423782
load,mapping,iget,2,98304,0,1937,6625,17.357947184,17.368087411,1.0005841835380942,0.0005841835380941962
load,mapping,iget,2,98304,4,1967,6753,17.310103521,17.342972435,1.0018988282744887,0.0018988282744887286
load,mapping,iget,2,131072,0,1938,6641,16.929688294,16.919045789,0.9993713702925189,0.0006286297074811209
load,mapping,iget,2,131072,4,1968,6769,16.913589869,16.914060219,1.0000278089987782,2.780899877818932e-05
load,mapping,iget,4,64,0,1972,6785,0.477132582,0.476935688,0.9995873390176485,0.00041266098235148707
load,mapping,iget,4,64,4,2002,6913,0.476110239,0.476505044,1.0008292302237172,0.00082923022371717
load,mapping,iget,4,128,0,1975,6801,0.953607374,0.953518932,0.9999072553312702,9.274466872977172e-05
load,mapping,iget,4,128,4,2005,6929,0.91259627,0.911477874,0.9987744898409459,0.001225510159054144
load,mapping,iget,4,256,0,1979,6817,1.843267869,1.844661821,1.0007562395153975,0.0007562395153974943
load,mapping,iget,4,256,4,2009,6945,1.778098206,1.781440556,1.0018797330702667,0.001879733070266676
load,mapping,iget,4,4096,0,1988,6833,15.823591677,15.785477823,0.9975913272550253,0.0024086727449746936
load,mapping,iget,4,4096,4,2018,6961,15.51600372,15.545388473,1.0018938351350175,0.0018938351350175076
load,mapping,iget,4,32768,0,1994,6849,19.441115396,19.531646984,1.0046567075065367,0.004656707506536684
load,mapping,iget,4,32768,4,2024,6977,19.421782915,19.519959588,1.0050549773638018,0.0050549773638017825
load,mapping,iget,4,65536,0,1996,6865,19.67617004,19.672875703,0.9998325722438207,0.00016742775617928363
load,mapping,iget,4,65536,4,2026,6993,19.556632088,19.626088809,1.0035515686283538,0.0035515686283538184
load,mapping,iget,4,98304,0,1997,6881,19.743722648,19.692239645,0.9973924368814402,0.002607563118559808
load,mapping,iget,4,98304,4,2027,7009,19.634932939,19.674036692,1.0019915399314827,0.001991539931482711
load,mapping,iget,4,131072,0,1998,6897,19.555249076,19.547726178,0.9996153003231634,0.00038469967683663064
load,mapping,iget,4,131072,4,2028,7025,19.559165199,19.518055676,0.997898196442346,0.0021018035576539917
load,mapping,iget,8,64,0,2032,7041,0.94827599,0.948011038,0.9997205961104214,0.00027940388957858886
load,mapping,iget,8,64,4,2062,7169,0.945480492,0.946358304,1.0009284295206802,0.000928429520680174
load,mapping,iget,8,128,0,2035,7057,1.896218692,1.896883276,1.000350478561784,0.0003504785617840511
load,mapping,iget,8,128,4,2065,7185,1.804132521,1.797035383,0.9960661770034132,0.003933822996586844
load,mapping,iget,8,256,0,2039,7073,3.638029559,3.641110916,1.0008469851467747,0.0008469851467747258
load,mapping,iget,8,256,4,2069,7201,3.541582904,3.540364564,0.9996559899815914,0.00034401001840855816
load,mapping,iget,8,4096,0,2048,7089,20.002282975,19.786734651,0.9892238138881744,0.010776186111825625
load,mapping,iget,8,4096,4,2078,7217,19.384176175,19.392481744,1.000428471601012,0.00042847160101189274
load,mapping,iget,8,32768,0,2054,7105,20.723196424,20.699320622,0.998847870689854,0.0011521293101459662
load,mapping,iget,8,32768,4,2084,7233,20.606156363,20.628072494,1.0010635720031396,0.0010635720031395568
load,mapping,iget,8,65536,0,2056,7121,20.87965952,20.869750747,0.9995254341676162,0.0004745658323838109
load,mapping,iget,8,65536,4,2086,7249,20.838661033,20.831409606,0.9996520204926547,0.0003479795073453307
load,mapping,iget,8,98304,0,2057,7137,20.941838434,20.943247733,1.0000672958586916,6.729585869158505e-05
load,mapping,iget,8,98304,4,2087,7265,20.900616748,20.904670209,1.0001939397793314,0.00019393977933135353
load,mapping,iget,8,131072,0,2058,7153,20.927254671,20.915988469,0.9994616493096147,0.0005383506903853252
load,mapping,iget,8,131072,4,2088,7281,20.900897539,20.907098539,1.000296685823584,0.00029668582358399753
load,mapping,iget,16,64,0,2092,7297,1.864506122,1.857150319,0.9960548249677456,0.003945175032254444
load,mapping,iget,16,64,4,2122,7425,1.862634354,1.861381265,0.9993272490667268,0.0006727509332732362
load,mapping,iget,16,128,0,2095,7313,3.729471291,3.728688397,0.9997900790919375,0.00020992090806248864
load,mapping,iget,16,128,4,2125,7441,3.537439688,3.535245082,0.9993796061011457,0.0006203938988542657
load,mapping,iget,16,256,0,2099,7329,7.081488115,7.089289392,1.001101643732689,0.0011016437326889505
load,mapping,iget,16,256,4,2129,7457,6.583562054,6.568175043,0.997662813705743,0.0023371862942570543
load,mapping,iget,16,4096,0,2108,7345,19.645331266,19.562126677,0.9957646634778817,0.0042353365221182715
load,mapping,iget,16,4096,4,2138,7473,18.657043592,18.874608387,1.0116612685138007,0.011661268513800671
load,mapping,iget,16,32768,0,2114,7361,20.638764502,20.614184653,0.9988090445531456,0.0011909554468544359
load,mapping,iget,16,32768,4,2144,7489,20.754066364,20.794776873,1.0019615678337916,0.0019615678337916442
load,mapping,iget,16,65536,0,2116,7377,21.343511798,21.320626497,0.9989277630965048,0.0010722369034952273
load,mapping,iget,16,65536,4,2146,7505,21.195921646,21.191322757,0.9997830295338506,0.00021697046614943538
load,mapping,iget,16,98304,0,2117,7393,21.268231107,21.293434426,1.0011850218700937,0.0011850218700937276
load,mapping,iget,16,98304,4,2147,7521,21.343709906,21.352473755,1.0004106057025042,0.0004106057025041743
load,mapping,iget,16,131072,0,2118,7409,21.109003998,21.171799721,1.0029748311671147,0.002974831167114722
load,mapping,iget,16,131072,4,2148,7537,21.130929407,21.131063332,1.0000063378660455,6.337866045535989e-06
load,mapping,iget,32,64,0,2152,7553,3.409022624,3.408891548,0.9999615502698407,3.844973015931785e-05
load,mapping,iget,32,64,4,2182,7681,3.421932078,3.40982065,0.996460646288725,0.003539353711275006
load,mapping,iget,32,128,0,2155,7569,6.834909568,6.821959515,0.9981053073385739,0.0018946926614260562
load,mapping,iget,32,128,4,2185,7697,5.05708231,5.088872638,1.0062862983141754,0.006286298314175376
load,mapping,iget,32,256,0,2159,7585,10.168456015,10.144808724,0.9976744462517105,0.002325553748289466
load,mapping,iget,32,256,4,2189,7713,7.617897708,7.62456465,1.000875168222986,0.0008751682229859448
load,mapping,iget,32,4096,0,2168,7601,20.694093329,20.693132801,0.9999535844366443,4.641556335571728e-05
load,mapping,iget,32,4096,4,2198,7729,20.068898031,20.053284897,0.9992220233529573,0.0007779766470427107
load,mapping,iget,32,32768,0,2174,7617,21.393108426,21.360098642,0.9984569898238873,0.0015430101761126913
load,mapping,iget,32,32768,4,2204,7745,21.176989743,21.312589201,1.0064031507615394,0.006403150761539411
load,mapping,iget,32,65536,0,2176,7633,21.470433839,21.443549347,0.9987478365736997,0.0012521634263003012
load,mapping,iget,32,65536,4,2206,7761,21.402524684,21.398240066,0.9997998078234572,0.00020019217654276833
load,mapping,iget,32,98304,0,2177,7649,21.463477353,21.482043338,1.0008650035916666,0.0008650035916666354
load,mapping,iget,32,98304,4,2207,7777,21.461207233,21.456331533,0.9997728133395729,0.00022718666042709224
load,mapping,iget,32,131072,0,2178,7665,21.372914774,21.348344105,0.9988503828672964,0.001149617132703562
load,mapping,iget,32,131072,4,2208,7793,21.353707047,21.346457939,0.9996605222697846,0.0003394777302153651
load,mapping,iget,64,64,0,2212,7809,3.595337087,3.593195211,0.9994042628137026,0.0005957371862973515
load,mapping,iget,64,64,4,2242,7937,3.58657727,3.586588261,1.0000030644815858,3.0644815858238417e-06
load,mapping,iget,64,128,0,2215,7825,7.184195332,7.189550227,1.000745371576431,0.0007453715764309532
load,mapping,iget,64,128,4,2245,7953,5.16549347,5.170552818,1.000979451049427,0.0009794510494269826
load,mapping,iget,64,256,0,2219,7841,10.34652197,10.34666441,1.0000137669451061,1.3766945106130635e-05
load,mapping,iget,64,256,4,2249,7969,8.18135769,8.170864018,0.9987173678993614,0.0012826321006386143
load,mapping,iget,64,4096,0,2228,7857,19.870818154,19.74603078,0.9937200686437324,0.006279931356267587
load,mapping,iget,64,4096,4,2258,7985,19.137885507,19.190202502,1.0027336873230257,0.002733687323025702
load,mapping,iget,64,32768,0,2234,7873,20.943192656,20.962772445,1.0009348999133802,0.0009348999133802494
load,mapping,iget,64,32768,4,2264,8001,20.872143342,20.856214126,0.9992368193462937,0.0007631806537062857
load,mapping,iget,64,65536,0,2236,7889,20.956822561,20.961145386,1.0002062729207835,0.00020627292078345683
load,mapping,iget,64,65536,4,2266,8017,20.926325728,20.92457467,0.9999163227208273,8.367727917268919e-05
load,mapping,iget,64,98304,0,2237,7905,20.983485063,20.96236804,0.9989936360458428,0.0010063639541572078
load,mapping,iget,64,98304,4,2267,8033,20.932854366,20.949753485,1.0008073012263174,0.0008073012263174473
load,mapping,iget,64,131072,0,2238,7921,20.863501412,20.849133139,0.999311320151097,0.0006886798489029733
load,mapping,iget,64,131072,4,2268,8049,20.809820928,20.824188864,1.0006904401556223,0.0006904401556222517
load,mapping,iput,1,64,0,2272,8065,0.273468512,0.273450986,0.9999359121828256,6.408781717437417e-05
load,mapping,iput,1,64,4,2302,8193,0.173720959,0.174145632,1.0024445697424453,0.002444569742445335
load,mapping,iput,1,128,0,2275,8081,0.53331089,0.533296891,0.9999737507703996,2.624922960037246e-05
load,mapping,iput,1,128,4,2305,8209,0.329404668,0.330938339,1.0046558872687257,0.004655887268725678
load,mapping,iput,1,256,0,2279,8097,1.040463884,1.040058503,0.9996103843619814,0.00038961563801864774
load,mapping,iput,1,256,4,2309,8225,0.687578729,0.68694367,0.9990763835860315,0.0009236164139685421
load,mapping,iput,1,4096,0,2288,8113,8.911767841,8.912795606,1.000115326725105,0.00011532672510505826
load,mapping,iput,1,4096,4,2318,8241,6.262700086,6.289974585,1.004355070277271,0.004355070277271
load,mapping,iput,1,32768,0,2294,8129,16.474295614,16.482474544,1.000496466142871,0.0004964661428710215
load,mapping,iput,1,32768,4,2324,8257,15.398800164,15.308579915,0.9941410857963517,0.005858914203648258
load,mapping,iput,1,65536,0,2296,8145,17.547232354,17.553064836,1.000332387574424,0.00033238757442410893
load,mapping,iput,1,65536,4,2326,8273,17.520390017,17.517308553,0.9998241212668776,0.0001758787331224143
load,mapping,iput,1,98304,0,2297,8161,17.93775651,17.939592932,1.0001023774628102,0.00010237746281016591
load,mapping,iput,1,98304,4,2327,8289,17.919739604,17.919416219,0.9999819536998222,1.8046300177765318e-05
load,mapping,iput,1,131072,0,2298,8177,18.13703764,18.138817196,1.0000981172358643,9.811723586428123e-05
load,mapping,iput,1,131072,4,2328,8305,18.11923121,18.123938915,1.0002598181426927,0.00025981814269271375
load,mapping,iput,2,64,0,2332,8321,0.546611903,0.54690571,1.0005375056752104,0.0005375056752103813
load,mapping,iput,2,64,4,2362,8449,0.34893186,0.34528738,0.9895553246413211,0.010444675358678879
load,mapping,iput,2,128,0,2335,8337,1.06621619,1.066370305,1.0001445438565324,0.00014454385653239754
load,mapping,iput,2,128,4,2365,8465,0.610160556,0.611367081,1.0019773893742159,0.0019773893742158766
load,mapping,iput,2,256,0,2339,8353,2.073966895,2.075263988,1.0006254164437858,0.0006254164437857757
load,mapping,iput,2,256,4,2369,8481,1.348405984,1.345145745,0.9975821532693524,0.0024178467306475993
load,mapping,iput,2,4096,0,2348,8369,17.637041231,17.621827662,0.9991374080946605,0.0008625919053395492
load,mapping,iput,2,4096,4,2378,8497,8.859357697,8.882238775,1.0025827016791238,0.002582701679123778
load,mapping,iput,2,32768,0,2354,8385,18.694116043,18.696489302,1.00012695219151,0.00012695219150993253
load,mapping,iput,2,32768,4,2384,8513,18.46779,18.483942188,1.0008746140171618,0.0008746140171618233
load,mapping,iput,2,65536,0,2356,8401,18.732302517,18.73068566,0.9999136861579865,8.631384201351899e-05
load,mapping,iput,2,65536,4,2386,8529,18.702446434,18.693412181,0.999516948061748,0.00048305193825204373
load,mapping,iput,2,98304,0,2357,8417,18.745187564,18.746873066,1.0000899165182662,8.991651826617542e-05
load,mapping,iput,2,98304,4,2387,8545,18.7268347,18.725268722,0.9999163778596283,8.362214037171967e-05
load,mapping,iput,2,131072,0,2358,8433,18.749320532,18.749775144,1.000024246851998,2.4246851997977714e-05
load,mapping,iput,2,131072,4,2388,8561,18.735045657,18.737786922,1.0001463174977092,0.0001463174977092141
load,mapping,iput,4,64,0,2392,8577,0.684854182,0.681981048,0.9958047507403555,0.00419524925964454
load,mapping,iput,4,64,4,2422,8705,0.318239736,0.316648317,0.9949993076917334,0.005000692308266608
load,mapping,iput,4,128,0,2395,8593,2.125072998,2.124705259,0.999826952297476,0.00017304770252402069
load,mapping,iput,4,128,4,2425,8721,0.508341113,0.507598109,0.9985383751559753,0.0014616248440246782
load,mapping,iput,4,256,0,2399,8609,4.145564368,4.14670592,1.0002753670908626,0.00027536709086262157
load,mapping,iput,4,256,4,2429,8737,1.196993163,1.187624351,0.9921730446842996,0.007826955315700435
load,mapping,iput,4,4096,0,2408,8625,20.336020972,21.012967658,1.0332880599863694,0.03328805998636941
load,mapping,iput,4,4096,4,2438,8753,6.963067354,6.924024217,0.9943928250273825,0.005607174972617535
load,mapping,iput,4,32768,0,2414,8641,20.828079516,20.406558708,0.9797618975059035,0.02023810249409652
load,mapping,iput,4,32768,4,2444,8769,18.957354197,19.006414839,1.002587947742611,0.002587947742610952
load,mapping,iput,4,65536,0,2416,8657,21.164800343,21.125819606,0.9981582279838094,0.0018417720161906237
load,mapping,iput,4,65536,4,2446,8785,20.198741986,20.220443749,1.0010744116150918,0.0010744116150918082
load,mapping,iput,4,98304,0,2417,8673,21.327934237,21.260681138,0.9968467129421597,0.0031532870578403482
load,mapping,iput,4,98304,4,2447,8801,20.675498685,20.69652772,1.0010170992884082,0.0010170992884082075
load,mapping,iput,4,131072,0,2418,8689,21.324338863,21.306741521,0.9991747766665566,0.0008252233334433701
load,mapping,iput,4,131072,4,2448,8817,20.819567967,20.829433271,1.0004738476809718,0.0004738476809718062
load,mapping,iput,8,64,0,2452,8833,1.28606153,1.285951383,0.9999143532424922,8.564675750777351e-05
load,mapping,iput,8,64,4,2482,8961,0.638907149,0.637308011,0.9974970729275718,0.0025029270724281627
load,mapping,iput,8,128,0,2455,8849,4.250809377,4.249474003,0.9996858541793887,0.00031414582061128904
load,mapping,iput,8,128,4,2485,8977,0.977074344,0.968973359,0.9917089369404218,0.008291063059578163
load,mapping,iput,8,256,0,2459,8865,8.258913719,8.253268968,0.9993165262173627,0.0006834737826373338
load,mapping,iput,8,256,4,2489,8993,1.722102155,1.706045098,0.9906758975050467,0.009324102494953301
load,mapping,iput,8,4096,0,2468,8881,19.569831595,19.672174451,1.0052296237452625,0.005229623745262479
load,mapping,iput,8,4096,4,2498,9009,8.760473709,8.738177607,0.9974549205053725,0.0025450794946274558
load,mapping,iput,8,32768,0,2474,8897,20.242110917,20.191247805,0.9974872624595054,0.002512737540494636
load,mapping,iput,8,32768,4,2504,9025,18.464645927,18.545212728,1.0043633006188433,0.004363300618843269
load,mapping,iput,8,65536,0,2476,8913,20.448786844,20.414667482,0.9983314725582357,0.001668527441764267
load,mapping,iput,8,65536,4,2506,9041,19.475440788,19.464688398,0.9994479000441097,0.0005520999558903394
load,mapping,iput,8,98304,0,2477,8929,20.541808912,20.556229888,1.0007020304814331,0.0007020304814331357
load,mapping,iput,8,98304,4,2507,9057,19.8280376,19.83815459,1.000510236575303,0.0005102365753029137
load,mapping,iput,8,131072,0,2478,8945,20.562619158,20.557902404,0.9997706151165006,0.00022938488349943942
load,mapping,iput,8,131072,4,2508,9073,20.000284199,20.034209875,1.0016962596962344,0.0016962596962344367
load,mapping,iput,16,64,0,2512,9089,1.339634324,1.318205382,0.9840038870189474,0.015996112981052635
load,mapping,iput,16,64,4,2542,9217,0.705890804,0.69769497,0.9883893741729493,0.011610625827050747
load,mapping,iput,16,128,0,2515,9105,8.497794847,8.497629128,0.999980498587812,1.950141218798329e-05
load,mapping,iput,16,128,4,2545,9233,1.26629904,1.261647834,0.9963269292220264,0.0036730707779736305
load,mapping,iput,16,256,0,2519,9121,16.421269714,16.369365787,0.9968392257173786,0.0031607742826214036
load,mapping,iput,16,256,4,2549,9249,2.209836611,2.173513908,0.9835631725806355,0.016436827419364475
load,mapping,iput,16,4096,0,2528,9137,17.422391985,17.858782744,1.0250476949075484,0.025047694907548435
load,mapping,iput,16,4096,4,2558,9265,10.521048438,10.593294653,1.006866826573962,0.006866826573961982
load,mapping,iput,16,32768,0,2534,9153,20.440334573,20.492781572,1.002565858147414,0.0025658581474139464
load,mapping,iput,16,32768,4,2564,9281,18.430455585,18.480784796,1.0027307632612705,0.00273076326127053
load,mapping,iput,16,65536,0,2536,9169,20.550967468,20.556853725,1.0002864223793437,0.0002864223793437315
load,mapping,iput,16,65536,4,2566,9297,19.649450723,19.672984217,1.001197666760855,0.0011976667608550873
load,mapping,iput,16,98304,0,2537,9185,20.632060976,20.577572526,0.9973590398911973,0.002640960108802659
load,mapping,iput,16,98304,4,2567,9313,19.987471486,19.973043584,0.9992781527163099,0.0007218472836900691
load,mapping,iput,16,131072,0,2538,9201,20.424601858,20.407674325,0.999171218459107,0.0008287815408930532
load,mapping,iput,16,131072,4,2568,9329,19.698251979,19.991010131,1.0148621386462162,0.014862138646216216
load,mapping,iput,32,64,0,2572,9345,2.201207332,2.196858707,0.9980244364368672,0.001975563563132776
load,mapping,iput,32,64,4,2602,9473,1.157678791,1.15973537,1.0017764677179786,0.0017764677179785693
load,mapping,iput,32,128,0,2575,9361,16.16402699,16.173741362,1.000600987118248,0.0006009871182479642
load,mapping,iput,32,128,4,2605,9489,1.641447775,1.642773655,1.0008077503410062,0.0008077503410062192
load,mapping,iput,32,256,0,2579,9377,18.856029199,18.802924828,0.9971836927892104,0.002816307210789626
load,mapping,iput,32,256,4,2609,9505,2.867946268,2.871078281,1.001092075202017,0.0010920752020169289
load,mapping,iput,32,4096,0,2588,9393,16.935018945,16.889953331,0.9973389097380784,0.002661090261921628
load,mapping,iput,32,4096,4,2618,9521,10.5226313,10.457909332,0.9938492601180466,0.00615073988195336
load,mapping,iput,32,32768,0,2594,9409,18.675199869,18.648571838,0.9985741501463552,0.0014258498536448005
load,mapping,iput,32,32768,4,2624,9537,16.844952654,16.831415852,0.9991963882429324,0.0008036117570675572
load,mapping,iput,32,65536,0,2596,9425,18.772321342,18.751859905,0.9989100209490755,0.00108997905092445
load,mapping,iput,32,65536,4,2626,9553,17.828916848,17.804554763,0.9986335633730474,0.0013664366269525718
load,mapping,iput,32,98304,0,2597,9441,18.829474128,18.78524374,0.9976510024815706,0.00234899751842943
load,mapping,iput,32,98304,4,2627,9569,18.125287391,18.086424454,0.9978558719560332,0.0021441280439667976
load,mapping,iput,32,131072,0,2598,9457,18.439136072,18.555015777,1.006284443292111,0.006284443292110975
load,mapping,iput,32,131072,4,2628,9585,18.038385603,18.097060774,1.0032527950278567,0.003252795027856692
load,mapping,iput,64,64,0,2632,9601,2.135487284,2.137739303,1.001054569145353,0.001054569145352957
load,mapping,iput,64,64,4,2662,9729,1.1467809,1.145634539,0.9990003661553833,0.0009996338446166542
load,mapping,iput,64,128,0,2635,9617,18.882171745,18.835097936,0.9975069706156833,0.002493029384316725
load,mapping,iput,64,128,4,2665,9745,1.582384995,1.580754408,0.9989695383834198,0.0010304616165801583
load,mapping,iput,64,256,0,2639,9633,18.549829911,18.560505049,1.0005754844142085,0.0005754844142085158
load,mapping,iput,64,256,4,2669,9761,2.700201197,2.705941264,1.0021257923322073,0.0021257923322073324
load,mapping,iput,64,4096,0,2648,9649,15.105215144,14.972874858,0.9912387685485852,0.00876123145141483
load,mapping,iput,64,4096,4,2678,9777,10.720739747,10.73533507,1.0013614100653907,0.0013614100653907002
load,mapping,iput,64,32768,0,2654,9665,15.556743545,15.506270124,0.996755527861342,0.0032444721386579722
load,mapping,iput,64,32768,4,2684,9793,14.304337517,14.253970114,0.9964788720246469,0.003521127975353089
load,mapping,iput,64,65536,0,2656,9681,15.57260233,15.55920104,0.9991394315660277,0.0008605684339723085
load,mapping,iput,64,65536,4,2686,9809,14.949735887,14.952431009,1.0001802789039467,0.00018027890394667345
load,mapping,iput,64,98304,0,2657,9697,15.544418011,15.575350824,1.0019899627620739,0.0019899627620738602
load,mapping,iput,64,98304,4,2687,9825,15.077499199,15.081920427,1.0002932335091945,0.00029323350919452373
load,mapping,iput,64,131072,0,2658,9713,15.253762738,15.379580729,1.0082483248993093,0.008248324899309267
load,mapping,iput,64,131072,4,2688,9841,15.026166805,14.98408957,0.9971997359309229,0.002800264069077074
