repeat,group,case_id,probe_src,probe_dst,probe_bytes,bg_src,bg_dst,bg_src_block,bg_dst_block,sent,source_cycles,source_B_per_cycle,probe_cycles,RTT_cycles,bg_duration_over_probe
repeat_01,g0038,g0038_treatment_00001,54,0,1024,2,4,1,2,6168,19787234,1.2767892672619123,19716676,9627.283203125,1.003578595093818
repeat_01,g0038,g0038_treatment_00002,54,0,1024,2,4,1,2,6164,19750564,1.2783302795808769,19678876,9608.826171875,1.0036428909862536
repeat_01,g0032,g0032_treatment_00011,54,0,1024,48,32,12,8,5740,17174014,1.368989218245659,17107077,8353.064941406,1.0039128250840281
repeat_01,g0032,g0032_treatment_00012,54,0,1024,48,32,12,8,5736,17168983,1.3684360919921699,17103567,8351.351074219,1.0038246992571784
repeat_01,g0030,g0030_treatment_00024,54,0,1024,32,16,8,4,6072,20038993,1.241125839007978,19966292,9749.166015625,1.0036411868563277
repeat_01,g0030,g0030_treatment_00027,54,0,1024,32,16,8,4,6064,20028869,1.2401171528956527,19955998,9744.139648438,1.0036515838496276
repeat_01,g0029,g0029_treatment_00028,54,0,8,32,16,8,4,6064,20028506,1.2401396289868052,19955612,9743.951171875,1.0036528070399444
repeat_01,g0029,g0029_treatment_00031,54,0,8,32,16,8,4,6060,20011029,1.240403979225656,19943203,9737.892089844,1.003400958211176
repeat_01,g0034,g0034_treatment_00038,54,0,1024,4,2,2,1,6136,17399511,1.4444691003097732,17341284,8467.423828125,1.003357709844323
repeat_01,g0034,g0034_treatment_00041,54,0,1024,4,2,2,1,6140,17405907,1.4448796032289497,17348383,8470.890136719,1.0033158133527489
repeat_01,g0037,g0037_treatment_00043,54,0,8,2,4,1,2,6156,19783111,1.2745708195237848,19713749,9625.854003906,1.0035184581075878
repeat_01,g0037,g0037_treatment_00044,54,0,8,2,4,1,2,6172,19822953,1.275315135943671,19742525,9639.904785156,1.0040738456707032
repeat_01,g0025,g0025_treatment_00046,0,54,8,2,18,1,5,4932,22293319,0.9061670897904435,22215103,10847.218261719,1.0035208479564555
repeat_01,g0025,g0025_treatment_00049,0,54,8,2,18,1,5,4948,22329586,0.9076302623792488,22247708,10863.138671875,1.003680289223501
repeat_01,g0027,g0027_treatment_00050,0,54,8,4,2,2,1,6080,17206269,1.4473608427254043,17145869,8372.006347656,1.0035227144217653
repeat_01,g0027,g0027_treatment_00053,0,54,8,4,2,2,1,6076,17184228,1.448263838212575,17121295,8360.007324219,1.0036757149503002
repeat_01,g0024,g0024_treatment_00055,0,54,1024,32,48,8,12,4880,22308601,0.8959988122966563,22235648,10857.25,1.0032809028097585
repeat_01,g0024,g0024_treatment_00056,0,54,1024,32,48,8,12,4884,22325130,0.8960693174015112,22239965,10859.357910156,1.003829367537224
repeat_01,g0021,g0021_treatment_00058,0,54,8,16,32,4,8,5896,17149683,1.408190227189622,17086675,8343.103027344,1.0036875518496138
repeat_01,g0021,g0021_treatment_00061,0,54,8,16,32,4,8,5892,17112814,1.4102667159241022,17042582,8321.573242188,1.0041209718104922
repeat_01,g0035,g0035_treatment_00062,54,0,8,6,4,3,2,5948,16891237,1.4423459927772015,16825448,8215.55078125,1.0039100890508235
repeat_01,g0035,g0035_treatment_00065,54,0,8,6,4,3,2,5952,16901856,1.4424091650053106,16834341,8219.893066406,1.004010552002006
repeat_01,g0020,g0020_treatment_00076,0,54,1024,4,6,2,3,6104,17310026,1.4443643238895192,17246648,8421.21484375,1.003674801039599
repeat_01,g0020,g0020_treatment_00079,0,54,1024,4,6,2,3,6108,17362859,1.4409129279918704,17303778,8449.110351562,1.0034143410762666
repeat_01,g0039,g0039_treatment_00081,54,0,8,2,18,1,5,6168,19812175,1.2751819525115238,19740030,9638.686523438,1.003654756350421
repeat_01,g0039,g0039_treatment_00082,54,0,8,2,18,1,5,6164,19815255,1.2741569058788291,19738756,9638.064453125,1.0038755735163858
repeat_01,g0026,g0026_treatment_00096,0,54,1024,2,18,1,5,5012,22541600,0.910722930049331,22463956,10968.728515625,1.0034563814138524
repeat_01,g0026,g0026_treatment_00099,0,54,1024,2,18,1,5,5008,22532132,0.9103784763909603,22455035,10964.372558594,1.003433394782061
repeat_01,g0036,g0036_treatment_00101,54,0,1024,6,4,3,2,6020,17111946,1.4409769642798078,17044803,8322.657714844,1.0039392065722321
repeat_01,g0036,g0036_treatment_00102,54,0,1024,6,4,3,2,6020,17089204,1.4428945900581442,17024209,8312.602050781,1.0038177985244425
repeat_01,g0022,g0022_treatment_00104,0,54,1024,16,32,4,8,5916,17157002,1.4123642347305199,17090771,8345.103027344,1.003875249396297
repeat_01,g0022,g0022_treatment_00107,0,54,1024,16,32,4,8,5912,17178300,1.4096593958657142,17116671,8357.749511719,1.0036005248917854
repeat_01,g0023,g0023_treatment_00155,0,54,8,32,48,8,12,4860,22200192,0.896684136785844,22122259,10801.884277344,1.0035228319133231
repeat_01,g0023,g0023_treatment_00156,0,54,8,32,48,8,12,4868,22258364,0.8958128279329065,22180704,10830.421875,1.003501241439406
repeat_01,g0040,g0040_treatment_00158,54,0,1024,2,18,1,5,6164,19835504,1.2728561875715383,19769522,9653.086914062,1.0033375617275926
repeat_01,g0040,g0040_treatment_00161,54,0,1024,2,18,1,5,6164,19802932,1.2749497902633813,19737384,9637.39453125,1.0033210074850851
repeat_01,g0031,g0031_treatment_00169,54,0,8,48,32,12,8,5704,17064603,1.369125551880697,17002991,8302.241699219,1.0036235977540657
repeat_01,g0031,g0031_treatment_00170,54,0,8,48,32,12,8,5708,17066746,1.369913632042101,17006798,8304.100585938,1.0035249433785243
repeat_01,g0033,g0033_treatment_00173,54,0,8,4,2,2,1,6036,17107112,1.4452150661081777,17047871,8324.155761719,1.0034749793683915
repeat_01,g0033,g0033_treatment_00174,54,0,8,4,2,2,1,6032,17136779,1.4417570536446784,17078814,8339.264648438,1.0033939710333517
repeat_01,g0019,g0019_treatment_00176,0,54,8,4,6,2,3,6080,17191630,1.448593298017698,17125974,8362.291992188,1.003833708961604
repeat_01,g0019,g0019_treatment_00179,0,54,8,4,6,2,3,6072,17183047,1.4474098802150748,17122582,8360.635742188,1.0035313015291736
repeat_01,g0017,g0017_treatment_00196,0,54,8,2,4,1,2,4940,22291697,0.9077029891443438,22209150,10844.311523438,1.0037168014084286
repeat_01,g0017,g0017_treatment_00199,0,54,8,2,4,1,2,4940,22292035,0.9076892262191406,22211236,10845.330078125,1.003637753432542
repeat_01,g0028,g0028_treatment_00221,0,54,1024,4,2,2,1,6108,17260978,1.4494177560506711,17203600,8400.1953125,1.0033352321607105
repeat_01,g0028,g0028_treatment_00222,0,54,1024,4,2,2,1,6108,17283694,1.447512782857646,17224854,8410.573242188,1.0034159941210532
repeat_01,g0018,g0018_treatment_00230,0,54,1024,2,4,1,2,5016,22589802,0.9095049173073761,22517672,10994.95703125,1.0032032618647255
repeat_01,g0018,g0018_treatment_00233,0,54,1024,2,4,1,2,5024,22588312,0.9110155730096167,22508069,10990.268066406,1.003565077039705
repeat_02,g0019,g0019_treatment_00007,0,54,8,4,6,2,3,6072,17179328,1.4477232171130325,17118518,8358.651367188,1.003552293487088
repeat_02,g0019,g0019_treatment_00008,0,54,8,4,6,2,3,6084,17199833,1.448854997603756,17143838,8371.014648438,1.003266188119603
repeat_02,g0026,g0026_treatment_00011,0,54,1024,2,18,1,5,5048,22630566,0.9136584564433784,22551741,11011.592285156,1.0034952955516827
repeat_02,g0026,g0026_treatment_00012,0,54,1024,2,18,1,5,5032,22602246,0.9119037108082091,22531136,11001.53125,1.0031560769949637
repeat_02,g0023,g0023_treatment_00014,0,54,8,32,48,8,12,4852,22188967,0.8956609832264837,22114052,10797.876953125,1.0033876650014208
repeat_02,g0023,g0023_treatment_00017,0,54,8,32,48,8,12,4848,22175809,0.8954535999115072,22094487,10788.323730469,1.0036806466699135
repeat_02,g0036,g0036_treatment_00025,54,0,1024,6,4,3,2,6016,17091685,1.441726547148511,17031960,8316.38671875,1.003506642805643
repeat_02,g0036,g0036_treatment_00026,54,0,1024,6,4,3,2,6020,17094582,1.4424406516637844,17034898,8317.821289062,1.0035036311928607
repeat_02,g0024,g0024_treatment_00047,0,54,1024,32,48,8,12,4868,22265180,0.895538594343275,22182490,10831.293945312,1.003727714967977
repeat_02,g0024,g0024_treatment_00048,0,54,1024,32,48,8,12,4876,22280551,0.8963914761353972,22196587,10838.177246094,1.0037827437164102
repeat_02,g0022,g0022_treatment_00050,0,54,1024,16,32,4,8,5920,17181607,1.4112952298350208,17118720,8358.75,1.0036735807350081
repeat_02,g0022,g0022_treatment_00053,0,54,1024,16,32,4,8,5924,17186602,1.4118383610675338,17119770,8359.262695312,1.0039037907635442
repeat_02,g0018,g0018_treatment_00064,0,54,1024,2,4,1,2,5048,22627739,0.9137726045010507,22553121,11012.266113281,1.0033085443030256
repeat_02,g0018,g0018_treatment_00067,0,54,1024,2,4,1,2,5016,22543469,0.9113741988866043,22467482,10970.450195312,1.0033820879438113
repeat_02,g0031,g0031_treatment_00080,54,0,8,48,32,12,8,5708,17056817,1.370711076984645,16989698,8295.750976562,1.0039505705163212
repeat_02,g0031,g0031_treatment_00083,54,0,8,48,32,12,8,5708,17063135,1.3702035411429376,17001193,8301.363769531,1.0036433913784757
repeat_02,g0030,g0030_treatment_00085,54,0,1024,32,16,8,4,6064,20018347,1.240768980575669,19949274,9740.856445312,1.0034624317656873
repeat_02,g0030,g0030_treatment_00086,54,0,1024,32,16,8,4,6056,19993465,1.2406741902916778,19923114,9728.083007812,1.0035311247026946
repeat_02,g0020,g0020_treatment_00115,0,54,1024,4,6,2,3,6104,17270727,1.4476509298074134,17212848,8404.7109375,1.0033625463955762
repeat_02,g0020,g0020_treatment_00116,0,54,1024,4,6,2,3,6100,17256253,1.4479157207535147,17193662,8395.342773438,1.0036403530556783
repeat_02,g0035,g0035_treatment_00119,54,0,8,6,4,3,2,5948,16886867,1.442719244487447,16825914,8215.778320312,1.0036225669523806
repeat_02,g0035,g0035_treatment_00120,54,0,8,6,4,3,2,5948,16898842,1.441696892603647,16838545,8221.945800781,1.003580891341859
repeat_02,g0017,g0017_treatment_00122,0,54,8,2,4,1,2,4940,22303754,0.9072123015703993,22228638,10853.827148438,1.0033792443783556
repeat_02,g0017,g0017_treatment_00125,0,54,8,2,4,1,2,4932,22275802,0.9068796714928603,22201999,10840.819824219,1.0033241601353102
repeat_02,g0027,g0027_treatment_00147,0,54,8,4,2,2,1,6080,17203499,1.4475938877317922,17135421,8366.904785156,1.0039729400287276
repeat_02,g0027,g0027_treatment_00148,0,54,8,4,2,2,1,6072,17180830,1.4475966527810356,17125096,8361.86328125,1.0032545219016582
repeat_02,g0038,g0038_treatment_00150,54,0,1024,2,4,1,2,6164,19777487,1.2765900945858288,19711911,9624.956542969,1.0033267195656475
repeat_02,g0038,g0038_treatment_00153,54,0,1024,2,4,1,2,6160,19760839,1.2768364744027316,19692777,9615.613769531,1.0034561910694464
repeat_02,g0028,g0028_treatment_00154,0,54,1024,4,2,2,1,6104,17263622,1.448246723659728,17203570,8400.180664062,1.0034906708316937
repeat_02,g0028,g0028_treatment_00157,0,54,1024,4,2,2,1,6108,17269601,1.448694037575043,17208884,8402.775390625,1.0035282357647364
repeat_02,g0025,g0025_treatment_00159,0,54,8,2,18,1,5,4932,22277614,0.9068059083885734,22193007,10836.429199219,1.003812327009134
repeat_02,g0025,g0025_treatment_00160,0,54,8,2,18,1,5,4944,22299053,0.908138296276528,22217186,10848.235351562,1.0036848500975777
repeat_02,g0037,g0037_treatment_00163,54,0,8,2,4,1,2,6168,19811167,1.2752468342728118,19733544,9635.51953125,1.003933555979605
repeat_02,g0037,g0037_treatment_00164,54,0,8,2,4,1,2,6168,19825160,1.2743467391940342,19753819,9645.419433594,1.0036115041855957
repeat_02,g0033,g0033_treatment_00166,54,0,8,4,2,2,1,6032,17122570,1.4429534818663319,17064502,8332.276367188,1.0034028534791113
repeat_02,g0033,g0033_treatment_00169,54,0,8,4,2,2,1,6044,17133323,1.4449166691131663,17067218,8333.602539062,1.0038732147207587
repeat_02,g0032,g0032_treatment_00170,54,0,1024,48,32,12,8,5736,17171922,1.3682018821189614,17108598,8353.807617188,1.0037012968567032
repeat_02,g0032,g0032_treatment_00173,54,0,1024,48,32,12,8,5736,17160570,1.369106970223017,17096883,8348.087402344,1.0037250649723695
repeat_02,g0039,g0039_treatment_00190,54,0,8,2,18,1,5,6164,19792328,1.2756328613794194,19717072,9627.4765625,1.0038167938931297
repeat_02,g0039,g0039_treatment_00193,54,0,8,2,18,1,5,6168,19800975,1.2759032320378163,19726344,9632.00390625,1.0037833163611058
repeat_02,g0034,g0034_treatment_00194,54,0,1024,4,2,2,1,6144,17407677,1.4456738828506526,17339247,8466.429199219,1.0039465381628163
repeat_02,g0034,g0034_treatment_00197,54,0,1024,4,2,2,1,6132,17388651,1.4444290129234292,17326893,8460.396972656,1.0035642858762965
repeat_02,g0040,g0040_treatment_00199,54,0,1024,2,18,1,5,6164,19771184,1.2769970680562175,19704968,9621.56640625,1.0033603708465804
repeat_02,g0040,g0040_treatment_00200,54,0,1024,2,18,1,5,6160,19778226,1.2757140099420443,19703113,9620.660644531,1.003812240228232
repeat_02,g0021,g0021_treatment_00209,0,54,8,16,32,4,8,5892,17111007,1.4104156464900048,17045405,8322.951660156,1.0038486618534437
repeat_02,g0021,g0021_treatment_00210,0,54,8,16,32,4,8,5892,17110960,1.410419520587974,17045462,8322.979492188,1.0038425476528592
repeat_02,g0029,g0029_treatment_00218,54,0,8,32,16,8,4,6056,19959802,1.242766636663029,19889487,9711.663574219,1.0035352847461576
repeat_02,g0029,g0029_treatment_00221,54,0,8,32,16,8,4,6064,19978125,1.2432670233067418,19904034,9718.766601562,1.0037224112458811
repeat_03,g0028,g0028_treatment_00000,0,54,1024,4,2,2,1,6104,17281143,1.446778375712764,17206843,8401.778808594,1.0043180495108834
repeat_03,g0028,g0028_treatment_00003,0,54,1024,4,2,2,1,6108,17272706,1.4484336154392947,17210945,8403.781738281,1.0035884723354818
repeat_03,g0017,g0017_treatment_00026,0,54,8,2,4,1,2,4936,22305019,0.9064263070118882,22222593,10850.875488281,1.0037091081135312
repeat_03,g0017,g0017_treatment_00029,0,54,8,2,4,1,2,4932,22318072,0.905162058801495,22233070,10855.991210938,1.0038232236933542
repeat_03,g0038,g0038_treatment_00036,54,0,1024,2,4,1,2,6164,19788900,1.275853837252197,19716577,9627.234863281,1.0036681316437432
repeat_03,g0038,g0038_treatment_00039,54,0,1024,2,4,1,2,6168,19783559,1.2770264440285997,19713212,9625.591796875,1.0035685204420264
repeat_03,g0034,g0034_treatment_00041,54,0,1024,4,2,2,1,6144,17415760,1.4450029168982577,17349177,8471.277832031,1.0038378189351576
repeat_03,g0034,g0034_treatment_00042,54,0,1024,4,2,2,1,6136,17384310,1.4457321573303743,17325809,8459.867675781,1.0033765234281413
repeat_03,g0023,g0023_treatment_00045,0,54,8,32,48,8,12,4856,22234304,0.894571559334621,22156756,10818.728515625,1.0034999708441072
repeat_03,g0023,g0023_treatment_00046,0,54,8,32,48,8,12,4840,22160285,0.8946022129228031,22077854,10780.202148438,1.003733650924587
repeat_03,g0026,g0026_treatment_00049,0,54,1024,2,18,1,5,5008,22536780,0.9101907193485493,22453199,10963.476074219,1.0037224539808336
repeat_03,g0026,g0026_treatment_00050,0,54,1024,2,18,1,5,5008,22538664,0.9101146367859249,22453494,10963.620117188,1.0037931735702248
repeat_03,g0036,g0036_treatment_00052,54,0,1024,6,4,3,2,6024,17129304,1.440473238142075,17060244,8330.197265625,1.004048007754168
repeat_03,g0036,g0036_treatment_00055,54,0,1024,6,4,3,2,6020,17105439,1.4415251195833092,17042852,8321.705078125,1.003672331368013
repeat_03,g0029,g0029_treatment_00067,54,0,8,32,16,8,4,6056,19976568,1.2417236033737127,19909595,9721.481933594,1.0033638554676778
repeat_03,g0029,g0029_treatment_00068,54,0,8,32,16,8,4,6064,19974034,1.2435216641766005,19900439,9717.011230469,1.003698159623514
repeat_03,g0033,g0033_treatment_00082,54,0,8,4,2,2,1,6048,17149945,1.4444715711916278,17086749,8343.139160156,1.0036985385575687
repeat_03,g0033,g0033_treatment_00085,54,0,8,4,2,2,1,6044,17129795,1.4452142597153088,17068585,8334.270019531,1.0035861203491678
repeat_03,g0031,g0031_treatment_00087,54,0,8,48,32,12,8,5712,17087122,1.3692388923073178,17024315,8312.653808594,1.003689252695336
repeat_03,g0031,g0031_treatment_00088,54,0,8,48,32,12,8,5704,17061669,1.3693609927610246,16996532,8299.087890625,1.0038323700387821
repeat_03,g0030,g0030_treatment_00097,54,0,1024,32,16,8,4,6068,20025642,1.2411351406361903,19954892,9743.599609375,1.003545496512835
repeat_03,g0030,g0030_treatment_00098,54,0,1024,32,16,8,4,6072,20047022,1.2406287577277064,19981696,9756.6875,1.0032692920560897
repeat_03,g0019,g0019_treatment_00100,0,54,8,4,6,2,3,6076,17193087,1.4475175982067676,17134186,8366.301757812,1.003437630477456
repeat_03,g0019,g0019_treatment_00103,0,54,8,4,6,2,3,6072,17192423,1.4466205257979052,17135078,8366.737304688,1.0033466436511114
repeat_03,g0027,g0027_treatment_00104,0,54,8,4,2,2,1,6068,17192141,1.4456912609081092,17131644,8365.060546875,1.003531301490972
repeat_03,g0027,g0027_treatment_00107,0,54,8,4,2,2,1,6076,17204121,1.4465892212685554,17146071,8372.104980469,1.003385615281775
repeat_03,g0032,g0032_treatment_00128,54,0,1024,48,32,12,8,5732,17165804,1.3677350621037034,17101819,8350.497558594,1.0037414148752246
repeat_03,g0032,g0032_treatment_00131,54,0,1024,48,32,12,8,5740,17176257,1.3688104457216728,17118665,8358.723144531,1.0033642810347652
repeat_03,g0018,g0018_treatment_00133,0,54,1024,2,4,1,2,5016,22568958,0.9103449082585027,22485559,10979.276855469,1.0037090027426048
repeat_03,g0018,g0018_treatment_00134,0,54,1024,2,4,1,2,5012,22563808,0.9098265682813823,22485081,10979.043457031,1.0035012993726817
repeat_03,g0035,g0035_treatment_00137,54,0,8,6,4,3,2,5952,16910712,1.441653787256267,16847407,8226.272949219,1.0037575515330044
repeat_03,g0035,g0035_treatment_00138,54,0,8,6,4,3,2,5956,16922621,1.4416074200326296,16856402,8230.665039062,1.0039284184133719
repeat_03,g0039,g0039_treatment_00146,54,0,8,2,18,1,5,6168,19821832,1.2745606965087788,19749943,9643.526855469,1.0036399598722892
repeat_03,g0039,g0039_treatment_00149,54,0,8,2,18,1,5,6168,19820896,1.2746208849488943,19750767,9643.929199219,1.0035506975501256
repeat_03,g0024,g0024_treatment_00150,0,54,1024,32,48,8,12,4872,22282340,0.8955842160204001,22204057,10841.824707031,1.0035256169627018
repeat_03,g0024,g0024_treatment_00153,0,54,1024,32,48,8,12,4896,22324997,0.8982763133182056,22248191,10863.374511719,1.0034522357345816
repeat_03,g0037,g0037_treatment_00184,54,0,8,2,4,1,2,6160,19810781,1.273617632742495,19739102,9638.233398438,1.0036313202089944
repeat_03,g0037,g0037_treatment_00187,54,0,8,2,4,1,2,6168,19830555,1.2740000468973258,19759410,9648.149414062,1.003600562972275
repeat_03,g0040,g0040_treatment_00188,54,0,1024,2,18,1,5,6168,19802675,1.2757936995885657,19734351,9635.913574219,1.0034621863166415
repeat_03,g0040,g0040_treatment_00191,54,0,1024,2,18,1,5,6164,19801427,1.2750466923419206,19733116,9635.310546875,1.0034617442070477
repeat_03,g0020,g0020_treatment_00193,0,54,1024,4,6,2,3,6104,17271456,1.4475898268217804,17209617,8403.133300781,1.0035932815936577
repeat_03,g0020,g0020_treatment_00194,0,54,1024,4,6,2,3,6104,17275485,1.4472522189680928,17214886,8405.706054688,1.003520151106432
repeat_03,g0025,g0025_treatment_00197,0,54,8,2,18,1,5,4916,22235419,0.9055793371827173,22160026,10820.325195312,1.0034022071995763
repeat_03,g0025,g0025_treatment_00198,0,54,8,2,18,1,5,4928,22298062,0.9052395674565799,22214762,10847.051757812,1.0037497588315374
repeat_03,g0021,g0021_treatment_00201,0,54,8,16,32,4,8,5892,17130944,1.4087742041536064,17063441,8331.758300781,1.0039560016060067
repeat_03,g0021,g0021_treatment_00202,0,54,8,16,32,4,8,5896,17127209,1.4100380277954219,17059041,8329.609863281,1.0039960042302496
repeat_03,g0022,g0022_treatment_00230,0,54,1024,16,32,4,8,5908,17169522,1.4094258419075383,17112313,8355.621582031,1.0033431482932786
repeat_03,g0022,g0022_treatment_00233,0,54,1024,16,32,4,8,5920,17188148,1.410758157307,17122121,8360.410644531,1.0038562395394823
repeat_04,g0023,g0023_treatment_00001,0,54,8,32,48,8,12,4852,22199326,0.8952430357570316,22127978,10804.676757812,1.003224334369819
repeat_04,g0023,g0023_treatment_00002,0,54,8,32,48,8,12,4868,22335757,0.892708852446774,22254766,10866.584960938,1.0036392654049924
repeat_04,g0026,g0026_treatment_00030,0,54,1024,2,18,1,5,5048,22627389,0.9137867387174012,22547784,11009.66015625,1.0035305021548901
repeat_04,g0026,g0026_treatment_00033,0,54,1024,2,18,1,5,5044,22599040,0.9142080371555605,22520965,10996.564941406,1.0034667697409947
repeat_04,g0020,g0020_treatment_00053,0,54,1024,4,6,2,3,6100,17265919,1.4471051323708863,17206263,8401.495605469,1.0034671096216534
repeat_04,g0020,g0020_treatment_00054,0,54,1024,4,6,2,3,6104,17261725,1.4484058806405502,17199494,8398.190429688,1.0036181878373864
repeat_04,g0028,g0028_treatment_00057,0,54,1024,4,2,2,1,6108,17266213,1.4489783023063598,17211076,8403.845703125,1.0032035765805694
repeat_04,g0028,g0028_treatment_00058,0,54,1024,4,2,2,1,6112,17262849,1.4502097539056271,17200617,8398.738769531,1.0036180097493015
repeat_04,g0018,g0018_treatment_00061,0,54,1024,2,4,1,2,5032,22592551,0.9122950303398674,22517582,10994.913085938,1.0033293539244135
repeat_04,g0018,g0018_treatment_00062,0,54,1024,2,4,1,2,5040,22619151,0.9126708601927632,22538135,11004.948730469,1.003594618631932
repeat_04,g0038,g0038_treatment_00081,54,0,1024,2,4,1,2,6164,19765002,1.2773964809110567,19694583,9616.495605469,1.00357555171389
repeat_04,g0038,g0038_treatment_00082,54,0,1024,2,4,1,2,6164,19775379,1.2767261755135009,19706277,9622.205566406,1.0035065984305407
repeat_04,g0035,g0035_treatment_00085,54,0,8,6,4,3,2,5956,16911437,1.4425607948041317,16848594,8226.852539062,1.0037298661241407
repeat_04,g0035,g0035_treatment_00086,54,0,8,6,4,3,2,5948,16887488,1.4426661916798993,16830755,8218.142089844,1.0033707935264937
repeat_04,g0036,g0036_treatment_00104,54,0,1024,6,4,3,2,6024,17109532,1.4421378679440209,17043968,8322.25,1.0038467568115594
repeat_04,g0036,g0036_treatment_00107,54,0,1024,6,4,3,2,6032,17109041,1.444094499510522,17041837,8321.209472656,1.0039434715870126
repeat_04,g0029,g0029_treatment_00108,54,0,8,32,16,8,4,6068,19979869,1.243978526585935,19910773,9722.057128906,1.0034702821432397
repeat_04,g0029,g0029_treatment_00111,54,0,8,32,16,8,4,6052,19952316,1.2424117581136946,19890063,9711.944824219,1.003129854339828
repeat_04,g0019,g0019_treatment_00139,0,54,8,4,6,2,3,6088,17214632,1.4485612007273811,17147195,8372.653808594,1.003932829830185
repeat_04,g0019,g0019_treatment_00140,0,54,8,4,6,2,3,6076,17187907,1.44795384336208,17128459,8363.505371094,1.0034707150246265
repeat_04,g0025,g0025_treatment_00142,0,54,8,2,18,1,5,4928,22263037,0.906663722474162,22187370,10833.676757812,1.0034103636438207
repeat_04,g0025,g0025_treatment_00145,0,54,8,2,18,1,5,4948,22314340,0.9082503896597435,22234240,10856.5625,1.0036025517400189
repeat_04,g0037,g0037_treatment_00165,54,0,8,2,4,1,2,6172,19810585,1.2761113313917787,19734185,9635.832519531,1.0038714545343523
repeat_04,g0037,g0037_treatment_00166,54,0,8,2,4,1,2,6168,19798839,1.2760408830032912,19727089,9632.367675781,1.0036371306481153
repeat_04,g0024,g0024_treatment_00169,0,54,1024,32,48,8,12,4896,22343136,0.8975470587477067,22262375,10870.300292969,1.0036276902172387
repeat_04,g0024,g0024_treatment_00170,0,54,1024,32,48,8,12,4884,22295377,0.8972651146468615,22214146,10846.750976562,1.00365672396319
repeat_04,g0027,g0027_treatment_00173,0,54,8,4,2,2,1,6076,17185528,1.4481542842326405,17125576,8362.09765625,1.0035007289681819
repeat_04,g0027,g0027_treatment_00174,0,54,8,4,2,2,1,6080,17192216,1.4485439224355954,17135416,8366.90234375,1.0033147721654379
repeat_04,g0032,g0032_treatment_00176,54,0,1024,48,32,12,8,5736,17169101,1.3684266869884452,17102661,8350.908691406,1.0038847755913538
repeat_04,g0032,g0032_treatment_00179,54,0,1024,48,32,12,8,5728,17139101,1.368910072937898,17079234,8339.469726562,1.0035052508795184
repeat_04,g0033,g0033_treatment_00187,54,0,8,4,2,2,1,6056,17252903,1.4377508527115697,17193303,8395.167480469,1.0034664659838775
repeat_04,g0033,g0033_treatment_00188,54,0,8,4,2,2,1,6044,17121934,1.445877784600735,17060781,8330.459472656,1.0035844197284989
repeat_04,g0034,g0034_treatment_00191,54,0,1024,4,2,2,1,6136,17400663,1.444373470137316,17345468,8469.466796875,1.0031820992088538
repeat_04,g0034,g0034_treatment_00192,54,0,1024,4,2,2,1,6140,17397159,1.4456061475324793,17334117,8463.924316406,1.0036368740328683
repeat_04,g0030,g0030_treatment_00195,54,0,1024,32,16,8,4,6084,20055399,1.2425613671410876,19984614,9758.112304688,1.0035419748412453
repeat_04,g0030,g0030_treatment_00196,54,0,1024,32,16,8,4,6068,20025055,1.2411715223753443,19951181,9741.787597656,1.0037027381988064
repeat_04,g0039,g0039_treatment_00198,54,0,8,2,18,1,5,6160,19786978,1.2751497474753346,19719965,9628.889160156,1.0033982311834733
repeat_04,g0039,g0039_treatment_00201,54,0,8,2,18,1,5,6168,19812544,1.2751582028032342,19744601,9640.918457031,1.0034410925801944
repeat_04,g0017,g0017_treatment_00215,0,54,8,2,4,1,2,4956,22324359,0.9093105875962665,22251749,10865.111816406,1.0032631142837356
repeat_04,g0017,g0017_treatment_00216,0,54,8,2,4,1,2,4928,22265063,0.9065812209918293,22187073,10833.531738281,1.0035151099020587
repeat_04,g0021,g0021_treatment_00218,0,54,8,16,32,4,8,5892,17114621,1.4101178168070447,17050942,8325.655273438,1.0037346323739769
repeat_04,g0021,g0021_treatment_00221,0,54,8,16,32,4,8,5892,17101354,1.4112117672086082,17035685,8318.205566406,1.0038547906937703
repeat_04,g0040,g0040_treatment_00222,54,0,1024,2,18,1,5,6156,19759353,1.2761033218041096,19691989,9615.229003906,1.0034208834871887
repeat_04,g0040,g0040_treatment_00225,54,0,1024,2,18,1,5,6168,19775723,1.2775324573468185,19708882,9623.477539062,1.0033914150990402
repeat_04,g0022,g0022_treatment_00227,0,54,1024,16,32,4,8,5920,17171032,1.4121643940795172,17104876,8351.990234375,1.0038676690786885
repeat_04,g0022,g0022_treatment_00228,0,54,1024,16,32,4,8,5920,17178520,1.4115488412273,17114170,8356.528320312,1.0037600421171462
repeat_04,g0031,g0031_treatment_00231,54,0,8,48,32,12,8,5708,17060083,1.370448666633099,16996295,8298.972167969,1.0037530532389558
repeat_04,g0031,g0031_treatment_00232,54,0,8,48,32,12,8,5704,17052886,1.3700662749988477,16996513,8299.078613281,1.0033167391452589
repeat_05,g0018,g0018_treatment_00001,0,54,1024,2,4,1,2,5004,22516241,0.9102933300456324,22438993,10956.539550781,1.0034425787289118
repeat_05,g0018,g0018_treatment_00002,0,54,1024,2,4,1,2,5028,22587073,0.911790916866475,22511056,10991.7265625,1.0033768740124853
repeat_05,g0021,g0021_treatment_00020,0,54,8,16,32,4,8,5892,17121020,1.4095907837266706,17057511,8328.862792969,1.0037232278495967
repeat_05,g0021,g0021_treatment_00023,0,54,8,16,32,4,8,5888,17125965,1.4082270984437957,17059966,8330.061523438,1.00386864780387
repeat_05,g0037,g0037_treatment_00024,54,0,8,2,4,1,2,6164,19834626,1.2729125318521257,19765347,9651.048339844,1.0035050738041684
repeat_05,g0037,g0037_treatment_00027,54,0,8,2,4,1,2,6164,19816359,1.2740859206274977,19745934,9641.569335938,1.0035665570440984
repeat_05,g0023,g0023_treatment_00034,0,54,8,32,48,8,12,4856,22207408,0.8956549994488325,22122441,10801.973144531,1.003840760610459
repeat_05,g0023,g0023_treatment_00037,0,54,8,32,48,8,12,4860,22224449,0.8957054458358,22139975,10810.534667969,1.0038154514627953
repeat_05,g0030,g0030_treatment_00051,54,0,1024,32,16,8,4,6064,20028468,1.2401419819029593,19957890,9745.063476562,1.0035363457760313
repeat_05,g0030,g0030_treatment_00052,54,0,1024,32,16,8,4,6072,20050717,1.2404001313269746,19984170,9757.895507812,1.0033299856836686
repeat_05,g0031,g0031_treatment_00054,54,0,8,48,32,12,8,5704,17059159,1.3695624737421113,16990314,8296.051757812,1.0040520145772467
repeat_05,g0031,g0031_treatment_00057,54,0,8,48,32,12,8,5712,17082845,1.3695817060916962,17020268,8310.677734375,1.0036766166079172
repeat_05,g0029,g0029_treatment_00091,54,0,8,32,16,8,4,6068,20012184,1.241969792002712,19938275,9735.485839844,1.0037068903904676
repeat_05,g0029,g0029_treatment_00092,54,0,8,32,16,8,4,6048,20006167,1.238248586048492,19929362,9731.133789062,1.0038538614532668
repeat_05,g0032,g0032_treatment_00094,54,0,1024,48,32,12,8,5740,17185767,1.3680529940851636,17119472,8359.1171875,1.0038724909272903
repeat_05,g0032,g0032_treatment_00097,54,0,1024,48,32,12,8,5740,17180576,1.3684663424555732,17122995,8360.837402344,1.0033627878767704
repeat_05,g0024,g0024_treatment_00099,0,54,1024,32,48,8,12,4880,22298965,0.8963859981842207,22215856,10847.5859375,1.0037409767150094
repeat_05,g0024,g0024_treatment_00100,0,54,1024,32,48,8,12,4892,22347192,0.8966509975839471,22273052,10875.513671875,1.003328686162992
repeat_05,g0034,g0034_treatment_00103,54,0,1024,4,2,2,1,6128,17398036,1.442708130963748,17336370,8465.024414062,1.00355703068174
repeat_05,g0034,g0034_treatment_00104,54,0,1024,4,2,2,1,6132,17375229,1.4455448040425827,17312950,8453.588867188,1.0035972494577758
repeat_05,g0022,g0022_treatment_00106,0,54,1024,16,32,4,8,5920,17188818,1.4107031676058237,17119704,8359.23046875,1.004037102510651
repeat_05,g0022,g0022_treatment_00109,0,54,1024,16,32,4,8,5920,17183334,1.411153388510053,17115922,8357.383789062,1.0039385549899094
repeat_05,g0038,g0038_treatment_00110,54,0,1024,2,4,1,2,6164,19792168,1.2756431736028109,19720800,9629.296875,1.0036189201249441
repeat_05,g0038,g0038_treatment_00113,54,0,1024,2,4,1,2,6164,19784072,1.2761651898557587,19713692,9625.826171875,1.003570107517151
repeat_05,g0020,g0020_treatment_00134,0,54,1024,4,6,2,3,6112,17287030,1.4481812086865125,17220307,8408.353027344,1.0038746695979346
repeat_05,g0020,g0020_treatment_00137,0,54,1024,4,6,2,3,6104,17275709,1.4472334536313387,17213140,8404.853515625,1.0036349556211126
repeat_05,g0040,g0040_treatment_00138,54,0,1024,2,18,1,5,6160,19769990,1.276245460923349,19698941,9618.623535156,1.003606742108624
repeat_05,g0040,g0040_treatment_00141,54,0,1024,2,18,1,5,6172,19828153,1.2749806802479282,19757940,9647.431640625,1.0035536599463304
repeat_05,g0019,g0019_treatment_00143,0,54,8,4,6,2,3,6084,17215331,1.4475506744540665,17151704,8374.85546875,1.0037096605678364
repeat_05,g0019,g0019_treatment_00144,0,54,8,4,6,2,3,6072,17189885,1.4468341120373986,17129917,8364.217285156,1.0035007758648218
repeat_05,g0036,g0036_treatment_00147,54,0,1024,6,4,3,2,6024,17113963,1.4417644820197402,17047758,8324.100585938,1.0038835018657586
repeat_05,g0036,g0036_treatment_00148,54,0,1024,6,4,3,2,6020,17099586,1.4420185377587504,17039015,8319.831542969,1.0035548416384399
repeat_05,g0028,g0028_treatment_00150,0,54,1024,4,2,2,1,6112,17291932,1.4477706713165424,17226064,8411.1640625,1.003823740582875
repeat_05,g0028,g0028_treatment_00153,0,54,1024,4,2,2,1,6108,17278292,1.4479653428706958,17213593,8405.074707031,1.0037585993813145
repeat_05,g0027,g0027_treatment_00155,0,54,8,4,2,2,1,6076,17207775,1.4462820440178932,17145141,8371.650878906,1.0036531633073185
repeat_05,g0027,g0027_treatment_00156,0,54,8,4,2,2,1,6084,17221665,1.4470182761074495,17163496,8380.61328125,1.0033891114024789
repeat_05,g0017,g0017_treatment_00158,0,54,8,2,4,1,2,4924,22282333,0.9051432810020387,22200245,10839.963378906,1.0036976168506249
repeat_05,g0017,g0017_treatment_00161,0,54,8,2,4,1,2,4924,22265001,0.9058478820638723,22187956,10833.962890625,1.003472379339494
repeat_05,g0025,g0025_treatment_00181,0,54,8,2,18,1,5,4932,22284005,0.9065458385958898,22202021,10840.830566406,1.0036926368099552
repeat_05,g0025,g0025_treatment_00182,0,54,8,2,18,1,5,4940,22313623,0.906811054394887,22228199,10853.612792969,1.0038430463934573
repeat_05,g0033,g0033_treatment_00200,54,0,8,4,2,2,1,6036,17119904,1.4441352007581352,17061106,8330.618164062,1.0034463181929707
repeat_05,g0033,g0033_treatment_00203,54,0,8,4,2,2,1,6040,17135209,1.4438014733289801,17073553,8336.695800781,1.0036111991452512
repeat_05,g0035,g0035_treatment_00205,54,0,8,6,4,3,2,5952,16912063,1.4415386224613755,16849033,8227.066894531,1.0037408675026038
repeat_05,g0035,g0035_treatment_00206,54,0,8,6,4,3,2,5948,16902195,1.441410893673869,16844408,8224.80859375,1.0034306340715566
repeat_05,g0039,g0039_treatment_00214,54,0,8,2,18,1,5,6164,19828495,1.2733061182908738,19751956,9644.509765625,1.0038750086320565
repeat_05,g0039,g0039_treatment_00217,54,0,8,2,18,1,5,6168,19816740,1.2748882005819322,19748024,9642.58984375,1.0034796392793528
repeat_05,g0026,g0026_treatment_00230,0,54,1024,2,18,1,5,5020,22571170,0.9109815751686776,22487313,10980.133300781,1.003729080481959
repeat_05,g0026,g0026_treatment_00233,0,54,1024,2,18,1,5,5004,22528428,0.9098008968934717,22445072,10959.5078125,1.0037137773494333
