group,family,label,bytes,probe_bytes,reply_bytes,window,control_flows,treatment_flows,control_median,treatment_median,ratio_median,ratio_min,ratio_max,effect_pct,effect_min,effect_max,difference_median,drift_max,larger_jobs,effect_gt_drift_jobs,control_efficiency,treatment_efficiency,efficiency_ratio,eff_ratio_min,eff_ratio_max,probe_src,probe_dst,background_src,background_dst,background_bytes,category,XY_forward_same_direction,XY_forward_opposite_direction,XY_forward_shared_internal_nodes,XY_reply_same_direction,XY_reply_opposite_direction,XY_reply_shared_internal_nodes,YX_forward_same_direction,YX_forward_opposite_direction,YX_forward_shared_internal_nodes,YX_reply_same_direction,YX_reply_opposite_direction,YX_reply_shared_internal_nodes,bg_B_per_cycle,bg_B_min,bg_B_max,bg_count_median,bg_count_min,bg_count_max,bg_duration_min
g0000,completion,s0_d1_reply8,8,8,8,1,0->1,0->1,4820.114501953125,8141.454833984375,1.6886822571835853,1.6875793564560901,1.6890955188371632,68.86822571835853,68.75793564560901,68.90955188371632,3319.39111328125,0.18116717777770458,5,5,,,,,,,,,,,,,,,,,,,,,,,,,,,,,,
g0001,completion,s0_d1_reply8,1024,1024,8,1,0->1,0->1,4821.96533203125,8140.302734375,1.6882257045655842,1.6869941369344283,1.691060678304531,68.82257045655842,68.69941369344284,69.1060678304531,3316.6240234375,0.0633291765333706,5,5,,,,,,,,,,,,,,,,,,,,,,,,,,,,,,
g0002,completion,s0_d1_reply1024,1024,1024,1024,1,0->1,0->1,4818.070556640625,8168.947998046875,1.6934329819222544,1.6918618488565147,1.7045722888466348,69.34329819222545,69.18618488565147,70.45722888466348,3341.064697265625,0.15066476683793348,5,5,,,,,,,,,,,,,,,,,,,,,,,,,,,,,,
g0003,completion,s1_d2_reply8,8,8,8,1,1->2,1->2,4819.767822265625,8115.82861328125,1.6832589335501624,1.6822653700264738,1.684377575282134,68.32589335501625,68.22653700264738,68.4377575282134,3292.0126953125,0.05618763547587135,5,5,,,,,,,,,,,,,,,,,,,,,,,,,,,,,,
g0004,completion,s1_d2_reply8,1024,1024,8,1,1->2,1->2,4823.22119140625,8171.78125,1.6952711476674782,1.693473182741068,1.6963071090985935,69.52711476674781,69.34731827410681,69.63071090985935,3352.2021484375,0.12735415739339784,5,5,,,,,,,,,,,,,,,,,,,,,,,,,,,,,,
g0005,completion,s1_d2_reply1024,1024,1024,1024,1,1->2,1->2,4822.693359375,8255.624755859375,1.712560459417976,1.7114151486510254,1.7195642783946323,71.2560459417976,71.14151486510254,71.95642783946323,3434.885009765625,0.19002859755022666,5,5,,,,,,,,,,,,,,,,,,,,,,,,,,,,,,
g0006,completion,s0_d63_reply8,8,8,8,1,0->63,0->63,4823.864990234375,8121.3173828125,1.683570622157465,1.6826598132104913,1.6850027450918967,68.3570622157465,68.26598132104913,68.50027450918968,3297.48974609375,0.11613614224764428,5,5,,,,,,,,,,,,,,,,,,,,,,,,,,,,,,
g0007,completion,s0_d63_reply8,1024,1024,8,1,0->63,0->63,4823.665283203125,8125.398681640625,1.6844864236195518,1.6832436597156228,1.6874678571558837,68.44864236195518,68.32436597156229,68.74678571558836,3301.7333984375,0.07682264616866691,5,5,,,,,,,,,,,,,,,,,,,,,,,,,,,,,,
g0008,completion,s0_d63_reply1024,1024,1024,1024,1,0->63,0->63,4820.822998046875,8162.541259765625,1.6931852993081011,1.691276989216808,1.6939727641801225,69.31852993081012,69.1276989216808,69.39727641801225,3341.7236328125,0.04998597621286541,5,5,,,,,,,,,,,,,,,,,,,,,,,,,,,,,,
g0009,ports,source_cpe_b5_n2,4096,4096,0,4,18->0; 19->6,18->0; 18->6,3.2952102720000003,3.3944710415,1.0297082450446593,1.0281928611018847,1.030251086513171,2.97082450446593,2.819286110188468,3.02510865131711,0.09798418350000038,0.5523591667172314,5,5,0.9543199449802809,0.9825958238301545,1.0302862819659189,1.0280302897343645,1.0317382687520886,,,,,,,,,,,,,,,,,,,,,,,,,
g0010,ports,destination_cpe_b5_n2,4096,4096,0,4,0->18; 6->19,0->18; 6->18,3.3194097715,3.3178761595,0.9998671382462954,0.9988061041652566,1.000648109135547,-0.013286175370463837,-0.11938958347433859,0.06481091355470259,-0.00044197099999987444,0.36287960297703287,2,1,0.947566184520671,0.9474756572484321,0.9999979176946457,0.9993439020546511,1.0008735136852178,,,,,,,,,,,,,,,,,,,,,,,,,
g0011,ports,source_cluster_b5_n2,4096,4096,0,4,20->0; 22->6,18->0; 19->6,3.2787032849999997,3.291647873,1.0041336953699085,1.001438709633037,1.0053376471595608,0.41336953699084855,0.14387096330370497,0.5337647159560754,0.01355442749999991,0.9743444591732178,5,2,0.9505573880274589,0.9540328833500824,1.0022805078347037,1.0019311215333866,1.0041538915669546,,,,,,,,,,,,,,,,,,,,,,,,,
g0012,ports,destination_cluster_b5_n2,4096,4096,0,4,0->20; 6->22,0->18; 6->19,3.3176655925,3.319675019,1.0000331535017872,0.9994677262142693,1.0010856327738824,0.0033153501787230866,-0.053227378573073025,0.10856327738824056,0.000109979999999954,0.37761314547177816,3,0,0.948512761529303,0.9479633445640306,0.9994501228422776,0.9959058378727936,1.0013037676595185,,,,,,,,,,,,,,,,,,,,,,,,,
g0013,directions,opposed_b5_b6,4096,4096,0,4,18->20; 19->21,18->20; 21->19,3.2972917855,3.2859239245,0.9968302098570827,0.9959830139996769,0.9971395332277145,-0.3169790142917295,-0.4016986000323075,-0.2860466772285464,-0.01045172300000008,0.2504545624024021,0,5,0.9547143803985628,0.9513491979326383,0.9967995128624125,0.9956906384147259,0.9979583885766368,,,,,,,,,,,,,,,,,,,,,,,,,
g0014,directions,shared_edge_b5_b6,4096,4096,0,4,18->20; 34->36,18->20; 19->21,3.2908647285,3.2919742995,0.9994242039231848,0.9955497837923034,1.0071673707222595,-0.057579607681523814,-0.4450216207696589,0.7167370722259481,-0.0018948669999998558,0.49090370868459693,2,2,0.9585377969532087,0.9545927586251844,0.9952313940914133,0.9893526991707254,1.0035307716395803,,,,,,,,,,,,,,,,,,,,,,,,,
g0015,directions,opposed_b5_b9,4096,4096,0,4,18->34; 19->35,18->34; 35->19,3.2931246285,3.2554508515,0.988559869045357,0.9837638739938968,0.9947510583702424,-1.1440130954643024,-1.6236126006103246,-0.5248941629757642,-0.037673777000000186,1.7179072739387933,0,4,0.9541567481207375,0.9474279017192047,0.992947860595457,0.9885161380885702,0.9987392179791649,,,,,,,,,,,,,,,,,,,,,,,,,
g0016,directions,shared_edge_b5_b9,4096,4096,0,4,18->34; 20->36,18->34; 19->35,3.287550233,3.2951235150000002,1.0022469454385368,0.9985500278867575,1.0068059721767175,0.22469454385367627,-0.14499721132424925,0.6805972176717523,0.007386945999999561,0.3540041579003611,3,4,0.9542840607269056,0.954642940892422,1.0012027959924314,0.9987749314152402,1.0064677778656113,,,,,,,,,,,,,,,,,,,,,,,,,
g0017,routes,p0_15_bg1_2_XY_forward_pb8,4096,8,8,4,0->54,0->54; 2->4,8099.4211425779995,10847.3234863285,1.3392714485859984,1.3370555025226667,1.3401546924510432,33.927144858599846,33.70555025226667,34.01546924510433,2747.9023437505,0.08529255957869902,5,5,,,,,,0.0,54.0,2.0,4.0,4096.0,XY_forward,1.0,0.0,2.0,0.0,0.0,0.0,0.0,0.0,0.0,0.0,1.0,2.0,0.9067304462423448,0.9051432810020387,0.9093105875962665,4934.0,4924.0,4956.0,1.0032631142837356
g0018,routes,p0_15_bg1_2_XY_forward_pb1024,4096,1024,8,4,0->54,0->54; 2->4,8121.0876464845005,10991.3581542965,1.3535316614629136,1.3508244422686,1.3558440794793003,35.35316614629136,35.08244422686,35.58440794793003,2871.182617187502,0.03756015329203519,5,5,,,,,,0.0,54.0,2.0,4.0,4096.0,XY_forward,1.0,0.0,2.0,0.0,0.0,0.0,0.0,0.0,0.0,0.0,1.0,2.0,0.9111948859481105,0.9095049173073761,0.9137726045010507,5020.0,5004.0,5048.0,1.0032032618647255
g0019,routes,p0_15_bg2_3_XY_forward_pb8,4096,8,8,4,0->54,0->54; 4->6,8104.111328125,8366.51953125,1.0325793889550183,1.031062985039949,1.033532024000658,3.257938895501833,3.1062985039949087,3.3532024000658023,263.8164062505002,0.04189955786456012,5,5,,,,,,0.0,54.0,4.0,6.0,4096.0,XY_forward,1.0,0.0,2.0,0.0,0.0,0.0,0.0,0.0,0.0,0.0,1.0,2.0,1.4476369457835494,1.4466205257979052,1.448854997603756,6076.0,6072.0,6088.0,1.003266188119603
g0020,routes,p0_15_bg2_3_XY_forward_pb1024,4096,1024,8,4,0->54,0->54; 4->6,8122.4833984375,8404.4196777345,1.034710600867616,1.0345325708607749,1.0351841434881845,3.4710600867615904,3.453257086077488,3.518414348818455,281.9873046874982,0.9570580855509542,5,5,,,,,,0.0,54.0,4.0,6.0,4096.0,XY_forward,1.0,0.0,2.0,0.0,0.0,0.0,0.0,0.0,0.0,0.0,1.0,2.0,1.4474210228949365,1.4409129279918704,1.4484058806405502,6104.0,6100.0,6112.0,1.0033625463955762
g0021,routes,p0_15_bg4_8_YX_forward_pb8,4096,8,8,4,0->54,0->54; 16->32,8102.7897949215,8329.4621582035,1.0273421252778097,1.026059322945078,1.02832954397859,2.734212527780966,2.6059322945078067,2.832954397859,221.5109863280004,0.10866844634817771,5,5,,,,,,0.0,54.0,16.0,32.0,4096.0,YX_forward,0.0,0.0,0.0,0.0,1.0,2.0,1.0,0.0,2.0,0.0,0.0,0.0,1.4100779223012334,1.408190227189622,1.4112117672086082,5892.0,5888.0,5896.0,1.0036875518496138
g0022,routes,p0_15_bg4_8_YX_forward_pb1024,4096,1024,8,4,0->54,0->54; 16->32,8122.2465820315,8358.016113281,1.0286667269351766,1.0282572762834556,1.0293000750850527,2.866672693517658,2.8257276283455646,2.9300075085052724,232.94750976499927,0.22538529158316142,5,5,,,,,,0.0,54.0,16.0,32.0,4096.0,YX_forward,0.0,0.0,0.0,0.0,1.0,2.0,1.0,0.0,2.0,0.0,0.0,0.0,1.4112243091725367,1.4094258419075383,1.4123642347305199,5920.0,5908.0,5924.0,1.0033431482932786
g0023,routes,p0_15_bg8_12_YX_forward_pb8,4096,8,8,4,0->54,0->54; 32->48,8110.6359863279995,10806.25390625,1.332653890269002,1.330415901574514,1.3349770362352475,33.265389026900195,33.04159015745141,33.49770362352476,2695.736816406501,0.11738529238919782,5,5,,,,,,0.0,54.0,32.0,48.0,4096.0,YX_forward,0.0,0.0,0.0,0.0,1.0,2.0,1.0,0.0,2.0,0.0,0.0,0.0,0.8955542996801699,0.892708852446774,0.896684136785844,4856.0,4840.0,4868.0,1.003224334369819
g0024,routes,p0_15_bg8_12_YX_forward_pb1024,4096,1024,8,4,0->54,0->54; 32->48,8118.5727539065,10858.303955078001,1.3365389023481113,1.334561618664997,1.337944941725768,33.653890234811136,33.45616186649969,33.794494172576805,2734.925292969,0.03769809014185805,5,5,,,,,,0.0,54.0,32.0,48.0,4096.0,YX_forward,0.0,0.0,0.0,0.0,1.0,2.0,1.0,0.0,2.0,0.0,0.0,0.0,0.8963887371598089,0.895538594343275,0.8982763133182056,4882.0,4868.0,4896.0,1.0032809028097585
g0025,routes,p0_15_bg1_5_neither_forward_pb8,4096,8,8,4,0->54,0->54; 2->18,8101.1042480465,10845.119628905999,1.3387045971687823,1.3367534704544577,1.3399628167252156,33.87045971687823,33.67534704544577,33.996281672521555,2744.2768554685,0.11513456162997972,5,5,,,,,,0.0,54.0,2.0,18.0,4096.0,neither_forward,0.0,0.0,1.0,0.0,0.0,0.0,0.0,0.0,0.0,0.0,0.0,1.0,0.9067348154313677,0.9052395674565799,0.9082503896597435,4932.0,4916.0,4948.0,1.0034022071995763
g0026,routes,p0_15_bg1_5_neither_forward_pb1024,4096,1024,8,4,0->54,0->54; 2->18,8118.888427734,10969.820556640501,1.350745318736975,1.3498656407533958,1.3562175135964318,35.07453187369749,34.98656407533958,35.621751359643184,2847.6621093754984,0.025325540094581492,5,5,,,,,,0.0,54.0,2.0,18.0,4096.0,neither_forward,0.0,0.0,1.0,0.0,0.0,0.0,0.0,0.0,0.0,0.0,0.0,1.0,0.9108522526090044,0.9098008968934717,0.9142080371555605,5016.0,5004.0,5048.0,1.0031560769949637
g0027,routes,p0_15_bg2_1_neither_forward_pb8,4096,8,8,4,0->54,0->54; 4->2,8099.945800781,8366.0068359375,1.0328472611669632,1.0326294707092485,1.0336594395806573,3.2847261166963237,3.2629470709248487,3.3659439580657313,266.0610351565001,0.08168197754066239,5,5,,,,,,0.0,54.0,4.0,2.0,4096.0,neither_forward,0.0,1.0,2.0,0.0,0.0,0.0,0.0,0.0,0.0,1.0,0.0,2.0,1.4474773652285982,1.4456912609081092,1.4485439224355954,6076.0,6068.0,6084.0,1.0032545219016582
g0028,routes,p0_15_bg2_1_neither_forward_pb1024,4096,1024,8,4,0->54,0->54; 4->2,8119.9626464845005,8402.7802734375,1.035150608849546,1.0335813391231077,1.0356842329152511,3.5150608849545906,3.358133912310768,3.5684232915251135,285.4216308595005,0.2248547382645674,5,5,,,,,,0.0,54.0,4.0,2.0,4096.0,neither_forward,0.0,1.0,2.0,0.0,0.0,0.0,0.0,0.0,0.0,1.0,0.0,2.0,1.4483401695495113,1.446778375712764,1.4502097539056271,6108.0,6104.0,6112.0,1.0032035765805694
g0029,routes,p15_0_bg8_4_XY_forward_pb8,4096,8,8,4,54->0,54->0; 32->16,7926.220703125,9719.2465820315,1.2271536765260833,1.225705850464165,1.2296074791447602,22.715367652608332,22.57058504641649,22.96074791447602,1798.6765136720005,0.019540562697046796,5,5,,,,,,54.0,0.0,32.0,16.0,4096.0,XY_forward,1.0,0.0,2.0,0.0,0.0,0.0,0.0,0.0,0.0,0.0,1.0,2.0,1.2421907750582033,1.238248586048492,1.243978526585935,6062.0,6048.0,6068.0,1.003129854339828
g0030,routes,p15_0_bg8_4_XY_forward_pb1024,4096,1024,8,4,54->0,54->0; 32->16,7928.8212890625,9749.949951172,1.2295648109927455,1.2278570309404504,1.2308198490074347,22.95648109927455,22.78570309404504,23.081984900743468,1820.5451660154995,0.061022718077697484,5,5,,,,,,54.0,0.0,32.0,16.0,4096.0,XY_forward,1.0,0.0,2.0,0.0,0.0,0.0,0.0,0.0,0.0,0.0,1.0,2.0,1.2407215854336733,1.2401171528956527,1.2425613671410876,6068.0,6056.0,6084.0,1.0032692920560897
g0031,routes,p15_0_bg12_8_XY_forward_pb8,4096,8,8,4,54->0,54->0; 48->32,7921.0349121095005,8303.1711425785,1.0480828005196834,1.0474671916005645,1.0484481950821967,4.808280051968339,4.746719160056445,4.844819508219667,380.7336425779995,0.028173647177318625,5,5,,,,,,54.0,0.0,48.0,32.0,4096.0,XY_forward,1.0,0.0,2.0,0.0,0.0,0.0,0.0,0.0,0.0,0.0,1.0,2.0,1.3697476690668986,1.369125551880697,1.370711076984645,5708.0,5704.0,5712.0,1.0033167391452589
g0032,routes,p15_0_bg12_8_XY_forward_pb1024,4096,1024,8,4,54->0,54->0; 48->32,7930.1809082029995,8352.2080078125,1.0530652394417808,1.0528044571183737,1.0541975513161896,5.3065239441780765,5.280445711837367,5.419755131618964,420.8779296875,0.09966299590672258,5,5,,,,,,54.0,0.0,48.0,32.0,4096.0,XY_forward,1.0,0.0,2.0,0.0,0.0,0.0,0.0,0.0,0.0,0.0,1.0,2.0,1.3684512172238716,1.3677350621037034,1.369106970223017,5736.0,5728.0,5740.0,1.0033627878767704
g0033,routes,p15_0_bg2_1_YX_forward_pb8,4096,8,8,4,54->0,54->0; 4->2,7926.707275391,8333.6569824215,1.0518100842541198,1.0511561724808705,1.0556662083721084,5.1810084254119815,5.115617248087045,5.566620837210845,410.4035644534997,0.09315263989600832,5,5,,,,,,54.0,0.0,4.0,2.0,4096.0,YX_forward,0.0,0.0,0.0,0.0,1.0,2.0,1.0,0.0,2.0,0.0,0.0,0.0,1.4443033859748815,1.4377508527115697,1.445877784600735,6042.0,6032.0,6056.0,1.0033939710333517
g0034,routes,p15_0_bg2_1_YX_forward_pb1024,4096,1024,8,4,54->0,54->0; 4->2,7928.1789550785,8465.572753906,1.0677827533753217,1.0662424671876458,1.0686392294266582,6.778275337532169,6.6242467187645815,6.863922942665823,537.3937988275011,0.1029690962483992,5,5,,,,,,54.0,0.0,4.0,2.0,4096.0,YX_forward,0.0,0.0,0.0,0.0,1.0,2.0,1.0,0.0,2.0,0.0,0.0,0.0,1.4449412600636036,1.442708130963748,1.4457321573303743,6136.0,6128.0,6144.0,1.0031820992088538
g0035,routes,p15_0_bg3_2_YX_forward_pb8,4096,8,8,4,54->0,54->0; 6->4,7925.8125,8222.497314453,1.0372390757600574,1.0368302207285374,1.0382767442045604,3.723907576005736,3.6830220728537366,3.82767442045604,295.419433593499,0.03568068476562896,5,5,,,,,,54.0,0.0,6.0,4.0,4096.0,YX_forward,0.0,0.0,0.0,0.0,1.0,2.0,1.0,0.0,2.0,0.0,0.0,0.0,1.4420214426904243,1.441410893673869,1.442719244487447,5950.0,5948.0,5956.0,1.0033707935264937
g0036,routes,p15_0_bg3_2_YX_forward_pb1024,4096,1024,8,4,54->0,54->0; 6->4,7935.6486816404995,8321.729736328001,1.0486812607653315,1.0462575002516077,1.0502954372994502,4.868126076533152,4.625750025160769,5.0295437299450185,386.3173828130002,0.5772302767723961,5,5,,,,,,54.0,0.0,6.0,4.0,4096.0,YX_forward,0.0,0.0,0.0,0.0,1.0,2.0,1.0,0.0,2.0,0.0,0.0,0.0,1.4418915098892453,1.440473238142075,1.444094499510522,6020.0,6016.0,6032.0,1.0035036311928607
g0037,routes,p15_0_bg1_2_neither_forward_pb8,4096,8,8,4,54->0,54->0; 2->4,7923.9289550779995,9640.469482421999,1.2162001131344022,1.215354873453541,1.216627450482625,21.620011313440223,21.53548734535411,21.66274504826251,1712.624023437501,0.046412023961708467,5,5,,,,,,54.0,0.0,2.0,4.0,4096.0,neither_forward,0.0,0.0,0.0,1.0,0.0,2.0,0.0,1.0,2.0,0.0,0.0,0.0,1.2744587793589095,1.2729125318521257,1.2761113313917787,6168.0,6156.0,6172.0,1.0035050738041684
g0038,routes,p15_0_bg1_2_neither_forward_pb1024,4096,1024,8,4,54->0,54->0; 2->4,7929.2814941404995,9620.28515625,1.2139810551867398,1.2129793468181769,1.2144023745055423,21.398105518673983,21.297934681817686,21.440237450554235,1695.9074707029995,0.09945706272160722,5,5,,,,,,54.0,0.0,2.0,4.0,4096.0,neither_forward,0.0,0.0,0.0,1.0,0.0,2.0,0.0,1.0,2.0,0.0,0.0,0.0,1.2767577213877066,1.2756431736028109,1.2783302795808769,6164.0,6160.0,6168.0,1.0033267195656475
g0039,routes,p15_0_bg1_5_neither_forward_pb8,4096,8,8,4,54->0,54->0; 2->18,7928.625,9638.375488281501,1.2152675097210737,1.214648588159533,1.2165396964211748,21.526750972107365,21.464858815953303,21.653969642117477,1708.2504882814992,0.08464234205886191,5,5,,,,,,54.0,0.0,2.0,18.0,4096.0,neither_forward,0.0,0.0,0.0,0.0,0.0,1.0,0.0,0.0,1.0,0.0,0.0,0.0,1.2750189740286335,1.2733061182908738,1.2759032320378163,6168.0,6160.0,6168.0,1.0033982311834733
g0040,routes,p15_0_bg1_5_neither_forward_pb1024,4096,1024,8,4,54->0,54->0; 2->18,7933.638671875,9633.027587890501,1.2141269140472817,1.2131564216194908,1.214526204061391,21.412691404728168,21.31564216194908,21.45262040613909,1698.9084472655013,0.5309556617840886,5,5,,,,,,54.0,0.0,2.0,18.0,4096.0,neither_forward,0.0,0.0,0.0,0.0,0.0,1.0,0.0,0.0,1.0,0.0,0.0,0.0,1.2757538547653051,1.2728561875715383,1.2775324573468185,6164.0,6156.0,6172.0,1.0033210074850851
