order,phase,case_id,type,case,src,dst,bytes,reps,window,cluster_index
1,smoke,bandwidth_pair_s0_d1_b8_r10_w1_c0,bandwidth,pair,0,1,8,10,1,0
2,smoke,bandwidth_pair_s0_d8_b8_r10_w1_c0,bandwidth,pair,0,8,8,10,1,0
3,smoke,bandwidth_pair_s0_d9_b8_r10_w1_c0,bandwidth,pair,0,9,8,10,1,0
4,smoke,bandwidth_pair_s1_d2_b8_r10_w1_c0,bandwidth,pair,1,2,8,10,1,0
5,smoke,bandwidth_pair_s8_d16_b8_r10_w1_c0,bandwidth,pair,8,16,8,10,1,0
6,smoke,bandwidth_pair_s9_d18_b8_r10_w1_c0,bandwidth,pair,9,18,8,10,1,0
7,smoke,bandwidth_pair_s0_d7_b8_r10_w1_c0,bandwidth,pair,0,7,8,10,1,0
8,smoke,bandwidth_pair_s0_d56_b8_r10_w1_c0,bandwidth,pair,0,56,8,10,1,0
9,smoke,bandwidth_pair_s0_d63_b8_r10_w1_c0,bandwidth,pair,0,63,8,10,1,0
10,smoke,contention_single_s0_d0_b8_r10_w1_c0,contention,single,0,0,8,10,1,0
11,smoke,contention_intra2_s0_d0_b8_r10_w1_c0,contention,intra2,0,0,8,10,1,0
12,smoke,contention_split_near2_s0_d0_b8_r10_w1_c0,contention,split_near2,0,0,8,10,1,0
13,smoke,contention_split_side2_s0_d0_b8_r10_w1_c0,contention,split_side2,0,0,8,10,1,0
14,smoke,contention_split_far2_s0_d0_b8_r10_w1_c0,contention,split_far2,0,0,8,10,1,0
15,smoke,contention_incast3_s0_d0_b8_r10_w1_c0,contention,incast3,0,0,8,10,1,0
16,smoke,contention_ring4_s0_d0_b8_r10_w1_c0,contention,ring4,0,0,8,10,1,0
17,smoke,contention_alltoall4_s0_d0_b8_r10_w1_c0,contention,alltoall4,0,0,8,10,1,0
18,smoke,latency_pingpong_matrix_s0_d0_b8_r10_w1_c0,latency,pingpong_matrix,0,0,8,10,1,0
19,raw,bandwidth_pair_s0_d7_b128_r2000_w2_c0,bandwidth,pair,0,7,128,2000,2,0
20,raw,bandwidth_pair_s8_d16_b16384_r2000_w4_c0,bandwidth,pair,8,16,16384,2000,4,0
21,raw,contention_split_far2_s0_d0_b1024_r2000_w4_c0,contention,split_far2,0,0,1024,2000,4,0
22,raw,contention_split_side2_s0_d0_b1024_r2000_w1_c10,contention,split_side2,0,0,1024,2000,1,10
23,raw,bandwidth_pair_s0_d1_b64_r2000_w16_c0,bandwidth,pair,0,1,64,2000,16,0
24,raw,bandwidth_pair_s0_d8_b32768_r2000_w2_c0,bandwidth,pair,0,8,32768,2000,2,0
25,raw,contention_single_s0_d0_b64_r2000_w1_c0,contention,single,0,0,64,2000,1,0
26,raw,bandwidth_pair_s9_d18_b8_r2000_w4_c0,bandwidth,pair,9,18,8,2000,4,0
27,raw,contention_split_side2_s0_d0_b1024_r2000_w4_c5,contention,split_side2,0,0,1024,2000,4,5
28,raw,bandwidth_pair_s0_d63_b32_r2000_w8_c0,bandwidth,pair,0,63,32,2000,8,0
29,raw,contention_split_near2_s0_d0_b1024_r2000_w4_c5,contention,split_near2,0,0,1024,2000,4,5
30,raw,contention_split_near2_s0_d0_b64_r2000_w4_c0,contention,split_near2,0,0,64,2000,4,0
31,raw,contention_split_far2_s0_d0_b1024_r2000_w1_c15,contention,split_far2,0,0,1024,2000,1,15
32,raw,contention_alltoall4_s0_d0_b1024_r2000_w4_c5,contention,alltoall4,0,0,1024,2000,4,5
33,raw,bandwidth_pair_s0_d9_b32768_r2000_w2_c0,bandwidth,pair,0,9,32768,2000,2,0
34,raw,bandwidth_pair_s0_d56_b16384_r2000_w1_c0,bandwidth,pair,0,56,16384,2000,1,0
35,raw,bandwidth_pair_s9_d18_b32_r2000_w1_c0,bandwidth,pair,9,18,32,2000,1,0
36,raw,bandwidth_pair_s1_d2_b128_r2000_w16_c0,bandwidth,pair,1,2,128,2000,16,0
37,raw,bandwidth_pair_s9_d18_b32_r2000_w4_c0,bandwidth,pair,9,18,32,2000,4,0
38,raw,bandwidth_pair_s8_d16_b1024_r2000_w4_c0,bandwidth,pair,8,16,1024,2000,4,0
39,raw,contention_split_side2_s0_d0_b1024_r2000_w1_c0,contention,split_side2,0,0,1024,2000,1,0
40,raw,contention_split_far2_s0_d0_b1024_r2000_w4_c5,contention,split_far2,0,0,1024,2000,4,5
41,raw,contention_intra2_s0_d0_b64_r2000_w4_c15,contention,intra2,0,0,64,2000,4,15
42,raw,contention_intra2_s0_d0_b1024_r2000_w4_c15,contention,intra2,0,0,1024,2000,4,15
43,raw,bandwidth_pair_s0_d1_b128_r2000_w1_c0,bandwidth,pair,0,1,128,2000,1,0
44,raw,bandwidth_pair_s9_d18_b32_r2000_w8_c0,bandwidth,pair,9,18,32,2000,8,0
45,raw,contention_single_s0_d0_b64_r2000_w1_c10,contention,single,0,0,64,2000,1,10
46,raw,bandwidth_pair_s1_d2_b4096_r2000_w2_c0,bandwidth,pair,1,2,4096,2000,2,0
47,raw,bandwidth_pair_s9_d18_b64_r2000_w2_c0,bandwidth,pair,9,18,64,2000,2,0
48,raw,bandwidth_pair_s0_d63_b8_r2000_w4_c0,bandwidth,pair,0,63,8,2000,4,0
49,raw,bandwidth_pair_s0_d8_b32768_r2000_w1_c0,bandwidth,pair,0,8,32768,2000,1,0
50,raw,bandwidth_pair_s0_d8_b4096_r2000_w8_c0,bandwidth,pair,0,8,4096,2000,8,0
51,raw,bandwidth_pair_s0_d9_b256_r2000_w1_c0,bandwidth,pair,0,9,256,2000,1,0
52,raw,contention_split_side2_s0_d0_b64_r2000_w4_c10,contention,split_side2,0,0,64,2000,4,10
53,raw,bandwidth_pair_s0_d1_b8_r2000_w16_c0,bandwidth,pair,0,1,8,2000,16,0
54,raw,bandwidth_pair_s1_d2_b64_r2000_w16_c0,bandwidth,pair,1,2,64,2000,16,0
55,raw,bandwidth_pair_s0_d8_b16_r2000_w2_c0,bandwidth,pair,0,8,16,2000,2,0
56,raw,bandwidth_pair_s0_d7_b64_r2000_w2_c0,bandwidth,pair,0,7,64,2000,2,0
57,raw,bandwidth_pair_s8_d16_b4096_r2000_w2_c0,bandwidth,pair,8,16,4096,2000,2,0
58,raw,bandwidth_pair_s0_d56_b64_r2000_w16_c0,bandwidth,pair,0,56,64,2000,16,0
59,raw,bandwidth_pair_s0_d9_b32_r2000_w2_c0,bandwidth,pair,0,9,32,2000,2,0
60,raw,bandwidth_pair_s0_d7_b1024_r2000_w16_c0,bandwidth,pair,0,7,1024,2000,16,0
61,raw,contention_single_s0_d0_b1024_r2000_w4_c5,contention,single,0,0,1024,2000,4,5
62,raw,bandwidth_pair_s0_d7_b128_r2000_w16_c0,bandwidth,pair,0,7,128,2000,16,0
63,raw,bandwidth_pair_s1_d2_b8_r2000_w8_c0,bandwidth,pair,1,2,8,2000,8,0
64,raw,bandwidth_pair_s8_d16_b16_r2000_w8_c0,bandwidth,pair,8,16,16,2000,8,0
65,raw,bandwidth_pair_s0_d9_b128_r2000_w4_c0,bandwidth,pair,0,9,128,2000,4,0
66,raw,bandwidth_pair_s0_d63_b1024_r2000_w16_c0,bandwidth,pair,0,63,1024,2000,16,0
67,raw,bandwidth_pair_s1_d2_b4096_r2000_w8_c0,bandwidth,pair,1,2,4096,2000,8,0
68,raw,bandwidth_pair_s0_d63_b256_r2000_w1_c0,bandwidth,pair,0,63,256,2000,1,0
69,raw,bandwidth_pair_s9_d18_b4096_r2000_w2_c0,bandwidth,pair,9,18,4096,2000,2,0
70,raw,contention_single_s0_d0_b64_r2000_w4_c15,contention,single,0,0,64,2000,4,15
71,raw,bandwidth_pair_s0_d8_b8_r2000_w1_c0,bandwidth,pair,0,8,8,2000,1,0
72,raw,bandwidth_pair_s1_d2_b4096_r2000_w16_c0,bandwidth,pair,1,2,4096,2000,16,0
73,raw,bandwidth_pair_s0_d8_b128_r2000_w16_c0,bandwidth,pair,0,8,128,2000,16,0
74,raw,bandwidth_pair_s0_d7_b256_r2000_w1_c0,bandwidth,pair,0,7,256,2000,1,0
75,raw,bandwidth_pair_s0_d1_b16_r2000_w16_c0,bandwidth,pair,0,1,16,2000,16,0
76,raw,bandwidth_pair_s0_d1_b256_r2000_w1_c0,bandwidth,pair,0,1,256,2000,1,0
77,raw,bandwidth_pair_s0_d8_b256_r2000_w2_c0,bandwidth,pair,0,8,256,2000,2,0
78,raw,bandwidth_pair_s0_d56_b32_r2000_w2_c0,bandwidth,pair,0,56,32,2000,2,0
79,raw,bandwidth_pair_s0_d63_b128_r2000_w16_c0,bandwidth,pair,0,63,128,2000,16,0
80,raw,contention_split_side2_s0_d0_b64_r2000_w4_c15,contention,split_side2,0,0,64,2000,4,15
81,raw,contention_alltoall4_s0_d0_b64_r2000_w4_c0,contention,alltoall4,0,0,64,2000,4,0
82,raw,contention_single_s0_d0_b64_r2000_w4_c10,contention,single,0,0,64,2000,4,10
83,raw,latency_pingpong_matrix_s0_d0_b16_r2000_w1_c0,latency,pingpong_matrix,0,0,16,2000,1,0
84,raw,bandwidth_pair_s0_d8_b128_r2000_w8_c0,bandwidth,pair,0,8,128,2000,8,0
85,raw,bandwidth_pair_s0_d63_b128_r2000_w8_c0,bandwidth,pair,0,63,128,2000,8,0
86,raw,bandwidth_pair_s0_d7_b256_r2000_w2_c0,bandwidth,pair,0,7,256,2000,2,0
87,raw,bandwidth_pair_s0_d63_b16384_r2000_w2_c0,bandwidth,pair,0,63,16384,2000,2,0
88,raw,bandwidth_pair_s0_d8_b65536_r2000_w1_c0,bandwidth,pair,0,8,65536,2000,1,0
89,raw,bandwidth_pair_s0_d1_b8_r2000_w2_c0,bandwidth,pair,0,1,8,2000,2,0
90,raw,bandwidth_pair_s0_d7_b256_r2000_w4_c0,bandwidth,pair,0,7,256,2000,4,0
91,raw,contention_split_near2_s0_d0_b1024_r2000_w1_c0,contention,split_near2,0,0,1024,2000,1,0
92,raw,bandwidth_pair_s0_d63_b1024_r2000_w2_c0,bandwidth,pair,0,63,1024,2000,2,0
93,raw,bandwidth_pair_s0_d9_b16_r2000_w4_c0,bandwidth,pair,0,9,16,2000,4,0
94,raw,bandwidth_pair_s8_d16_b1024_r2000_w16_c0,bandwidth,pair,8,16,1024,2000,16,0
95,raw,bandwidth_pair_s1_d2_b1024_r2000_w8_c0,bandwidth,pair,1,2,1024,2000,8,0
96,raw,contention_incast3_s0_d0_b64_r2000_w1_c10,contention,incast3,0,0,64,2000,1,10
97,raw,bandwidth_pair_s0_d8_b32_r2000_w16_c0,bandwidth,pair,0,8,32,2000,16,0
98,raw,contention_intra2_s0_d0_b1024_r2000_w4_c10,contention,intra2,0,0,1024,2000,4,10
99,raw,contention_single_s0_d0_b1024_r2000_w1_c0,contention,single,0,0,1024,2000,1,0
100,raw,bandwidth_pair_s0_d63_b8_r2000_w1_c0,bandwidth,pair,0,63,8,2000,1,0
101,raw,bandwidth_pair_s0_d9_b8_r2000_w16_c0,bandwidth,pair,0,9,8,2000,16,0
102,raw,bandwidth_pair_s0_d63_b64_r2000_w1_c0,bandwidth,pair,0,63,64,2000,1,0
103,raw,bandwidth_pair_s9_d18_b16_r2000_w16_c0,bandwidth,pair,9,18,16,2000,16,0
104,raw,bandwidth_pair_s0_d7_b16384_r2000_w4_c0,bandwidth,pair,0,7,16384,2000,4,0
105,raw,bandwidth_pair_s0_d1_b128_r2000_w8_c0,bandwidth,pair,0,1,128,2000,8,0
106,raw,contention_intra2_s0_d0_b1024_r2000_w1_c15,contention,intra2,0,0,1024,2000,1,15
107,raw,contention_single_s0_d0_b64_r2000_w1_c5,contention,single,0,0,64,2000,1,5
108,raw,bandwidth_pair_s0_d7_b16_r2000_w2_c0,bandwidth,pair,0,7,16,2000,2,0
109,raw,contention_intra2_s0_d0_b1024_r2000_w1_c10,contention,intra2,0,0,1024,2000,1,10
110,raw,contention_ring4_s0_d0_b1024_r2000_w1_c15,contention,ring4,0,0,1024,2000,1,15
111,raw,bandwidth_pair_s0_d63_b4096_r2000_w2_c0,bandwidth,pair,0,63,4096,2000,2,0
112,raw,bandwidth_pair_s0_d56_b128_r2000_w16_c0,bandwidth,pair,0,56,128,2000,16,0
113,raw,bandwidth_pair_s0_d7_b32768_r2000_w1_c0,bandwidth,pair,0,7,32768,2000,1,0
114,raw,bandwidth_pair_s0_d7_b8_r2000_w2_c0,bandwidth,pair,0,7,8,2000,2,0
115,raw,contention_incast3_s0_d0_b64_r2000_w4_c15,contention,incast3,0,0,64,2000,4,15
116,raw,bandwidth_pair_s0_d8_b32_r2000_w1_c0,bandwidth,pair,0,8,32,2000,1,0
117,raw,contention_intra2_s0_d0_b64_r2000_w4_c10,contention,intra2,0,0,64,2000,4,10
118,raw,bandwidth_pair_s0_d56_b4096_r2000_w8_c0,bandwidth,pair,0,56,4096,2000,8,0
119,raw,contention_intra2_s0_d0_b1024_r2000_w4_c5,contention,intra2,0,0,1024,2000,4,5
120,raw,contention_ring4_s0_d0_b1024_r2000_w4_c0,contention,ring4,0,0,1024,2000,4,0
121,raw,contention_split_near2_s0_d0_b1024_r2000_w1_c5,contention,split_near2,0,0,1024,2000,1,5
122,raw,bandwidth_pair_s1_d2_b128_r2000_w2_c0,bandwidth,pair,1,2,128,2000,2,0
123,raw,bandwidth_pair_s8_d16_b256_r2000_w2_c0,bandwidth,pair,8,16,256,2000,2,0
124,raw,bandwidth_pair_s9_d18_b32768_r2000_w2_c0,bandwidth,pair,9,18,32768,2000,2,0
125,raw,bandwidth_pair_s0_d1_b4096_r2000_w8_c0,bandwidth,pair,0,1,4096,2000,8,0
126,raw,contention_split_near2_s0_d0_b1024_r2000_w1_c10,contention,split_near2,0,0,1024,2000,1,10
127,raw,bandwidth_pair_s0_d63_b4096_r2000_w1_c0,bandwidth,pair,0,63,4096,2000,1,0
128,raw,bandwidth_pair_s0_d63_b32768_r2000_w2_c0,bandwidth,pair,0,63,32768,2000,2,0
129,raw,bandwidth_pair_s0_d8_b16_r2000_w16_c0,bandwidth,pair,0,8,16,2000,16,0
130,raw,contention_intra2_s0_d0_b1024_r2000_w1_c5,contention,intra2,0,0,1024,2000,1,5
131,raw,bandwidth_pair_s0_d1_b32768_r2000_w1_c0,bandwidth,pair,0,1,32768,2000,1,0
132,raw,contention_alltoall4_s0_d0_b64_r2000_w1_c0,contention,alltoall4,0,0,64,2000,1,0
133,raw,bandwidth_pair_s1_d2_b256_r2000_w4_c0,bandwidth,pair,1,2,256,2000,4,0
134,raw,bandwidth_pair_s0_d63_b1024_r2000_w8_c0,bandwidth,pair,0,63,1024,2000,8,0
135,raw,bandwidth_pair_s0_d9_b8_r2000_w8_c0,bandwidth,pair,0,9,8,2000,8,0
136,raw,bandwidth_pair_s0_d56_b16_r2000_w16_c0,bandwidth,pair,0,56,16,2000,16,0
137,raw,bandwidth_pair_s9_d18_b16_r2000_w1_c0,bandwidth,pair,9,18,16,2000,1,0
138,raw,bandwidth_pair_s0_d63_b64_r2000_w8_c0,bandwidth,pair,0,63,64,2000,8,0
139,raw,latency_pingpong_matrix_s0_d0_b64_r2000_w1_c0,latency,pingpong_matrix,0,0,64,2000,1,0
140,raw,bandwidth_pair_s0_d7_b65536_r2000_w1_c0,bandwidth,pair,0,7,65536,2000,1,0
141,raw,latency_pingpong_matrix_s0_d0_b128_r2000_w1_c0,latency,pingpong_matrix,0,0,128,2000,1,0
142,raw,bandwidth_pair_s0_d8_b16384_r2000_w1_c0,bandwidth,pair,0,8,16384,2000,1,0
143,raw,bandwidth_pair_s0_d63_b8_r2000_w8_c0,bandwidth,pair,0,63,8,2000,8,0
144,raw,bandwidth_pair_s0_d9_b256_r2000_w16_c0,bandwidth,pair,0,9,256,2000,16,0
145,raw,bandwidth_pair_s0_d1_b64_r2000_w1_c0,bandwidth,pair,0,1,64,2000,1,0
146,raw,bandwidth_pair_s0_d9_b8_r2000_w2_c0,bandwidth,pair,0,9,8,2000,2,0
147,raw,bandwidth_pair_s0_d8_b128_r2000_w4_c0,bandwidth,pair,0,8,128,2000,4,0
148,raw,bandwidth_pair_s0_d63_b16_r2000_w4_c0,bandwidth,pair,0,63,16,2000,4,0
149,raw,contention_intra2_s0_d0_b1024_r2000_w1_c0,contention,intra2,0,0,1024,2000,1,0
150,raw,bandwidth_pair_s0_d56_b256_r2000_w1_c0,bandwidth,pair,0,56,256,2000,1,0
151,raw,bandwidth_pair_s0_d8_b1024_r2000_w4_c0,bandwidth,pair,0,8,1024,2000,4,0
152,raw,bandwidth_pair_s0_d7_b32_r2000_w4_c0,bandwidth,pair,0,7,32,2000,4,0
153,raw,bandwidth_pair_s9_d18_b1024_r2000_w16_c0,bandwidth,pair,9,18,1024,2000,16,0
154,raw,bandwidth_pair_s0_d7_b128_r2000_w1_c0,bandwidth,pair,0,7,128,2000,1,0
155,raw,bandwidth_pair_s0_d9_b16_r2000_w1_c0,bandwidth,pair,0,9,16,2000,1,0
156,raw,contention_alltoall4_s0_d0_b64_r2000_w1_c5,contention,alltoall4,0,0,64,2000,1,5
157,raw,bandwidth_pair_s0_d8_b256_r2000_w8_c0,bandwidth,pair,0,8,256,2000,8,0
158,raw,contention_single_s0_d0_b1024_r2000_w4_c10,contention,single,0,0,1024,2000,4,10
159,raw,bandwidth_pair_s0_d56_b32_r2000_w1_c0,bandwidth,pair,0,56,32,2000,1,0
160,raw,contention_alltoall4_s0_d0_b64_r2000_w4_c10,contention,alltoall4,0,0,64,2000,4,10
161,raw,bandwidth_pair_s0_d1_b16_r2000_w8_c0,bandwidth,pair,0,1,16,2000,8,0
162,raw,bandwidth_pair_s1_d2_b128_r2000_w8_c0,bandwidth,pair,1,2,128,2000,8,0
163,raw,bandwidth_pair_s0_d7_b256_r2000_w8_c0,bandwidth,pair,0,7,256,2000,8,0
164,raw,bandwidth_pair_s0_d9_b16_r2000_w2_c0,bandwidth,pair,0,9,16,2000,2,0
165,raw,bandwidth_pair_s0_d7_b1024_r2000_w1_c0,bandwidth,pair,0,7,1024,2000,1,0
166,raw,bandwidth_pair_s1_d2_b256_r2000_w16_c0,bandwidth,pair,1,2,256,2000,16,0
167,raw,bandwidth_pair_s0_d8_b256_r2000_w1_c0,bandwidth,pair,0,8,256,2000,1,0
168,raw,bandwidth_pair_s0_d1_b256_r2000_w4_c0,bandwidth,pair,0,1,256,2000,4,0
169,raw,bandwidth_pair_s8_d16_b8_r2000_w2_c0,bandwidth,pair,8,16,8,2000,2,0
170,raw,bandwidth_pair_s0_d63_b16384_r2000_w1_c0,bandwidth,pair,0,63,16384,2000,1,0
171,raw,bandwidth_pair_s8_d16_b1024_r2000_w1_c0,bandwidth,pair,8,16,1024,2000,1,0
172,raw,bandwidth_pair_s0_d63_b128_r2000_w2_c0,bandwidth,pair,0,63,128,2000,2,0
173,raw,bandwidth_pair_s0_d7_b8_r2000_w4_c0,bandwidth,pair,0,7,8,2000,4,0
174,raw,bandwidth_pair_s1_d2_b64_r2000_w2_c0,bandwidth,pair,1,2,64,2000,2,0
175,raw,bandwidth_pair_s0_d9_b1024_r2000_w2_c0,bandwidth,pair,0,9,1024,2000,2,0
176,raw,bandwidth_pair_s0_d7_b16_r2000_w16_c0,bandwidth,pair,0,7,16,2000,16,0
177,raw,bandwidth_pair_s0_d7_b8_r2000_w8_c0,bandwidth,pair,0,7,8,2000,8,0
178,raw,bandwidth_pair_s0_d1_b8_r2000_w1_c0,bandwidth,pair,0,1,8,2000,1,0
179,raw,bandwidth_pair_s0_d7_b4096_r2000_w2_c0,bandwidth,pair,0,7,4096,2000,2,0
180,raw,bandwidth_pair_s0_d63_b1024_r2000_w4_c0,bandwidth,pair,0,63,1024,2000,4,0
181,raw,contention_split_far2_s0_d0_b1024_r2000_w4_c15,contention,split_far2,0,0,1024,2000,4,15
182,raw,bandwidth_pair_s8_d16_b64_r2000_w1_c0,bandwidth,pair,8,16,64,2000,1,0
183,raw,bandwidth_pair_s0_d7_b64_r2000_w8_c0,bandwidth,pair,0,7,64,2000,8,0
184,raw,bandwidth_pair_s0_d1_b256_r2000_w2_c0,bandwidth,pair,0,1,256,2000,2,0
185,raw,contention_ring4_s0_d0_b64_r2000_w1_c15,contention,ring4,0,0,64,2000,1,15
186,raw,bandwidth_pair_s0_d8_b4096_r2000_w4_c0,bandwidth,pair,0,8,4096,2000,4,0
187,raw,bandwidth_pair_s0_d1_b1024_r2000_w1_c0,bandwidth,pair,0,1,1024,2000,1,0
188,raw,contention_split_side2_s0_d0_b64_r2000_w1_c0,contention,split_side2,0,0,64,2000,1,0
189,raw,bandwidth_pair_s8_d16_b32_r2000_w1_c0,bandwidth,pair,8,16,32,2000,1,0
190,raw,contention_single_s0_d0_b1024_r2000_w1_c15,contention,single,0,0,1024,2000,1,15
191,raw,bandwidth_pair_s0_d7_b16_r2000_w1_c0,bandwidth,pair,0,7,16,2000,1,0
192,raw,bandwidth_pair_s0_d56_b8_r2000_w2_c0,bandwidth,pair,0,56,8,2000,2,0
193,raw,contention_split_side2_s0_d0_b1024_r2000_w1_c15,contention,split_side2,0,0,1024,2000,1,15
194,raw,bandwidth_pair_s1_d2_b16_r2000_w4_c0,bandwidth,pair,1,2,16,2000,4,0
195,raw,bandwidth_pair_s0_d1_b128_r2000_w2_c0,bandwidth,pair,0,1,128,2000,2,0
196,raw,bandwidth_pair_s9_d18_b32_r2000_w16_c0,bandwidth,pair,9,18,32,2000,16,0
197,raw,bandwidth_pair_s0_d7_b8_r2000_w16_c0,bandwidth,pair,0,7,8,2000,16,0
198,raw,bandwidth_pair_s0_d63_b4096_r2000_w4_c0,bandwidth,pair,0,63,4096,2000,4,0
199,raw,bandwidth_pair_s1_d2_b16_r2000_w1_c0,bandwidth,pair,1,2,16,2000,1,0
200,raw,bandwidth_pair_s1_d2_b16384_r2000_w1_c0,bandwidth,pair,1,2,16384,2000,1,0
201,raw,contention_incast3_s0_d0_b1024_r2000_w4_c15,contention,incast3,0,0,1024,2000,4,15
202,raw,bandwidth_pair_s0_d8_b32_r2000_w2_c0,bandwidth,pair,0,8,32,2000,2,0
203,raw,bandwidth_pair_s0_d63_b32_r2000_w4_c0,bandwidth,pair,0,63,32,2000,4,0
204,raw,bandwidth_pair_s1_d2_b128_r2000_w4_c0,bandwidth,pair,1,2,128,2000,4,0
205,raw,bandwidth_pair_s0_d63_b8_r2000_w2_c0,bandwidth,pair,0,63,8,2000,2,0
206,raw,contention_split_far2_s0_d0_b64_r2000_w4_c0,contention,split_far2,0,0,64,2000,4,0
207,raw,bandwidth_pair_s0_d9_b64_r2000_w8_c0,bandwidth,pair,0,9,64,2000,8,0
208,raw,contention_single_s0_d0_b1024_r2000_w1_c5,contention,single,0,0,1024,2000,1,5
209,raw,bandwidth_pair_s8_d16_b16384_r2000_w1_c0,bandwidth,pair,8,16,16384,2000,1,0
210,raw,bandwidth_pair_s8_d16_b128_r2000_w4_c0,bandwidth,pair,8,16,128,2000,4,0
211,raw,bandwidth_pair_s0_d9_b1024_r2000_w16_c0,bandwidth,pair,0,9,1024,2000,16,0
212,raw,contention_split_far2_s0_d0_b64_r2000_w4_c15,contention,split_far2,0,0,64,2000,4,15
213,raw,contention_incast3_s0_d0_b64_r2000_w4_c10,contention,incast3,0,0,64,2000,4,10
214,raw,bandwidth_pair_s9_d18_b8_r2000_w8_c0,bandwidth,pair,9,18,8,2000,8,0
215,raw,bandwidth_pair_s9_d18_b256_r2000_w8_c0,bandwidth,pair,9,18,256,2000,8,0
216,raw,bandwidth_pair_s0_d63_b64_r2000_w2_c0,bandwidth,pair,0,63,64,2000,2,0
217,raw,bandwidth_pair_s0_d1_b32768_r2000_w2_c0,bandwidth,pair,0,1,32768,2000,2,0
218,raw,bandwidth_pair_s9_d18_b16384_r2000_w4_c0,bandwidth,pair,9,18,16384,2000,4,0
219,raw,contention_incast3_s0_d0_b1024_r2000_w1_c15,contention,incast3,0,0,1024,2000,1,15
220,raw,bandwidth_pair_s0_d9_b4096_r2000_w1_c0,bandwidth,pair,0,9,4096,2000,1,0
221,raw,contention_split_side2_s0_d0_b64_r2000_w4_c0,contention,split_side2,0,0,64,2000,4,0
222,raw,bandwidth_pair_s0_d63_b64_r2000_w4_c0,bandwidth,pair,0,63,64,2000,4,0
223,raw,bandwidth_pair_s0_d56_b64_r2000_w4_c0,bandwidth,pair,0,56,64,2000,4,0
224,raw,bandwidth_pair_s0_d1_b64_r2000_w8_c0,bandwidth,pair,0,1,64,2000,8,0
225,raw,bandwidth_pair_s0_d8_b16_r2000_w1_c0,bandwidth,pair,0,8,16,2000,1,0
226,raw,contention_single_s0_d0_b64_r2000_w1_c15,contention,single,0,0,64,2000,1,15
227,raw,bandwidth_pair_s9_d18_b4096_r2000_w4_c0,bandwidth,pair,9,18,4096,2000,4,0
228,raw,bandwidth_pair_s0_d1_b4096_r2000_w16_c0,bandwidth,pair,0,1,4096,2000,16,0
229,raw,bandwidth_pair_s0_d63_b4096_r2000_w8_c0,bandwidth,pair,0,63,4096,2000,8,0
230,raw,bandwidth_pair_s1_d2_b32768_r2000_w2_c0,bandwidth,pair,1,2,32768,2000,2,0
231,raw,contention_incast3_s0_d0_b64_r2000_w1_c5,contention,incast3,0,0,64,2000,1,5
232,raw,bandwidth_pair_s0_d1_b1024_r2000_w8_c0,bandwidth,pair,0,1,1024,2000,8,0
233,raw,bandwidth_pair_s1_d2_b8_r2000_w4_c0,bandwidth,pair,1,2,8,2000,4,0
234,raw,bandwidth_pair_s0_d1_b1024_r2000_w4_c0,bandwidth,pair,0,1,1024,2000,4,0
235,raw,bandwidth_pair_s1_d2_b32_r2000_w4_c0,bandwidth,pair,1,2,32,2000,4,0
236,raw,bandwidth_pair_s1_d2_b8_r2000_w16_c0,bandwidth,pair,1,2,8,2000,16,0
237,raw,contention_split_side2_s0_d0_b64_r2000_w1_c10,contention,split_side2,0,0,64,2000,1,10
238,raw,bandwidth_pair_s0_d9_b128_r2000_w16_c0,bandwidth,pair,0,9,128,2000,16,0
239,raw,bandwidth_pair_s0_d56_b16_r2000_w1_c0,bandwidth,pair,0,56,16,2000,1,0
240,raw,bandwidth_pair_s0_d7_b1024_r2000_w2_c0,bandwidth,pair,0,7,1024,2000,2,0
241,raw,contention_split_far2_s0_d0_b1024_r2000_w4_c10,contention,split_far2,0,0,1024,2000,4,10
242,raw,bandwidth_pair_s0_d9_b128_r2000_w2_c0,bandwidth,pair,0,9,128,2000,2,0
243,raw,bandwidth_pair_s8_d16_b64_r2000_w16_c0,bandwidth,pair,8,16,64,2000,16,0
244,raw,bandwidth_pair_s0_d9_b32_r2000_w8_c0,bandwidth,pair,0,9,32,2000,8,0
245,raw,contention_split_far2_s0_d0_b1024_r2000_w1_c0,contention,split_far2,0,0,1024,2000,1,0
246,raw,contention_split_far2_s0_d0_b64_r2000_w1_c10,contention,split_far2,0,0,64,2000,1,10
247,raw,contention_intra2_s0_d0_b64_r2000_w4_c5,contention,intra2,0,0,64,2000,4,5
248,raw,bandwidth_pair_s0_d9_b64_r2000_w2_c0,bandwidth,pair,0,9,64,2000,2,0
249,raw,contention_single_s0_d0_b1024_r2000_w4_c0,contention,single,0,0,1024,2000,4,0
250,raw,contention_split_near2_s0_d0_b64_r2000_w1_c10,contention,split_near2,0,0,64,2000,1,10
251,raw,bandwidth_pair_s0_d7_b64_r2000_w16_c0,bandwidth,pair,0,7,64,2000,16,0
252,raw,bandwidth_pair_s0_d1_b64_r2000_w4_c0,bandwidth,pair,0,1,64,2000,4,0
253,raw,latency_pingpong_matrix_s0_d0_b8_r2000_w1_c0,latency,pingpong_matrix,0,0,8,2000,1,0
254,raw,bandwidth_pair_s1_d2_b256_r2000_w2_c0,bandwidth,pair,1,2,256,2000,2,0
255,raw,bandwidth_pair_s8_d16_b256_r2000_w16_c0,bandwidth,pair,8,16,256,2000,16,0
256,raw,bandwidth_pair_s9_d18_b128_r2000_w2_c0,bandwidth,pair,9,18,128,2000,2,0
257,raw,bandwidth_pair_s0_d9_b8_r2000_w1_c0,bandwidth,pair,0,9,8,2000,1,0
258,raw,bandwidth_pair_s0_d9_b32_r2000_w16_c0,bandwidth,pair,0,9,32,2000,16,0
259,raw,bandwidth_pair_s0_d63_b65536_r2000_w1_c0,bandwidth,pair,0,63,65536,2000,1,0
260,raw,bandwidth_pair_s0_d63_b256_r2000_w4_c0,bandwidth,pair,0,63,256,2000,4,0
261,raw,bandwidth_pair_s0_d1_b16_r2000_w4_c0,bandwidth,pair,0,1,16,2000,4,0
262,raw,bandwidth_pair_s0_d56_b1024_r2000_w1_c0,bandwidth,pair,0,56,1024,2000,1,0
263,raw,contention_ring4_s0_d0_b1024_r2000_w4_c15,contention,ring4,0,0,1024,2000,4,15
264,raw,bandwidth_pair_s0_d1_b4096_r2000_w2_c0,bandwidth,pair,0,1,4096,2000,2,0
265,raw,bandwidth_pair_s0_d7_b32_r2000_w1_c0,bandwidth,pair,0,7,32,2000,1,0
266,raw,bandwidth_pair_s0_d56_b4096_r2000_w4_c0,bandwidth,pair,0,56,4096,2000,4,0
267,raw,bandwidth_pair_s0_d9_b64_r2000_w1_c0,bandwidth,pair,0,9,64,2000,1,0
268,raw,bandwidth_pair_s0_d56_b32768_r2000_w2_c0,bandwidth,pair,0,56,32768,2000,2,0
269,raw,bandwidth_pair_s0_d1_b16384_r2000_w1_c0,bandwidth,pair,0,1,16384,2000,1,0
270,raw,bandwidth_pair_s9_d18_b8_r2000_w1_c0,bandwidth,pair,9,18,8,2000,1,0
271,raw,bandwidth_pair_s0_d56_b1024_r2000_w8_c0,bandwidth,pair,0,56,1024,2000,8,0
272,raw,bandwidth_pair_s8_d16_b8_r2000_w8_c0,bandwidth,pair,8,16,8,2000,8,0
273,raw,contention_incast3_s0_d0_b1024_r2000_w4_c5,contention,incast3,0,0,1024,2000,4,5
274,raw,bandwidth_pair_s0_d9_b1024_r2000_w1_c0,bandwidth,pair,0,9,1024,2000,1,0
275,raw,bandwidth_pair_s0_d7_b32_r2000_w16_c0,bandwidth,pair,0,7,32,2000,16,0
276,raw,bandwidth_pair_s0_d8_b16384_r2000_w4_c0,bandwidth,pair,0,8,16384,2000,4,0
277,raw,bandwidth_pair_s9_d18_b16384_r2000_w2_c0,bandwidth,pair,9,18,16384,2000,2,0
278,raw,bandwidth_pair_s1_d2_b8_r2000_w2_c0,bandwidth,pair,1,2,8,2000,2,0
279,raw,bandwidth_pair_s0_d56_b16_r2000_w4_c0,bandwidth,pair,0,56,16,2000,4,0
280,raw,bandwidth_pair_s0_d1_b256_r2000_w8_c0,bandwidth,pair,0,1,256,2000,8,0
281,raw,bandwidth_pair_s8_d16_b128_r2000_w2_c0,bandwidth,pair,8,16,128,2000,2,0
282,raw,bandwidth_pair_s0_d63_b16_r2000_w8_c0,bandwidth,pair,0,63,16,2000,8,0
283,raw,bandwidth_pair_s0_d56_b32_r2000_w16_c0,bandwidth,pair,0,56,32,2000,16,0
284,raw,bandwidth_pair_s0_d1_b32_r2000_w16_c0,bandwidth,pair,0,1,32,2000,16,0
285,raw,bandwidth_pair_s0_d63_b256_r2000_w8_c0,bandwidth,pair,0,63,256,2000,8,0
286,raw,bandwidth_pair_s0_d56_b128_r2000_w2_c0,bandwidth,pair,0,56,128,2000,2,0
287,raw,bandwidth_pair_s8_d16_b1024_r2000_w8_c0,bandwidth,pair,8,16,1024,2000,8,0
288,raw,bandwidth_pair_s0_d7_b32768_r2000_w2_c0,bandwidth,pair,0,7,32768,2000,2,0
289,raw,bandwidth_pair_s0_d7_b16_r2000_w8_c0,bandwidth,pair,0,7,16,2000,8,0
290,raw,contention_intra2_s0_d0_b64_r2000_w1_c15,contention,intra2,0,0,64,2000,1,15
291,raw,bandwidth_pair_s1_d2_b4096_r2000_w1_c0,bandwidth,pair,1,2,4096,2000,1,0
292,raw,bandwidth_pair_s0_d63_b4096_r2000_w16_c0,bandwidth,pair,0,63,4096,2000,16,0
293,raw,bandwidth_pair_s1_d2_b8_r2000_w1_c0,bandwidth,pair,1,2,8,2000,1,0
294,raw,bandwidth_pair_s0_d9_b256_r2000_w2_c0,bandwidth,pair,0,9,256,2000,2,0
295,raw,bandwidth_pair_s0_d9_b16_r2000_w8_c0,bandwidth,pair,0,9,16,2000,8,0
296,raw,bandwidth_pair_s0_d56_b32_r2000_w4_c0,bandwidth,pair,0,56,32,2000,4,0
297,raw,bandwidth_pair_s0_d1_b16_r2000_w2_c0,bandwidth,pair,0,1,16,2000,2,0
298,raw,contention_alltoall4_s0_d0_b1024_r2000_w4_c15,contention,alltoall4,0,0,1024,2000,4,15
299,raw,bandwidth_pair_s0_d8_b4096_r2000_w16_c0,bandwidth,pair,0,8,4096,2000,16,0
300,raw,contention_split_side2_s0_d0_b64_r2000_w1_c5,contention,split_side2,0,0,64,2000,1,5
301,raw,bandwidth_pair_s8_d16_b128_r2000_w8_c0,bandwidth,pair,8,16,128,2000,8,0
302,raw,bandwidth_pair_s0_d8_b128_r2000_w2_c0,bandwidth,pair,0,8,128,2000,2,0
303,raw,bandwidth_pair_s0_d8_b256_r2000_w4_c0,bandwidth,pair,0,8,256,2000,4,0
304,raw,bandwidth_pair_s0_d1_b32_r2000_w1_c0,bandwidth,pair,0,1,32,2000,1,0
305,raw,contention_ring4_s0_d0_b1024_r2000_w1_c5,contention,ring4,0,0,1024,2000,1,5
306,raw,contention_intra2_s0_d0_b64_r2000_w1_c10,contention,intra2,0,0,64,2000,1,10
307,raw,bandwidth_pair_s0_d9_b32_r2000_w4_c0,bandwidth,pair,0,9,32,2000,4,0
308,raw,bandwidth_pair_s0_d8_b256_r2000_w16_c0,bandwidth,pair,0,8,256,2000,16,0
309,raw,bandwidth_pair_s0_d63_b256_r2000_w16_c0,bandwidth,pair,0,63,256,2000,16,0
310,raw,bandwidth_pair_s0_d9_b32_r2000_w1_c0,bandwidth,pair,0,9,32,2000,1,0
311,raw,bandwidth_pair_s0_d7_b4096_r2000_w8_c0,bandwidth,pair,0,7,4096,2000,8,0
312,raw,bandwidth_pair_s1_d2_b1024_r2000_w2_c0,bandwidth,pair,1,2,1024,2000,2,0
313,raw,bandwidth_pair_s9_d18_b16_r2000_w2_c0,bandwidth,pair,9,18,16,2000,2,0
314,raw,bandwidth_pair_s8_d16_b32_r2000_w8_c0,bandwidth,pair,8,16,32,2000,8,0
315,raw,bandwidth_pair_s0_d8_b32_r2000_w4_c0,bandwidth,pair,0,8,32,2000,4,0
316,raw,contention_split_side2_s0_d0_b1024_r2000_w4_c0,contention,split_side2,0,0,1024,2000,4,0
317,raw,bandwidth_pair_s8_d16_b16384_r2000_w2_c0,bandwidth,pair,8,16,16384,2000,2,0
318,raw,bandwidth_pair_s9_d18_b8_r2000_w16_c0,bandwidth,pair,9,18,8,2000,16,0
319,raw,contention_split_near2_s0_d0_b1024_r2000_w1_c15,contention,split_near2,0,0,1024,2000,1,15
320,raw,bandwidth_pair_s0_d63_b32_r2000_w2_c0,bandwidth,pair,0,63,32,2000,2,0
321,raw,bandwidth_pair_s8_d16_b4096_r2000_w1_c0,bandwidth,pair,8,16,4096,2000,1,0
322,raw,contention_incast3_s0_d0_b64_r2000_w1_c0,contention,incast3,0,0,64,2000,1,0
323,raw,contention_single_s0_d0_b64_r2000_w4_c0,contention,single,0,0,64,2000,4,0
324,raw,contention_split_far2_s0_d0_b1024_r2000_w1_c5,contention,split_far2,0,0,1024,2000,1,5
325,raw,bandwidth_pair_s0_d63_b32_r2000_w16_c0,bandwidth,pair,0,63,32,2000,16,0
326,raw,contention_intra2_s0_d0_b1024_r2000_w4_c0,contention,intra2,0,0,1024,2000,4,0
327,raw,contention_incast3_s0_d0_b64_r2000_w4_c0,contention,incast3,0,0,64,2000,4,0
328,raw,bandwidth_pair_s0_d56_b64_r2000_w8_c0,bandwidth,pair,0,56,64,2000,8,0
329,raw,bandwidth_pair_s0_d8_b64_r2000_w1_c0,bandwidth,pair,0,8,64,2000,1,0
330,raw,bandwidth_pair_s0_d9_b16_r2000_w16_c0,bandwidth,pair,0,9,16,2000,16,0
331,raw,contention_incast3_s0_d0_b1024_r2000_w1_c0,contention,incast3,0,0,1024,2000,1,0
332,raw,bandwidth_pair_s0_d8_b8_r2000_w2_c0,bandwidth,pair,0,8,8,2000,2,0
333,raw,bandwidth_pair_s0_d7_b64_r2000_w4_c0,bandwidth,pair,0,7,64,2000,4,0
334,raw,bandwidth_pair_s9_d18_b64_r2000_w8_c0,bandwidth,pair,9,18,64,2000,8,0
335,raw,bandwidth_pair_s1_d2_b16384_r2000_w4_c0,bandwidth,pair,1,2,16384,2000,4,0
336,raw,bandwidth_pair_s0_d1_b32_r2000_w8_c0,bandwidth,pair,0,1,32,2000,8,0
337,raw,bandwidth_pair_s1_d2_b1024_r2000_w1_c0,bandwidth,pair,1,2,1024,2000,1,0
338,raw,contention_ring4_s0_d0_b1024_r2000_w4_c10,contention,ring4,0,0,1024,2000,4,10
339,raw,bandwidth_pair_s0_d9_b4096_r2000_w2_c0,bandwidth,pair,0,9,4096,2000,2,0
340,raw,bandwidth_pair_s0_d8_b8_r2000_w16_c0,bandwidth,pair,0,8,8,2000,16,0
341,raw,contention_intra2_s0_d0_b64_r2000_w4_c0,contention,intra2,0,0,64,2000,4,0
342,raw,contention_split_near2_s0_d0_b1024_r2000_w4_c10,contention,split_near2,0,0,1024,2000,4,10
343,raw,bandwidth_pair_s9_d18_b256_r2000_w2_c0,bandwidth,pair,9,18,256,2000,2,0
344,raw,contention_ring4_s0_d0_b64_r2000_w1_c10,contention,ring4,0,0,64,2000,1,10
345,raw,bandwidth_pair_s0_d8_b16_r2000_w8_c0,bandwidth,pair,0,8,16,2000,8,0
346,raw,contention_split_near2_s0_d0_b64_r2000_w1_c5,contention,split_near2,0,0,64,2000,1,5
347,raw,bandwidth_pair_s1_d2_b32_r2000_w16_c0,bandwidth,pair,1,2,32,2000,16,0
348,raw,bandwidth_pair_s1_d2_b256_r2000_w1_c0,bandwidth,pair,1,2,256,2000,1,0
349,raw,bandwidth_pair_s0_d8_b32_r2000_w8_c0,bandwidth,pair,0,8,32,2000,8,0
350,raw,bandwidth_pair_s0_d1_b1024_r2000_w2_c0,bandwidth,pair,0,1,1024,2000,2,0
351,raw,bandwidth_pair_s9_d18_b64_r2000_w1_c0,bandwidth,pair,9,18,64,2000,1,0
352,raw,bandwidth_pair_s0_d1_b4096_r2000_w4_c0,bandwidth,pair,0,1,4096,2000,4,0
353,raw,contention_split_side2_s0_d0_b1024_r2000_w4_c10,contention,split_side2,0,0,1024,2000,4,10
354,raw,bandwidth_pair_s0_d56_b8_r2000_w8_c0,bandwidth,pair,0,56,8,2000,8,0
355,raw,contention_alltoall4_s0_d0_b1024_r2000_w1_c10,contention,alltoall4,0,0,1024,2000,1,10
356,raw,bandwidth_pair_s0_d56_b256_r2000_w2_c0,bandwidth,pair,0,56,256,2000,2,0
357,raw,contention_ring4_s0_d0_b64_r2000_w1_c5,contention,ring4,0,0,64,2000,1,5
358,raw,contention_split_near2_s0_d0_b64_r2000_w1_c15,contention,split_near2,0,0,64,2000,1,15
359,raw,bandwidth_pair_s8_d16_b8_r2000_w4_c0,bandwidth,pair,8,16,8,2000,4,0
360,raw,contention_split_near2_s0_d0_b1024_r2000_w4_c15,contention,split_near2,0,0,1024,2000,4,15
361,raw,bandwidth_pair_s0_d63_b32768_r2000_w1_c0,bandwidth,pair,0,63,32768,2000,1,0
362,raw,bandwidth_pair_s8_d16_b1024_r2000_w2_c0,bandwidth,pair,8,16,1024,2000,2,0
363,raw,bandwidth_pair_s8_d16_b64_r2000_w4_c0,bandwidth,pair,8,16,64,2000,4,0
364,raw,contention_ring4_s0_d0_b1024_r2000_w1_c0,contention,ring4,0,0,1024,2000,1,0
365,raw,bandwidth_pair_s0_d8_b64_r2000_w2_c0,bandwidth,pair,0,8,64,2000,2,0
366,raw,contention_incast3_s0_d0_b1024_r2000_w1_c10,contention,incast3,0,0,1024,2000,1,10
367,raw,bandwidth_pair_s0_d7_b256_r2000_w16_c0,bandwidth,pair,0,7,256,2000,16,0
368,raw,contention_split_near2_s0_d0_b64_r2000_w4_c10,contention,split_near2,0,0,64,2000,4,10
369,raw,bandwidth_pair_s8_d16_b16_r2000_w16_c0,bandwidth,pair,8,16,16,2000,16,0
370,raw,bandwidth_pair_s0_d56_b4096_r2000_w1_c0,bandwidth,pair,0,56,4096,2000,1,0
371,raw,contention_split_far2_s0_d0_b64_r2000_w4_c10,contention,split_far2,0,0,64,2000,4,10
372,raw,bandwidth_pair_s1_d2_b16384_r2000_w2_c0,bandwidth,pair,1,2,16384,2000,2,0
373,raw,bandwidth_pair_s0_d9_b128_r2000_w1_c0,bandwidth,pair,0,9,128,2000,1,0
374,raw,contention_ring4_s0_d0_b64_r2000_w4_c10,contention,ring4,0,0,64,2000,4,10
375,raw,bandwidth_pair_s8_d16_b256_r2000_w1_c0,bandwidth,pair,8,16,256,2000,1,0
376,raw,bandwidth_pair_s0_d56_b1024_r2000_w2_c0,bandwidth,pair,0,56,1024,2000,2,0
377,raw,bandwidth_pair_s9_d18_b16_r2000_w4_c0,bandwidth,pair,9,18,16,2000,4,0
378,raw,bandwidth_pair_s8_d16_b32_r2000_w4_c0,bandwidth,pair,8,16,32,2000,4,0
379,raw,bandwidth_pair_s1_d2_b16_r2000_w8_c0,bandwidth,pair,1,2,16,2000,8,0
380,raw,bandwidth_pair_s8_d16_b4096_r2000_w4_c0,bandwidth,pair,8,16,4096,2000,4,0
381,raw,bandwidth_pair_s0_d1_b65536_r2000_w1_c0,bandwidth,pair,0,1,65536,2000,1,0
382,raw,contention_single_s0_d0_b1024_r2000_w4_c15,contention,single,0,0,1024,2000,4,15
383,raw,contention_split_side2_s0_d0_b1024_r2000_w1_c5,contention,split_side2,0,0,1024,2000,1,5
384,raw,bandwidth_pair_s0_d9_b16384_r2000_w2_c0,bandwidth,pair,0,9,16384,2000,2,0
385,raw,bandwidth_pair_s0_d56_b128_r2000_w8_c0,bandwidth,pair,0,56,128,2000,8,0
386,raw,bandwidth_pair_s0_d63_b128_r2000_w1_c0,bandwidth,pair,0,63,128,2000,1,0
387,raw,bandwidth_pair_s0_d8_b8_r2000_w8_c0,bandwidth,pair,0,8,8,2000,8,0
388,raw,contention_incast3_s0_d0_b64_r2000_w4_c5,contention,incast3,0,0,64,2000,4,5
389,raw,bandwidth_pair_s1_d2_b32768_r2000_w1_c0,bandwidth,pair,1,2,32768,2000,1,0
390,raw,bandwidth_pair_s0_d8_b64_r2000_w16_c0,bandwidth,pair,0,8,64,2000,16,0
391,raw,contention_split_side2_s0_d0_b64_r2000_w1_c15,contention,split_side2,0,0,64,2000,1,15
392,raw,bandwidth_pair_s0_d56_b1024_r2000_w4_c0,bandwidth,pair,0,56,1024,2000,4,0
393,raw,contention_ring4_s0_d0_b64_r2000_w4_c0,contention,ring4,0,0,64,2000,4,0
394,raw,bandwidth_pair_s8_d16_b16_r2000_w4_c0,bandwidth,pair,8,16,16,2000,4,0
395,raw,bandwidth_pair_s9_d18_b4096_r2000_w8_c0,bandwidth,pair,9,18,4096,2000,8,0
396,raw,bandwidth_pair_s0_d56_b32_r2000_w8_c0,bandwidth,pair,0,56,32,2000,8,0
397,raw,bandwidth_pair_s0_d8_b1024_r2000_w1_c0,bandwidth,pair,0,8,1024,2000,1,0
398,raw,contention_alltoall4_s0_d0_b64_r2000_w4_c15,contention,alltoall4,0,0,64,2000,4,15
399,raw,bandwidth_pair_s0_d9_b32768_r2000_w1_c0,bandwidth,pair,0,9,32768,2000,1,0
400,raw,bandwidth_pair_s0_d7_b32_r2000_w2_c0,bandwidth,pair,0,7,32,2000,2,0
401,raw,bandwidth_pair_s0_d8_b1024_r2000_w16_c0,bandwidth,pair,0,8,1024,2000,16,0
402,raw,bandwidth_pair_s0_d9_b4096_r2000_w8_c0,bandwidth,pair,0,9,4096,2000,8,0
403,raw,bandwidth_pair_s0_d7_b128_r2000_w8_c0,bandwidth,pair,0,7,128,2000,8,0
404,raw,bandwidth_pair_s0_d63_b16_r2000_w2_c0,bandwidth,pair,0,63,16,2000,2,0
405,raw,bandwidth_pair_s0_d8_b4096_r2000_w1_c0,bandwidth,pair,0,8,4096,2000,1,0
406,raw,bandwidth_pair_s0_d9_b16384_r2000_w4_c0,bandwidth,pair,0,9,16384,2000,4,0
407,raw,bandwidth_pair_s0_d9_b64_r2000_w16_c0,bandwidth,pair,0,9,64,2000,16,0
408,raw,contention_alltoall4_s0_d0_b1024_r2000_w1_c5,contention,alltoall4,0,0,1024,2000,1,5
409,raw,bandwidth_pair_s9_d18_b16_r2000_w8_c0,bandwidth,pair,9,18,16,2000,8,0
410,raw,bandwidth_pair_s0_d1_b4096_r2000_w1_c0,bandwidth,pair,0,1,4096,2000,1,0
411,raw,bandwidth_pair_s0_d56_b256_r2000_w16_c0,bandwidth,pair,0,56,256,2000,16,0
412,raw,bandwidth_pair_s1_d2_b128_r2000_w1_c0,bandwidth,pair,1,2,128,2000,1,0
413,raw,bandwidth_pair_s1_d2_b64_r2000_w1_c0,bandwidth,pair,1,2,64,2000,1,0
414,raw,bandwidth_pair_s0_d63_b8_r2000_w16_c0,bandwidth,pair,0,63,8,2000,16,0
415,raw,bandwidth_pair_s8_d16_b256_r2000_w8_c0,bandwidth,pair,8,16,256,2000,8,0
416,raw,bandwidth_pair_s9_d18_b128_r2000_w1_c0,bandwidth,pair,9,18,128,2000,1,0
417,raw,bandwidth_pair_s0_d9_b64_r2000_w4_c0,bandwidth,pair,0,9,64,2000,4,0
418,raw,bandwidth_pair_s1_d2_b32_r2000_w1_c0,bandwidth,pair,1,2,32,2000,1,0
419,raw,bandwidth_pair_s0_d8_b1024_r2000_w2_c0,bandwidth,pair,0,8,1024,2000,2,0
420,raw,bandwidth_pair_s0_d1_b256_r2000_w16_c0,bandwidth,pair,0,1,256,2000,16,0
421,raw,bandwidth_pair_s0_d56_b256_r2000_w8_c0,bandwidth,pair,0,56,256,2000,8,0
422,raw,bandwidth_pair_s0_d9_b16384_r2000_w1_c0,bandwidth,pair,0,9,16384,2000,1,0
423,raw,bandwidth_pair_s0_d9_b1024_r2000_w4_c0,bandwidth,pair,0,9,1024,2000,4,0
424,raw,contention_split_near2_s0_d0_b64_r2000_w1_c0,contention,split_near2,0,0,64,2000,1,0
425,raw,bandwidth_pair_s0_d9_b1024_r2000_w8_c0,bandwidth,pair,0,9,1024,2000,8,0
426,raw,bandwidth_pair_s8_d16_b16_r2000_w1_c0,bandwidth,pair,8,16,16,2000,1,0
427,raw,bandwidth_pair_s1_d2_b32_r2000_w2_c0,bandwidth,pair,1,2,32,2000,2,0
428,raw,bandwidth_pair_s0_d1_b8_r2000_w8_c0,bandwidth,pair,0,1,8,2000,8,0
429,raw,contention_split_far2_s0_d0_b64_r2000_w1_c15,contention,split_far2,0,0,64,2000,1,15
430,raw,bandwidth_pair_s0_d8_b4096_r2000_w2_c0,bandwidth,pair,0,8,4096,2000,2,0
431,raw,contention_alltoall4_s0_d0_b1024_r2000_w4_c10,contention,alltoall4,0,0,1024,2000,4,10
432,raw,bandwidth_pair_s0_d63_b128_r2000_w4_c0,bandwidth,pair,0,63,128,2000,4,0
433,raw,contention_intra2_s0_d0_b64_r2000_w1_c5,contention,intra2,0,0,64,2000,1,5
434,raw,contention_alltoall4_s0_d0_b1024_r2000_w1_c0,contention,alltoall4,0,0,1024,2000,1,0
435,raw,bandwidth_pair_s0_d1_b32_r2000_w4_c0,bandwidth,pair,0,1,32,2000,4,0
436,raw,bandwidth_pair_s8_d16_b64_r2000_w2_c0,bandwidth,pair,8,16,64,2000,2,0
437,raw,bandwidth_pair_s9_d18_b64_r2000_w16_c0,bandwidth,pair,9,18,64,2000,16,0
438,raw,contention_split_near2_s0_d0_b64_r2000_w4_c15,contention,split_near2,0,0,64,2000,4,15
439,raw,bandwidth_pair_s0_d56_b8_r2000_w4_c0,bandwidth,pair,0,56,8,2000,4,0
440,raw,bandwidth_pair_s9_d18_b1024_r2000_w4_c0,bandwidth,pair,9,18,1024,2000,4,0
441,raw,bandwidth_pair_s0_d7_b32_r2000_w8_c0,bandwidth,pair,0,7,32,2000,8,0
442,raw,bandwidth_pair_s9_d18_b128_r2000_w4_c0,bandwidth,pair,9,18,128,2000,4,0
443,raw,bandwidth_pair_s8_d16_b256_r2000_w4_c0,bandwidth,pair,8,16,256,2000,4,0
444,raw,bandwidth_pair_s0_d56_b16384_r2000_w2_c0,bandwidth,pair,0,56,16384,2000,2,0
445,raw,bandwidth_pair_s0_d63_b16_r2000_w16_c0,bandwidth,pair,0,63,16,2000,16,0
446,raw,bandwidth_pair_s8_d16_b32_r2000_w2_c0,bandwidth,pair,8,16,32,2000,2,0
447,raw,bandwidth_pair_s0_d8_b128_r2000_w1_c0,bandwidth,pair,0,8,128,2000,1,0
448,raw,bandwidth_pair_s0_d9_b4096_r2000_w16_c0,bandwidth,pair,0,9,4096,2000,16,0
449,raw,bandwidth_pair_s1_d2_b1024_r2000_w16_c0,bandwidth,pair,1,2,1024,2000,16,0
450,raw,bandwidth_pair_s0_d56_b64_r2000_w2_c0,bandwidth,pair,0,56,64,2000,2,0
451,raw,bandwidth_pair_s1_d2_b16_r2000_w2_c0,bandwidth,pair,1,2,16,2000,2,0
452,raw,bandwidth_pair_s0_d63_b16384_r2000_w4_c0,bandwidth,pair,0,63,16384,2000,4,0
453,raw,contention_ring4_s0_d0_b64_r2000_w1_c0,contention,ring4,0,0,64,2000,1,0
454,raw,bandwidth_pair_s0_d7_b8_r2000_w1_c0,bandwidth,pair,0,7,8,2000,1,0
455,raw,bandwidth_pair_s1_d2_b32_r2000_w8_c0,bandwidth,pair,1,2,32,2000,8,0
456,raw,bandwidth_pair_s0_d63_b32_r2000_w1_c0,bandwidth,pair,0,63,32,2000,1,0
457,raw,bandwidth_pair_s0_d56_b16_r2000_w8_c0,bandwidth,pair,0,56,16,2000,8,0
458,raw,contention_split_side2_s0_d0_b64_r2000_w4_c5,contention,split_side2,0,0,64,2000,4,5
459,raw,contention_split_far2_s0_d0_b64_r2000_w1_c5,contention,split_far2,0,0,64,2000,1,5
460,raw,bandwidth_pair_s0_d56_b4096_r2000_w2_c0,bandwidth,pair,0,56,4096,2000,2,0
461,raw,contention_split_near2_s0_d0_b64_r2000_w4_c5,contention,split_near2,0,0,64,2000,4,5
462,raw,bandwidth_pair_s9_d18_b256_r2000_w1_c0,bandwidth,pair,9,18,256,2000,1,0
463,raw,bandwidth_pair_s9_d18_b256_r2000_w16_c0,bandwidth,pair,9,18,256,2000,16,0
464,raw,bandwidth_pair_s0_d1_b16384_r2000_w2_c0,bandwidth,pair,0,1,16384,2000,2,0
465,raw,bandwidth_pair_s0_d1_b16_r2000_w1_c0,bandwidth,pair,0,1,16,2000,1,0
466,raw,bandwidth_pair_s0_d9_b128_r2000_w8_c0,bandwidth,pair,0,9,128,2000,8,0
467,raw,bandwidth_pair_s9_d18_b32_r2000_w2_c0,bandwidth,pair,9,18,32,2000,2,0
468,raw,bandwidth_pair_s0_d9_b256_r2000_w4_c0,bandwidth,pair,0,9,256,2000,4,0
469,raw,bandwidth_pair_s0_d7_b16_r2000_w4_c0,bandwidth,pair,0,7,16,2000,4,0
470,raw,contention_alltoall4_s0_d0_b1024_r2000_w4_c0,contention,alltoall4,0,0,1024,2000,4,0
471,raw,bandwidth_pair_s0_d1_b1024_r2000_w16_c0,bandwidth,pair,0,1,1024,2000,16,0
472,raw,bandwidth_pair_s8_d16_b16_r2000_w2_c0,bandwidth,pair,8,16,16,2000,2,0
473,raw,bandwidth_pair_s8_d16_b8_r2000_w1_c0,bandwidth,pair,8,16,8,2000,1,0
474,raw,bandwidth_pair_s9_d18_b8_r2000_w2_c0,bandwidth,pair,9,18,8,2000,2,0
475,raw,bandwidth_pair_s8_d16_b8_r2000_w16_c0,bandwidth,pair,8,16,8,2000,16,0
476,raw,bandwidth_pair_s8_d16_b64_r2000_w8_c0,bandwidth,pair,8,16,64,2000,8,0
477,raw,bandwidth_pair_s0_d56_b128_r2000_w4_c0,bandwidth,pair,0,56,128,2000,4,0
478,raw,contention_alltoall4_s0_d0_b64_r2000_w4_c5,contention,alltoall4,0,0,64,2000,4,5
479,raw,bandwidth_pair_s0_d56_b16384_r2000_w4_c0,bandwidth,pair,0,56,16384,2000,4,0
480,raw,bandwidth_pair_s9_d18_b1024_r2000_w1_c0,bandwidth,pair,9,18,1024,2000,1,0
481,raw,bandwidth_pair_s0_d56_b65536_r2000_w1_c0,bandwidth,pair,0,56,65536,2000,1,0
482,raw,contention_intra2_s0_d0_b64_r2000_w1_c0,contention,intra2,0,0,64,2000,1,0
483,raw,bandwidth_pair_s0_d8_b64_r2000_w4_c0,bandwidth,pair,0,8,64,2000,4,0
484,raw,bandwidth_pair_s0_d8_b16384_r2000_w2_c0,bandwidth,pair,0,8,16384,2000,2,0
485,raw,contention_split_far2_s0_d0_b64_r2000_w4_c5,contention,split_far2,0,0,64,2000,4,5
486,raw,contention_incast3_s0_d0_b1024_r2000_w4_c0,contention,incast3,0,0,1024,2000,4,0
487,raw,bandwidth_pair_s0_d9_b4096_r2000_w4_c0,bandwidth,pair,0,9,4096,2000,4,0
488,raw,bandwidth_pair_s1_d2_b256_r2000_w8_c0,bandwidth,pair,1,2,256,2000,8,0
489,raw,contention_ring4_s0_d0_b64_r2000_w4_c15,contention,ring4,0,0,64,2000,4,15
490,raw,contention_split_far2_s0_d0_b64_r2000_w1_c0,contention,split_far2,0,0,64,2000,1,0
491,raw,bandwidth_pair_s0_d63_b64_r2000_w16_c0,bandwidth,pair,0,63,64,2000,16,0
492,raw,bandwidth_pair_s0_d7_b16384_r2000_w1_c0,bandwidth,pair,0,7,16384,2000,1,0
493,raw,bandwidth_pair_s0_d8_b1024_r2000_w8_c0,bandwidth,pair,0,8,1024,2000,8,0
494,raw,bandwidth_pair_s0_d8_b8_r2000_w4_c0,bandwidth,pair,0,8,8,2000,4,0
495,raw,bandwidth_pair_s8_d16_b65536_r2000_w1_c0,bandwidth,pair,8,16,65536,2000,1,0
496,raw,contention_split_far2_s0_d0_b1024_r2000_w1_c10,contention,split_far2,0,0,1024,2000,1,10
497,raw,contention_incast3_s0_d0_b1024_r2000_w1_c5,contention,incast3,0,0,1024,2000,1,5
498,raw,bandwidth_pair_s0_d63_b256_r2000_w2_c0,bandwidth,pair,0,63,256,2000,2,0
499,raw,bandwidth_pair_s9_d18_b4096_r2000_w16_c0,bandwidth,pair,9,18,4096,2000,16,0
500,raw,bandwidth_pair_s0_d1_b16384_r2000_w4_c0,bandwidth,pair,0,1,16384,2000,4,0
501,raw,bandwidth_pair_s0_d56_b128_r2000_w1_c0,bandwidth,pair,0,56,128,2000,1,0
502,raw,bandwidth_pair_s9_d18_b64_r2000_w4_c0,bandwidth,pair,9,18,64,2000,4,0
503,raw,bandwidth_pair_s0_d1_b64_r2000_w2_c0,bandwidth,pair,0,1,64,2000,2,0
504,raw,bandwidth_pair_s0_d7_b64_r2000_w1_c0,bandwidth,pair,0,7,64,2000,1,0
505,raw,contention_single_s0_d0_b64_r2000_w4_c5,contention,single,0,0,64,2000,4,5
506,raw,contention_single_s0_d0_b1024_r2000_w1_c10,contention,single,0,0,1024,2000,1,10
507,raw,bandwidth_pair_s0_d9_b8_r2000_w4_c0,bandwidth,pair,0,9,8,2000,4,0
508,raw,bandwidth_pair_s9_d18_b128_r2000_w8_c0,bandwidth,pair,9,18,128,2000,8,0
509,raw,bandwidth_pair_s8_d16_b128_r2000_w16_c0,bandwidth,pair,8,16,128,2000,16,0
510,raw,bandwidth_pair_s0_d7_b128_r2000_w4_c0,bandwidth,pair,0,7,128,2000,4,0
511,raw,bandwidth_pair_s1_d2_b1024_r2000_w4_c0,bandwidth,pair,1,2,1024,2000,4,0
512,raw,bandwidth_pair_s0_d7_b1024_r2000_w8_c0,bandwidth,pair,0,7,1024,2000,8,0
513,raw,bandwidth_pair_s0_d7_b4096_r2000_w4_c0,bandwidth,pair,0,7,4096,2000,4,0
514,raw,bandwidth_pair_s8_d16_b4096_r2000_w8_c0,bandwidth,pair,8,16,4096,2000,8,0
515,raw,bandwidth_pair_s0_d56_b8_r2000_w16_c0,bandwidth,pair,0,56,8,2000,16,0
516,raw,bandwidth_pair_s8_d16_b32768_r2000_w2_c0,bandwidth,pair,8,16,32768,2000,2,0
517,raw,bandwidth_pair_s0_d63_b1024_r2000_w1_c0,bandwidth,pair,0,63,1024,2000,1,0
518,raw,bandwidth_pair_s9_d18_b256_r2000_w4_c0,bandwidth,pair,9,18,256,2000,4,0
519,raw,bandwidth_pair_s0_d56_b16_r2000_w2_c0,bandwidth,pair,0,56,16,2000,2,0
520,raw,bandwidth_pair_s0_d63_b16_r2000_w1_c0,bandwidth,pair,0,63,16,2000,1,0
521,raw,bandwidth_pair_s0_d1_b8_r2000_w4_c0,bandwidth,pair,0,1,8,2000,4,0
522,raw,bandwidth_pair_s8_d16_b4096_r2000_w16_c0,bandwidth,pair,8,16,4096,2000,16,0
523,raw,bandwidth_pair_s8_d16_b32_r2000_w16_c0,bandwidth,pair,8,16,32,2000,16,0
524,raw,contention_alltoall4_s0_d0_b64_r2000_w1_c10,contention,alltoall4,0,0,64,2000,1,10
525,raw,bandwidth_pair_s8_d16_b128_r2000_w1_c0,bandwidth,pair,8,16,128,2000,1,0
526,raw,bandwidth_pair_s1_d2_b16_r2000_w16_c0,bandwidth,pair,1,2,16,2000,16,0
527,raw,bandwidth_pair_s0_d56_b64_r2000_w1_c0,bandwidth,pair,0,56,64,2000,1,0
528,raw,bandwidth_pair_s9_d18_b65536_r2000_w1_c0,bandwidth,pair,9,18,65536,2000,1,0
529,raw,bandwidth_pair_s9_d18_b16384_r2000_w1_c0,bandwidth,pair,9,18,16384,2000,1,0
530,raw,contention_alltoall4_s0_d0_b1024_r2000_w1_c15,contention,alltoall4,0,0,1024,2000,1,15
531,raw,bandwidth_pair_s8_d16_b32768_r2000_w1_c0,bandwidth,pair,8,16,32768,2000,1,0
532,raw,bandwidth_pair_s0_d56_b32768_r2000_w1_c0,bandwidth,pair,0,56,32768,2000,1,0
533,raw,bandwidth_pair_s0_d7_b1024_r2000_w4_c0,bandwidth,pair,0,7,1024,2000,4,0
534,raw,bandwidth_pair_s0_d56_b8_r2000_w1_c0,bandwidth,pair,0,56,8,2000,1,0
535,raw,bandwidth_pair_s0_d9_b65536_r2000_w1_c0,bandwidth,pair,0,9,65536,2000,1,0
536,raw,contention_ring4_s0_d0_b1024_r2000_w1_c10,contention,ring4,0,0,1024,2000,1,10
537,raw,bandwidth_pair_s9_d18_b1024_r2000_w2_c0,bandwidth,pair,9,18,1024,2000,2,0
538,raw,bandwidth_pair_s0_d8_b16_r2000_w4_c0,bandwidth,pair,0,8,16,2000,4,0
539,raw,bandwidth_pair_s0_d7_b4096_r2000_w1_c0,bandwidth,pair,0,7,4096,2000,1,0
540,raw,latency_pingpong_matrix_s0_d0_b32_r2000_w1_c0,latency,pingpong_matrix,0,0,32,2000,1,0
541,raw,bandwidth_pair_s9_d18_b32768_r2000_w1_c0,bandwidth,pair,9,18,32768,2000,1,0
542,raw,bandwidth_pair_s9_d18_b128_r2000_w16_c0,bandwidth,pair,9,18,128,2000,16,0
543,raw,bandwidth_pair_s1_d2_b64_r2000_w8_c0,bandwidth,pair,1,2,64,2000,8,0
544,raw,contention_split_side2_s0_d0_b1024_r2000_w4_c15,contention,split_side2,0,0,1024,2000,4,15
545,raw,contention_ring4_s0_d0_b64_r2000_w4_c5,contention,ring4,0,0,64,2000,4,5
546,raw,bandwidth_pair_s0_d7_b16384_r2000_w2_c0,bandwidth,pair,0,7,16384,2000,2,0
547,raw,bandwidth_pair_s0_d56_b4096_r2000_w16_c0,bandwidth,pair,0,56,4096,2000,16,0
548,raw,contention_ring4_s0_d0_b1024_r2000_w4_c5,contention,ring4,0,0,1024,2000,4,5
549,raw,bandwidth_pair_s0_d7_b4096_r2000_w16_c0,bandwidth,pair,0,7,4096,2000,16,0
550,raw,bandwidth_pair_s0_d56_b256_r2000_w4_c0,bandwidth,pair,0,56,256,2000,4,0
551,raw,contention_alltoall4_s0_d0_b64_r2000_w1_c15,contention,alltoall4,0,0,64,2000,1,15
552,raw,contention_incast3_s0_d0_b1024_r2000_w4_c10,contention,incast3,0,0,1024,2000,4,10
553,raw,bandwidth_pair_s0_d8_b64_r2000_w8_c0,bandwidth,pair,0,8,64,2000,8,0
554,raw,bandwidth_pair_s0_d56_b1024_r2000_w16_c0,bandwidth,pair,0,56,1024,2000,16,0
555,raw,bandwidth_pair_s9_d18_b1024_r2000_w8_c0,bandwidth,pair,9,18,1024,2000,8,0
556,raw,contention_incast3_s0_d0_b64_r2000_w1_c15,contention,incast3,0,0,64,2000,1,15
557,raw,bandwidth_pair_s9_d18_b4096_r2000_w1_c0,bandwidth,pair,9,18,4096,2000,1,0
558,raw,latency_pingpong_matrix_s0_d0_b256_r2000_w1_c0,latency,pingpong_matrix,0,0,256,2000,1,0
559,raw,bandwidth_pair_s1_d2_b64_r2000_w4_c0,bandwidth,pair,1,2,64,2000,4,0
560,raw,bandwidth_pair_s0_d1_b32_r2000_w2_c0,bandwidth,pair,0,1,32,2000,2,0
561,raw,contention_split_near2_s0_d0_b1024_r2000_w4_c0,contention,split_near2,0,0,1024,2000,4,0
562,raw,bandwidth_pair_s0_d9_b256_r2000_w8_c0,bandwidth,pair,0,9,256,2000,8,0
563,raw,bandwidth_pair_s1_d2_b65536_r2000_w1_c0,bandwidth,pair,1,2,65536,2000,1,0
564,raw,bandwidth_pair_s1_d2_b4096_r2000_w4_c0,bandwidth,pair,1,2,4096,2000,4,0
565,raw,bandwidth_pair_s0_d1_b128_r2000_w16_c0,bandwidth,pair,0,1,128,2000,16,0
566,raw,bandwidth_pair_s0_d1_b128_r2000_w4_c0,bandwidth,pair,0,1,128,2000,4,0
