benchmark,mode,bytes,reps,active_pes,offset,pe,cycles,cycles_per_op,aggregate_bytes_per_cycle,errors
dma,iput,16,10000,64,4,0,19722133,1972.213300,,0
dma,iput,16,10000,64,4,1,20306456,2030.645600,,0
dma,iput,16,10000,64,4,2,25461406,2546.140600,,0
dma,iput,16,10000,64,4,3,26014482,2601.448200,,0
dma,iput,16,10000,64,4,4,19463838,1946.383800,,0
dma,iput,16,10000,64,4,5,20239862,2023.986200,,0
dma,iput,16,10000,64,4,6,25197304,2519.730400,,0
dma,iput,16,10000,64,4,7,25946631,2594.663100,,0
dma,iput,16,10000,64,4,8,19722128,1972.212800,,0
dma,iput,16,10000,64,4,9,20305607,2030.560700,,0
dma,iput,16,10000,64,4,10,25466343,2546.634300,,0
dma,iput,16,10000,64,4,11,26012887,2601.288700,,0
dma,iput,16,10000,64,4,12,19457187,1945.718700,,0
dma,iput,16,10000,64,4,13,20238423,2023.842300,,0
dma,iput,16,10000,64,4,14,25197289,2519.728900,,0
dma,iput,16,10000,64,4,15,25939005,2593.900500,,0
dma,iput,16,10000,64,4,16,19936696,1993.669600,,0
dma,iput,16,10000,64,4,17,20314122,2031.412200,,0
dma,iput,16,10000,64,4,18,25641419,2564.141900,,0
dma,iput,16,10000,64,4,19,26019217,2601.921700,,0
dma,iput,16,10000,64,4,20,19724165,1972.416500,,0
dma,iput,16,10000,64,4,21,20256982,2025.698200,,0
dma,iput,16,10000,64,4,22,25375733,2537.573300,,0
dma,iput,16,10000,64,4,23,25943943,2594.394300,,0
dma,iput,16,10000,64,4,24,19933948,1993.394800,,0
dma,iput,16,10000,64,4,25,20313282,2031.328200,,0
dma,iput,16,10000,64,4,26,25636463,2563.646300,,0
dma,iput,16,10000,64,4,27,26016078,2601.607800,,0
dma,iput,16,10000,64,4,28,19725264,1972.526400,,0
dma,iput,16,10000,64,4,29,20250174,2025.017400,,0
dma,iput,16,10000,64,4,30,25382605,2538.260500,,0
dma,iput,16,10000,64,4,31,25943209,2594.320900,,0
dma,iput,16,10000,64,4,32,20051013,2005.101300,,0
dma,iput,16,10000,64,4,33,20318472,2031.847200,,0
dma,iput,16,10000,64,4,34,25712103,2571.210300,,0
dma,iput,16,10000,64,4,35,26021403,2602.140300,,0
dma,iput,16,10000,64,4,36,19838917,1983.891700,,0
dma,iput,16,10000,64,4,37,20268087,2026.808700,,0
dma,iput,16,10000,64,4,38,25477036,2547.703600,,0
dma,iput,16,10000,64,4,39,25953602,2595.360200,,0
dma,iput,16,10000,64,4,40,20051649,2005.164900,,0
dma,iput,16,10000,64,4,41,20318692,2031.869200,,0
dma,iput,16,10000,64,4,42,25717076,2571.707600,,0
dma,iput,16,10000,64,4,43,26023237,2602.323700,,0
dma,iput,16,10000,64,4,44,19837149,1983.714900,,0
dma,iput,16,10000,64,4,45,20267417,2026.741700,,0
dma,iput,16,10000,64,4,46,25476147,2547.614700,,0
dma,iput,16,10000,64,4,47,25952017,2595.201700,,0
dma,iput,16,10000,64,4,48,20114323,2011.432300,,0
dma,iput,16,10000,64,4,49,20321068,2032.106800,,0
dma,iput,16,10000,64,4,50,25772297,2577.229700,,0
dma,iput,16,10000,64,4,51,26023263,2602.326300,,0
dma,iput,16,10000,64,4,52,19905039,1990.503900,,0
dma,iput,16,10000,64,4,53,20278340,2027.834000,,0
dma,iput,16,10000,64,4,54,25525906,2552.590600,,0
dma,iput,16,10000,64,4,55,25955899,2595.589900,,0
dma,iput,16,10000,64,4,56,20111792,2011.179200,,0
dma,iput,16,10000,64,4,57,20322304,2032.230400,,0
dma,iput,16,10000,64,4,58,25773838,2577.383800,,0
dma,iput,16,10000,64,4,59,26023334,2602.333400,,0
dma,iput,16,10000,64,4,60,19907577,1990.757700,,0
dma,iput,16,10000,64,4,61,20276270,2027.627000,,0
dma,iput,16,10000,64,4,62,25524188,2552.418800,,0
dma,iput,16,10000,64,4,63,25953963,2595.396300,,0
dma,iput,16,10000,64,4,aggregate,26023334,2602.333400,0.393493009,0
