mapping,mapping_seed,pe,slot
identity,20261005,0,0
identity,20261005,1,1
identity,20261005,2,2
identity,20261005,3,3
identity,20261005,4,4
identity,20261005,5,5
identity,20261005,6,6
identity,20261005,7,7
identity,20261005,8,8
identity,20261005,9,9
identity,20261005,10,10
identity,20261005,11,11
identity,20261005,12,12
identity,20261005,13,13
identity,20261005,14,14
identity,20261005,15,15
identity,20261005,16,16
identity,20261005,17,17
identity,20261005,18,18
identity,20261005,19,19
identity,20261005,20,20
identity,20261005,21,21
identity,20261005,22,22
identity,20261005,23,23
identity,20261005,24,24
identity,20261005,25,25
identity,20261005,26,26
identity,20261005,27,27
identity,20261005,28,28
identity,20261005,29,29
identity,20261005,30,30
identity,20261005,31,31
identity,20261005,32,32
identity,20261005,33,33
identity,20261005,34,34
identity,20261005,35,35
identity,20261005,36,36
identity,20261005,37,37
identity,20261005,38,38
identity,20261005,39,39
identity,20261005,40,40
identity,20261005,41,41
identity,20261005,42,42
identity,20261005,43,43
identity,20261005,44,44
identity,20261005,45,45
identity,20261005,46,46
identity,20261005,47,47
identity,20261005,48,48
identity,20261005,49,49
identity,20261005,50,50
identity,20261005,51,51
identity,20261005,52,52
identity,20261005,53,53
identity,20261005,54,54
identity,20261005,55,55
identity,20261005,56,56
identity,20261005,57,57
identity,20261005,58,58
identity,20261005,59,59
identity,20261005,60,60
identity,20261005,61,61
identity,20261005,62,62
identity,20261005,63,63
reverse,20261005,0,63
reverse,20261005,1,62
reverse,20261005,2,61
reverse,20261005,3,60
reverse,20261005,4,59
reverse,20261005,5,58
reverse,20261005,6,57
reverse,20261005,7,56
reverse,20261005,8,55
reverse,20261005,9,54
reverse,20261005,10,53
reverse,20261005,11,52
reverse,20261005,12,51
reverse,20261005,13,50
reverse,20261005,14,49
reverse,20261005,15,48
reverse,20261005,16,47
reverse,20261005,17,46
reverse,20261005,18,45
reverse,20261005,19,44
reverse,20261005,20,43
reverse,20261005,21,42
reverse,20261005,22,41
reverse,20261005,23,40
reverse,20261005,24,39
reverse,20261005,25,38
reverse,20261005,26,37
reverse,20261005,27,36
reverse,20261005,28,35
reverse,20261005,29,34
reverse,20261005,30,33
reverse,20261005,31,32
reverse,20261005,32,31
reverse,20261005,33,30
reverse,20261005,34,29
reverse,20261005,35,28
reverse,20261005,36,27
reverse,20261005,37,26
reverse,20261005,38,25
reverse,20261005,39,24
reverse,20261005,40,23
reverse,20261005,41,22
reverse,20261005,42,21
reverse,20261005,43,20
reverse,20261005,44,19
reverse,20261005,45,18
reverse,20261005,46,17
reverse,20261005,47,16
reverse,20261005,48,15
reverse,20261005,49,14
reverse,20261005,50,13
reverse,20261005,51,12
reverse,20261005,52,11
reverse,20261005,53,10
reverse,20261005,54,9
reverse,20261005,55,8
reverse,20261005,56,7
reverse,20261005,57,6
reverse,20261005,58,5
reverse,20261005,59,4
reverse,20261005,60,3
reverse,20261005,61,2
reverse,20261005,62,1
reverse,20261005,63,0
transpose,20261005,0,0
transpose,20261005,1,8
transpose,20261005,2,16
transpose,20261005,3,24
transpose,20261005,4,32
transpose,20261005,5,40
transpose,20261005,6,48
transpose,20261005,7,56
transpose,20261005,8,1
transpose,20261005,9,9
transpose,20261005,10,17
transpose,20261005,11,25
transpose,20261005,12,33
transpose,20261005,13,41
transpose,20261005,14,49
transpose,20261005,15,57
transpose,20261005,16,2
transpose,20261005,17,10
transpose,20261005,18,18
transpose,20261005,19,26
transpose,20261005,20,34
transpose,20261005,21,42
transpose,20261005,22,50
transpose,20261005,23,58
transpose,20261005,24,3
transpose,20261005,25,11
transpose,20261005,26,19
transpose,20261005,27,27
transpose,20261005,28,35
transpose,20261005,29,43
transpose,20261005,30,51
transpose,20261005,31,59
transpose,20261005,32,4
transpose,20261005,33,12
transpose,20261005,34,20
transpose,20261005,35,28
transpose,20261005,36,36
transpose,20261005,37,44
transpose,20261005,38,52
transpose,20261005,39,60
transpose,20261005,40,5
transpose,20261005,41,13
transpose,20261005,42,21
transpose,20261005,43,29
transpose,20261005,44,37
transpose,20261005,45,45
transpose,20261005,46,53
transpose,20261005,47,61
transpose,20261005,48,6
transpose,20261005,49,14
transpose,20261005,50,22
transpose,20261005,51,30
transpose,20261005,52,38
transpose,20261005,53,46
transpose,20261005,54,54
transpose,20261005,55,62
transpose,20261005,56,7
transpose,20261005,57,15
transpose,20261005,58,23
transpose,20261005,59,31
transpose,20261005,60,39
transpose,20261005,61,47
transpose,20261005,62,55
transpose,20261005,63,63
shuffle,20261005,0,51
shuffle,20261005,1,60
shuffle,20261005,2,14
shuffle,20261005,3,31
shuffle,20261005,4,43
shuffle,20261005,5,15
shuffle,20261005,6,27
shuffle,20261005,7,41
shuffle,20261005,8,61
shuffle,20261005,9,39
shuffle,20261005,10,59
shuffle,20261005,11,33
shuffle,20261005,12,6
shuffle,20261005,13,54
shuffle,20261005,14,36
shuffle,20261005,15,40
shuffle,20261005,16,9
shuffle,20261005,17,20
shuffle,20261005,18,30
shuffle,20261005,19,50
shuffle,20261005,20,38
shuffle,20261005,21,8
shuffle,20261005,22,0
shuffle,20261005,23,21
shuffle,20261005,24,55
shuffle,20261005,25,24
shuffle,20261005,26,22
shuffle,20261005,27,25
shuffle,20261005,28,44
shuffle,20261005,29,13
shuffle,20261005,30,53
shuffle,20261005,31,32
shuffle,20261005,32,56
shuffle,20261005,33,28
shuffle,20261005,34,1
shuffle,20261005,35,23
shuffle,20261005,36,16
shuffle,20261005,37,48
shuffle,20261005,38,5
shuffle,20261005,39,10
shuffle,20261005,40,46
shuffle,20261005,41,35
shuffle,20261005,42,58
shuffle,20261005,43,52
shuffle,20261005,44,17
shuffle,20261005,45,62
shuffle,20261005,46,47
shuffle,20261005,47,29
shuffle,20261005,48,34
shuffle,20261005,49,7
shuffle,20261005,50,11
shuffle,20261005,51,2
shuffle,20261005,52,57
shuffle,20261005,53,19
shuffle,20261005,54,12
shuffle,20261005,55,45
shuffle,20261005,56,4
shuffle,20261005,57,49
shuffle,20261005,58,42
shuffle,20261005,59,18
shuffle,20261005,60,37
shuffle,20261005,61,26
shuffle,20261005,62,3
shuffle,20261005,63,63
