group,probe_src,probe_dst,background_src,background_dst,probe_bytes,reply_bytes,background_bytes,window,category,XY_forward_same_direction,XY_forward_opposite_direction,XY_forward_shared_internal_nodes,XY_reply_same_direction,XY_reply_opposite_direction,XY_reply_shared_internal_nodes,YX_forward_same_direction,YX_forward_opposite_direction,YX_forward_shared_internal_nodes,YX_reply_same_direction,YX_reply_opposite_direction,YX_reply_shared_internal_nodes
g0017,0,54,2,4,8,8,4096,4,XY_forward,1,0,2,0,0,0,0,0,0,0,1,2
g0018,0,54,2,4,1024,8,4096,4,XY_forward,1,0,2,0,0,0,0,0,0,0,1,2
g0019,0,54,4,6,8,8,4096,4,XY_forward,1,0,2,0,0,0,0,0,0,0,1,2
g0020,0,54,4,6,1024,8,4096,4,XY_forward,1,0,2,0,0,0,0,0,0,0,1,2
g0021,0,54,16,32,8,8,4096,4,YX_forward,0,0,0,0,1,2,1,0,2,0,0,0
g0022,0,54,16,32,1024,8,4096,4,YX_forward,0,0,0,0,1,2,1,0,2,0,0,0
g0023,0,54,32,48,8,8,4096,4,YX_forward,0,0,0,0,1,2,1,0,2,0,0,0
g0024,0,54,32,48,1024,8,4096,4,YX_forward,0,0,0,0,1,2,1,0,2,0,0,0
g0025,0,54,2,18,8,8,4096,4,neither_forward,0,0,1,0,0,0,0,0,0,0,0,1
g0026,0,54,2,18,1024,8,4096,4,neither_forward,0,0,1,0,0,0,0,0,0,0,0,1
g0027,0,54,4,2,8,8,4096,4,neither_forward,0,1,2,0,0,0,0,0,0,1,0,2
g0028,0,54,4,2,1024,8,4096,4,neither_forward,0,1,2,0,0,0,0,0,0,1,0,2
g0029,54,0,32,16,8,8,4096,4,XY_forward,1,0,2,0,0,0,0,0,0,0,1,2
g0030,54,0,32,16,1024,8,4096,4,XY_forward,1,0,2,0,0,0,0,0,0,0,1,2
g0031,54,0,48,32,8,8,4096,4,XY_forward,1,0,2,0,0,0,0,0,0,0,1,2
g0032,54,0,48,32,1024,8,4096,4,XY_forward,1,0,2,0,0,0,0,0,0,0,1,2
g0033,54,0,4,2,8,8,4096,4,YX_forward,0,0,0,0,1,2,1,0,2,0,0,0
g0034,54,0,4,2,1024,8,4096,4,YX_forward,0,0,0,0,1,2,1,0,2,0,0,0
g0035,54,0,6,4,8,8,4096,4,YX_forward,0,0,0,0,1,2,1,0,2,0,0,0
g0036,54,0,6,4,1024,8,4096,4,YX_forward,0,0,0,0,1,2,1,0,2,0,0,0
g0037,54,0,2,4,8,8,4096,4,neither_forward,0,0,0,1,0,2,0,1,2,0,0,0
g0038,54,0,2,4,1024,8,4096,4,neither_forward,0,0,0,1,0,2,0,1,2,0,0,0
g0039,54,0,2,18,8,8,4096,4,neither_forward,0,0,0,0,0,1,0,0,1,0,0,0
g0040,54,0,2,18,1024,8,4096,4,neither_forward,0,0,0,0,0,1,0,0,1,0,0,0
