repeat,group,case_id,bg_src,bg_dst,sent,source_cycles,B_per_cycle,source_duration_over_probe
repeat_01,g0022,g0022_treatment_00000,32,50,4872,22254007,0.896724441580341,1.0039300506295652
repeat_01,g0022,g0022_treatment_00003,32,50,4856,22181238,0.8967117164515344,1.003605493569207
repeat_01,g0001,g0001_treatment_00005,2,4,5036,22607085,0.9124332482493873,1.0035444201573038
repeat_01,g0001,g0001_treatment_00006,2,4,5052,22635104,0.9141991130237351,1.0031445456620347
repeat_01,g0004,g0004_treatment_00009,16,32,5892,17104176,1.4109789328641147,1.0039296303283176
repeat_01,g0004,g0004_treatment_00010,16,32,5888,17098857,1.4104596582099025,1.003935632033817
repeat_01,g0036,g0036_treatment_00012,4,2,6044,17157633,1.4428694214405915,1.00374384924636
repeat_01,g0036,g0036_treatment_00015,4,2,6032,17092890,1.4454590183403744,1.0032571290086156
repeat_01,g0032,g0032_treatment_00016,32,16,6064,19982581,1.24298978195059,1.0034198740654787
repeat_01,g0032,g0032_treatment_00019,32,16,6064,19982310,1.243006639372525,1.0035421747097535
repeat_01,g0000,g0000_treatment_00021,2,4,4928,22286572,0.9057062701253472,1.0031928857327541
repeat_01,g0000,g0000_treatment_00022,2,4,4936,22361327,0.9041438372597476,1.0034574596980472
repeat_01,g0046,g0046_treatment_00025,38,16,5872,17098326,1.4066705711424616,1.004021529268625
repeat_01,g0046,g0046_treatment_00026,38,16,5880,17108727,1.4077306862164556,1.0032573987089093
repeat_01,g0047,g0047_treatment_00028,38,16,5912,17208768,1.4071636040418465,1.0034256523812395
repeat_01,g0047,g0047_treatment_00031,38,16,5916,17220644,1.407144587624017,1.0035973715590558
repeat_01,g0035,g0035_treatment_00033,48,32,5732,17151833,1.3688491486595047,1.0033269456803027
repeat_01,g0035,g0035_treatment_00034,48,32,5736,17160737,1.3690936467355685,1.0033600594132035
repeat_01,g0058,g0058_treatment_00036,2,20,6164,19785960,1.2760434166449341,1.0032318876881001
repeat_01,g0058,g0058_treatment_00039,2,20,6164,19779250,1.2764763072411744,1.0034791810507941
repeat_01,g0009,g0009_treatment_00041,2,18,5008,22561282,0.909202234163821,1.0033958750853795
repeat_01,g0009,g0009_treatment_00042,2,18,5012,22533039,0.9110689419212384,1.003244499473223
repeat_01,g0026,g0026_treatment_00044,20,2,5892,17067875,1.4139798891191786,1.003519871138356
repeat_01,g0026,g0026_treatment_00047,20,2,5892,17096851,1.4115834547543287,1.0033638245836902
repeat_01,g0007,g0007_treatment_00048,32,48,4892,22317822,0.8978309801019114,1.003269620544112
repeat_01,g0007,g0007_treatment_00051,32,48,4892,22338496,0.897000048705159,1.0036827843334069
repeat_01,g0003,g0003_treatment_00053,4,6,6104,17246246,1.4497058664244962,1.0035304612770257
repeat_01,g0003,g0003_treatment_00054,4,6,6100,17294416,1.4447206543429971,1.0035456910430218
repeat_01,g0055,g0055_treatment_00057,50,32,5772,17057586,1.3860174587424035,1.003520939080247
repeat_01,g0055,g0055_treatment_00058,50,32,5776,17073233,1.3857068547005713,1.0037040660129972
repeat_01,g0037,g0037_treatment_00060,4,2,6136,17372380,1.446724973780219,1.003404523515725
repeat_01,g0037,g0037_treatment_00063,4,2,6136,17376961,1.44634358102087,1.0032397378280484
repeat_01,g0013,g0013_treatment_00064,34,16,5952,17182754,1.4188291353062494,1.0037444532730202
repeat_01,g0013,g0013_treatment_00067,34,16,5960,17192255,1.4199510186418245,1.0037079780873575
repeat_01,g0015,g0015_treatment_00069,2,52,5032,22648917,0.91002461618805,1.0031838103106183
repeat_01,g0015,g0015_treatment_00070,2,52,5028,22562447,0.9127860998410323,1.0032076040580504
repeat_01,g0038,g0038_treatment_00072,6,4,5944,16882541,1.442118458352922,1.00371282176773
repeat_01,g0038,g0038_treatment_00075,6,4,5960,16939918,1.4411026074624447,1.0033716768483125
repeat_01,g0039,g0039_treatment_00076,6,4,6028,17119457,1.4422588286532687,1.003685495258579
repeat_01,g0039,g0039_treatment_00079,6,4,6028,17120226,1.4421940458029001,1.003519540412875
repeat_01,g0011,g0011_treatment_00080,4,2,6104,17260799,1.4484835841029144,1.003412432599791
repeat_01,g0011,g0011_treatment_00083,4,2,6108,17302927,1.4459038057549454,1.0032111822078764
repeat_01,g0051,g0051_treatment_00085,16,2,5900,17143285,1.4096714836158881,1.0038584343640742
repeat_01,g0051,g0051_treatment_00086,16,2,5896,17122917,1.4103914654261305,1.003453354312406
repeat_01,g0017,g0017_treatment_00088,4,22,6104,17266897,1.447972035739832,1.0035699684879358
repeat_01,g0017,g0017_treatment_00091,4,22,6108,17261653,1.4493610779917776,1.003425503808263
repeat_01,g0010,g0010_treatment_00093,4,2,6076,17178641,1.4487348562671518,1.003109125184609
repeat_01,g0010,g0010_treatment_00094,4,2,6072,17168226,1.4486594013848606,1.0034389893688185
repeat_01,g0023,g0023_treatment_00096,32,50,4896,22314348,0.8987049946518715,1.0032053155295415
repeat_01,g0023,g0023_treatment_00099,32,50,4896,22335058,0.897871677790136,1.003326038518366
repeat_01,g0020,g0020_treatment_00100,2,20,4940,22309327,0.9069856746463038,1.0034529087068695
repeat_01,g0020,g0020_treatment_00103,2,20,4960,22367895,0.9082732192725332,1.0036814389542494
repeat_01,g0060,g0060_treatment_00105,34,16,5904,17106654,1.413647812132051,1.0038968911841082
repeat_01,g0060,g0060_treatment_00106,34,16,5904,17132148,1.411544191656528,1.0036932804979195
repeat_01,g0031,g0031_treatment_00109,18,32,6000,17144585,1.4334555196290841,1.0036663834048045
repeat_01,g0031,g0031_treatment_00110,18,32,5980,17111717,1.4314215224573898,1.0033356536929015
repeat_01,g0044,g0044_treatment_00113,16,34,5832,16932195,1.4107959422862777,1.0037463993858082
repeat_01,g0044,g0044_treatment_00114,16,34,5836,16945078,1.4106902311101783,1.0036097208674821
repeat_01,g0018,g0018_treatment_00116,2,16,4940,22292706,0.9076619051989472,1.0036690930539538
repeat_01,g0018,g0018_treatment_00119,2,16,4936,22252249,0.9085758477716117,1.003156490435971
repeat_01,g0049,g0049_treatment_00121,22,4,4872,22528536,0.8857971063898693,1.0035952248571365
repeat_01,g0049,g0049_treatment_00122,22,4,4856,22454541,0.8857974874658984,1.0032036604480024
repeat_01,g0027,g0027_treatment_00124,20,2,5932,17144162,1.4172446573941613,1.0031680477846134
repeat_01,g0027,g0027_treatment_00127,20,2,5924,17111428,1.4180408555031176,1.003248118495115
repeat_01,g0028,g0028_treatment_00128,16,34,5896,17113222,1.41119048183913,1.0033629489540958
repeat_01,g0028,g0028_treatment_00131,16,34,5888,17092436,1.410989516064299,1.0034080484986188
repeat_01,g0057,g0057_treatment_00133,18,32,5852,17142586,1.398259982478723,1.0034205391207955
repeat_01,g0057,g0057_treatment_00134,18,32,5848,17102660,1.4005662277096078,1.003821205341893
repeat_01,g0063,g0063_treatment_00137,20,50,5876,17038957,1.4125334080014404,1.003902556573136
repeat_01,g0063,g0063_treatment_00138,20,50,5876,17049375,1.4116702811686646,1.0039972332237395
repeat_01,g0048,g0048_treatment_00140,22,4,4672,21972472,0.8709312270371763,1.0033913277287347
repeat_01,g0048,g0048_treatment_00143,22,4,4636,21882398,0.8677776539847233,1.0033905197140045
repeat_01,g0033,g0033_treatment_00145,32,16,6076,19995214,1.2446626477716118,1.0032340970909484
repeat_01,g0033,g0033_treatment_00146,32,16,6064,20013226,1.241086469517708,1.003244805861815
repeat_01,g0002,g0002_treatment_00149,4,6,6080,17193328,1.448450236045052,1.0032110543545285
repeat_01,g0002,g0002_treatment_00150,4,6,6060,17161374,1.4463736994485406,1.003498749235449
repeat_01,g0030,g0030_treatment_00152,18,32,5968,17037456,1.4347757082982342,1.003316739624103
repeat_01,g0030,g0030_treatment_00155,18,32,5972,17038675,1.435634637082989,1.0032808776045818
repeat_01,g0040,g0040_treatment_00156,2,4,6164,19775050,1.276747416567847,1.0032404457633353
repeat_01,g0040,g0040_treatment_00159,2,4,6164,19786754,1.2759922117594427,1.00320525706979
repeat_01,g0024,g0024_treatment_00160,20,50,5892,17071883,1.4136479262422312,1.0039001364200966
repeat_01,g0024,g0024_treatment_00163,20,50,5892,17156151,1.4067043359550753,1.0033728729103406
repeat_01,g0054,g0054_treatment_00165,50,32,5704,16884190,1.3837550987047647,1.0033310882834663
repeat_01,g0054,g0054_treatment_00166,50,32,5708,16891638,1.3841149094007343,1.0036651914595365
repeat_01,g0019,g0019_treatment_00169,2,16,5032,22573649,0.9130589387652833,1.0036497244455376
repeat_01,g0019,g0019_treatment_00170,2,16,5000,22514273,0.9096451837463284,1.0032946470508022
repeat_01,g0059,g0059_treatment_00172,2,20,6160,19764956,1.276570511970783,1.0034914370232453
repeat_01,g0059,g0059_treatment_00175,2,20,6168,19785406,1.2769072315220622,1.0036314124251027
repeat_01,g0045,g0045_treatment_00177,16,34,5896,17121794,1.4104839714810258,1.0034775763257557
repeat_01,g0045,g0045_treatment_00178,16,34,5896,17123939,1.4103072896954374,1.0037175311696316
repeat_01,g0016,g0016_treatment_00180,4,22,6072,17178239,1.4478149943076237,1.0034656410095244
repeat_01,g0016,g0016_treatment_00183,4,22,6076,17179226,1.4486855228518445,1.0036411967120213
repeat_01,g0056,g0056_treatment_00184,18,32,5828,17037143,1.4011438420162348,1.003517967426965
repeat_01,g0056,g0056_treatment_00187,18,32,5820,17017381,1.4008454062349547,1.0036392535242624
repeat_01,g0043,g0043_treatment_00188,2,18,6164,19759800,1.2777327705746009,1.0035568731492288
repeat_01,g0043,g0043_treatment_00191,2,18,6172,19779605,1.2781100532594054,1.003794551123851
repeat_01,g0062,g0062_treatment_00193,20,50,5836,16930962,1.4118663782955747,1.0040070830365118
repeat_01,g0062,g0062_treatment_00194,20,50,5836,16922079,1.4126075170787231,1.0040853301219208
repeat_01,g0006,g0006_treatment_00197,32,48,4868,22225554,0.897135252511591,1.0034001437456208
repeat_01,g0006,g0006_treatment_00198,32,48,4848,22177319,0.8953926306421439,1.0033858639321203
repeat_01,g0014,g0014_treatment_00201,2,52,4960,22354540,0.9088158378566501,1.003522298832061
repeat_01,g0014,g0014_treatment_00202,2,52,4972,22385624,0.9097495785688172,1.0036457081006185
repeat_01,g0050,g0050_treatment_00204,16,2,5840,16952023,1.41107878393039,1.0036921397607437
repeat_01,g0050,g0050_treatment_00207,16,2,5832,16933017,1.410727456306221,1.0032869717217692
repeat_01,g0052,g0052_treatment_00209,20,2,5836,16926747,1.412217953042011,1.0037540380993417
repeat_01,g0052,g0052_treatment_00210,20,2,5836,16934884,1.4115393999746322,1.0035102656218315
repeat_01,g0061,g0061_treatment_00212,34,16,5928,17193136,1.4122547509657342,1.003859277944032
repeat_01,g0061,g0061_treatment_00215,34,16,5936,17212078,1.412604335165109,1.0037407426154943
repeat_01,g0034,g0034_treatment_00216,48,32,5696,17048946,1.368460900750111,1.0036780451546463
repeat_01,g0034,g0034_treatment_00219,48,32,5704,17064979,1.3690953853503132,1.0034886046422329
repeat_01,g0041,g0041_treatment_00220,2,4,6168,19779223,1.2773063936839177,1.0035047435472821
repeat_01,g0041,g0041_treatment_00223,2,4,6164,19761910,1.2775963456973543,1.0034790342914954
repeat_01,g0042,g0042_treatment_00225,2,18,6172,19813063,1.2759517294221494,1.0035860625117705
repeat_01,g0042,g0042_treatment_00226,2,18,6164,19778840,1.276502767604167,1.0037501757807672
repeat_01,g0012,g0012_treatment_00228,34,16,5920,17100289,1.4180064442185742,1.0034205500341626
repeat_01,g0012,g0012_treatment_00231,34,16,5920,17109739,1.4172232551297246,1.0032985040948807
repeat_01,g0005,g0005_treatment_00232,16,32,5916,17168885,1.4113867033298901,1.003528065686551
repeat_01,g0005,g0005_treatment_00235,16,32,5920,17178689,1.4115349547337401,1.0036934413852634
repeat_01,g0021,g0021_treatment_00237,2,20,5032,22578445,0.9128649913667659,1.003705966091517
repeat_01,g0021,g0021_treatment_00238,2,20,5032,22565172,0.9134019452632579,1.003611506170329
repeat_01,g0008,g0008_treatment_00241,2,18,4928,22259883,0.9067921875420459,1.0036256505340886
repeat_01,g0008,g0008_treatment_00242,2,18,4944,22306976,0.9078157433800081,1.0037511454033665
repeat_01,g0029,g0029_treatment_00245,16,34,5916,17170058,1.411290282187748,1.0035025451882917
repeat_01,g0029,g0029_treatment_00246,16,34,5916,17169212,1.4113598224542863,1.0036353492735322
repeat_01,g0053,g0053_treatment_00249,20,2,5884,17091390,1.410117257870776,1.0038338164637088
repeat_01,g0053,g0053_treatment_00250,20,2,5884,17059186,1.4127792498422844,1.0036052680377534
repeat_01,g0025,g0025_treatment_00252,20,50,5928,17133122,1.4172016051715501,1.0036062908614605
repeat_01,g0025,g0025_treatment_00255,20,50,5940,17221219,1.412805911126268,1.0034176128928056
repeat_02,g0050,g0050_treatment_00001,16,2,5828,16926103,1.4103357400105623,1.0037364433990321
repeat_02,g0050,g0050_treatment_00002,16,2,5832,16927303,1.4112036630997862,1.0033130014993414
repeat_02,g0045,g0045_treatment_00005,16,34,5900,17130660,1.4107103871070934,1.0033643331486386
repeat_02,g0045,g0045_treatment_00006,16,34,5892,17109902,1.410506734638223,1.0034683489842449
repeat_02,g0063,g0063_treatment_00008,20,50,5872,17031750,1.412169154667019,1.0040832453352362
repeat_02,g0063,g0063_treatment_00011,20,50,5872,17042881,1.4112468425966243,1.004076012672785
repeat_02,g0049,g0049_treatment_00013,22,4,4848,22397096,0.8866063707544942,1.003399186657433
repeat_02,g0049,g0049_treatment_00014,22,4,4848,22414838,0.8859045958752858,1.0034661578760262
repeat_02,g0034,g0034_treatment_00016,48,32,5700,17048537,1.3694547514546263,1.0035149582472522
repeat_02,g0034,g0034_treatment_00019,48,32,5704,17053426,1.3700228915878838,1.003705725752987
repeat_02,g0033,g0033_treatment_00021,32,16,6068,20048959,1.2396916967110363,1.003607769318613
repeat_02,g0033,g0033_treatment_00022,32,16,6064,20022604,1.2405051810443837,1.0037372066468238
repeat_02,g0007,g0007_treatment_00025,32,48,4892,22300896,0.8985124185144848,1.0030938579702253
repeat_02,g0007,g0007_treatment_00026,32,48,4888,22295869,0.8979801594636209,1.003641417557301
repeat_02,g0041,g0041_treatment_00029,2,4,6160,19768052,1.276370580166422,1.003215172341134
repeat_02,g0041,g0041_treatment_00030,2,4,6168,19774451,1.2776146351673683,1.00346215472522
repeat_02,g0043,g0043_treatment_00032,2,18,6168,19774864,1.2775879520587348,1.0035896529931057
repeat_02,g0043,g0043_treatment_00035,2,18,6160,19753024,1.277341636399571,1.0032183396195444
repeat_02,g0058,g0058_treatment_00036,2,20,6168,19796349,1.2762013844067914,1.003575466064275
repeat_02,g0058,g0058_treatment_00039,2,20,6164,19778141,1.2765478818256983,1.0032560697751556
repeat_02,g0060,g0060_treatment_00040,34,16,5904,17104932,1.4137901278999532,1.0038647626515047
repeat_02,g0060,g0060_treatment_00043,34,16,5904,17125413,1.412099316962458,1.0034118108418946
repeat_02,g0031,g0031_treatment_00045,18,32,5988,17118879,1.4327368047872762,1.0033568940319506
repeat_02,g0031,g0031_treatment_00046,18,32,5984,17116711,1.4319610817755817,1.0033176806411166
repeat_02,g0047,g0047_treatment_00048,38,16,5916,17221937,1.4070389410900759,1.0039765709183615
repeat_02,g0047,g0047_treatment_00051,38,16,5920,17251635,1.4055664868866053,1.0037974860310817
repeat_02,g0015,g0015_treatment_00053,2,52,5040,22615174,0.9128313582729897,1.0035576655373717
repeat_02,g0015,g0015_treatment_00054,2,52,5028,22575465,0.91225974747364,1.0031873371437225
repeat_02,g0030,g0030_treatment_00057,18,32,5988,17208978,1.4252355950481197,1.0035119171638893
repeat_02,g0030,g0030_treatment_00058,18,32,5976,17140801,1.4280368811235835,1.0033726144525967
repeat_02,g0013,g0013_treatment_00061,34,16,5960,17196415,1.419607517031893,1.0033285947291513
repeat_02,g0013,g0013_treatment_00062,34,16,5956,17183612,1.4197117579237706,1.0034289853290161
repeat_02,g0023,g0023_treatment_00064,32,50,4892,22324321,0.8975696058124232,1.003424467122702
repeat_02,g0023,g0023_treatment_00067,32,50,4896,22335369,0.8978591757315494,1.0033891846720424
repeat_02,g0035,g0035_treatment_00068,48,32,5732,17154546,1.368632664484388,1.0031460029202233
repeat_02,g0035,g0035_treatment_00071,48,32,5736,17164293,1.368810005748562,1.0035540079587186
repeat_02,g0017,g0017_treatment_00073,4,22,6108,17268315,1.4488019242178523,1.0036480674721897
repeat_02,g0017,g0017_treatment_00074,4,22,6108,17255568,1.4498721803883825,1.0036348941227669
repeat_02,g0024,g0024_treatment_00077,20,50,5892,17048906,1.4155531152556065,1.0033380639393934
repeat_02,g0024,g0024_treatment_00078,20,50,5892,17055951,1.4149684177680857,1.0036498925351265
repeat_02,g0004,g0004_treatment_00081,16,32,5892,17103543,1.4110311530189974,1.0037459551108636
repeat_02,g0004,g0004_treatment_00082,16,32,5888,17107084,1.4097813513980524,1.0037468258650093
repeat_02,g0026,g0026_treatment_00084,20,2,5892,17063396,1.4143510471186391,1.003278586352541
repeat_02,g0026,g0026_treatment_00087,20,2,5888,17055359,1.414056895548197,1.003528545093699
repeat_02,g0062,g0062_treatment_00088,20,50,5836,16921088,1.412690247813852,1.0035880116190463
repeat_02,g0062,g0062_treatment_00091,20,50,5832,16919719,1.4118362131191422,1.0036589671537064
repeat_02,g0001,g0001_treatment_00093,2,4,5020,22560243,0.9114228069263262,1.0032436527956978
repeat_02,g0001,g0001_treatment_00094,2,4,4996,22532958,0.9081637661597736,1.0036266117216484
repeat_02,g0055,g0055_treatment_00097,50,32,5768,17049818,1.38568798798908,1.003701549543355
repeat_02,g0055,g0055_treatment_00098,50,32,5768,17055233,1.3852480350165841,1.0037980184691604
repeat_02,g0009,g0009_treatment_00101,2,18,5020,22571395,0.9109724941679502,1.0033563016749902
repeat_02,g0009,g0009_treatment_00102,2,18,5016,22565580,0.9104811841751907,1.0034334194459997
repeat_02,g0037,g0037_treatment_00104,4,2,6136,17374815,1.4465222219632266,1.003555425353482
repeat_02,g0037,g0037_treatment_00107,4,2,6136,17368251,1.4470689075140613,1.003242990397241
repeat_02,g0027,g0027_treatment_00108,20,2,5928,17130427,1.4174245627385704,1.0031830503418437
repeat_02,g0027,g0027_treatment_00111,20,2,5928,17140188,1.4166173673240923,1.0034700127633662
repeat_02,g0039,g0039_treatment_00112,6,4,6036,17134163,1.4429333956960722,1.0036212964140414
repeat_02,g0039,g0039_treatment_00115,6,4,6036,17134898,1.4428715011901443,1.0031295956312816
repeat_02,g0008,g0008_treatment_00116,2,18,4936,22283731,0.9072922303720145,1.0032748648383258
repeat_02,g0008,g0008_treatment_00119,2,18,4932,22268933,0.90715940453905,1.0032069020337966
repeat_02,g0059,g0059_treatment_00121,2,20,6164,19779672,1.2764490735741219,1.0035747234403072
repeat_02,g0059,g0059_treatment_00122,2,20,6164,19776375,1.2766618755965136,1.0035738446293554
repeat_02,g0003,g0003_treatment_00124,4,6,6108,17254610,1.449952679312949,1.0033385091768152
repeat_02,g0003,g0003_treatment_00127,4,6,6100,17262337,1.4474054121408937,1.0034821231132613
repeat_02,g0005,g0005_treatment_00128,16,32,5916,17163889,1.4117975244421588,1.003375511738558
repeat_02,g0005,g0005_treatment_00131,16,32,5916,17168989,1.4113781539495425,1.0035160785075172
repeat_02,g0006,g0006_treatment_00132,32,48,4840,22233484,0.8916569261029895,1.003200307617934
repeat_02,g0006,g0006_treatment_00135,32,48,4864,22222510,0.8965208700547328,1.00379052995825
repeat_02,g0019,g0019_treatment_00136,2,16,5008,22542131,0.909974660337126,1.0032092540731719
repeat_02,g0019,g0019_treatment_00139,2,16,5020,22567510,0.9111293182101171,1.0035999727659533
repeat_02,g0061,g0061_treatment_00140,34,16,5932,17192511,1.413259063786552,1.003743199304827
repeat_02,g0061,g0061_treatment_00143,34,16,5936,17204490,1.413227360997042,1.00374175447358
repeat_02,g0052,g0052_treatment_00144,20,2,5832,16911263,1.4125421619899117,1.0033690152410517
repeat_02,g0052,g0052_treatment_00147,20,2,5828,16911174,1.4115807690228956,1.0038143484320037
repeat_02,g0012,g0012_treatment_00148,34,16,5924,17110195,1.4181430427882324,1.0034367463497398
repeat_02,g0012,g0012_treatment_00151,34,16,5920,17107880,1.417377255393421,1.0033128675543244
repeat_02,g0048,g0048_treatment_00152,22,4,4640,21879286,0.8686499184662607,1.003355894750035
repeat_02,g0048,g0048_treatment_00155,22,4,4644,21894167,0.8688078427464265,1.0037253173086924
repeat_02,g0038,g0038_treatment_00157,6,4,5952,16907147,1.4419577708764229,1.0038714055888438
repeat_02,g0038,g0038_treatment_00158,6,4,5956,16908403,1.4428196441733734,1.0032219459953364
repeat_02,g0028,g0028_treatment_00160,16,34,5892,17102397,1.4111257036075118,1.0033380661568234
repeat_02,g0028,g0028_treatment_00163,16,34,5892,17109111,1.4105719461402757,1.0038071555162305
repeat_02,g0057,g0057_treatment_00164,18,32,5848,17104853,1.4003866621946415,1.0034013868821667
repeat_02,g0057,g0057_treatment_00167,18,32,5844,17111676,1.398870806109232,1.0037509390545873
repeat_02,g0018,g0018_treatment_00168,2,16,4928,22275956,0.9061379004339926,1.003603943654078
repeat_02,g0018,g0018_treatment_00171,2,16,4952,22338415,0.9080049770764846,1.003561954288508
repeat_02,g0032,g0032_treatment_00172,32,16,6048,19966946,1.2406808732792687,1.0034710734747156
repeat_02,g0032,g0032_treatment_00175,32,16,6068,19977912,1.2441003844646028,1.0036829670160732
repeat_02,g0036,g0036_treatment_00176,4,2,6040,17108392,1.44606459800547,1.0031966926462934
repeat_02,g0036,g0036_treatment_00179,4,2,6028,17099360,1.4439539257609642,1.0033638003538778
repeat_02,g0000,g0000_treatment_00180,2,4,4944,22303296,0.9079655311932371,1.0036514463742554
repeat_02,g0000,g0000_treatment_00183,2,4,4940,22286273,0.9079239045487776,1.003630471443852
repeat_02,g0029,g0029_treatment_00185,16,34,5916,17168326,1.4114326580238516,1.0034348052708317
repeat_02,g0029,g0029_treatment_00186,16,34,5916,17176754,1.4107401200482932,1.0034001715566063
repeat_02,g0054,g0054_treatment_00189,50,32,5712,16903322,1.384127451396832,1.0032823439619407
repeat_02,g0054,g0054_treatment_00190,50,32,5712,16899746,1.3844203338914087,1.0035709252938294
repeat_02,g0010,g0010_treatment_00192,4,2,6080,17195824,1.4482399912909087,1.0036497364312709
repeat_02,g0010,g0010_treatment_00195,4,2,6080,17185087,1.449144831213249,1.0034072466364279
repeat_02,g0011,g0011_treatment_00196,4,2,6104,17269350,1.4477663606331448,1.0033597840237614
repeat_02,g0011,g0011_treatment_00199,4,2,6104,17257314,1.4487760957469975,1.0036243106569271
repeat_02,g0040,g0040_treatment_00200,2,4,6164,19789516,1.2758141229932052,1.0032423415731844
repeat_02,g0040,g0040_treatment_00203,2,4,6160,19780604,1.2755606451653347,1.003358052656124
repeat_02,g0056,g0056_treatment_00204,18,32,5824,17040745,1.399886213894991,1.0035249037903728
repeat_02,g0056,g0056_treatment_00207,18,32,5820,17031755,1.399663158611664,1.0033866554135558
repeat_02,g0022,g0022_treatment_00209,32,50,4868,22257213,0.8958591536146058,1.0032664333171601
repeat_02,g0022,g0022_treatment_00210,32,50,4852,22200801,0.8951835566653653,1.003353928463446
repeat_02,g0020,g0020_treatment_00212,2,20,4908,22220013,0.9047325039818833,1.0033991367701767
repeat_02,g0020,g0020_treatment_00215,2,20,4960,22377859,0.9078688001385655,1.0035765814749844
repeat_02,g0025,g0025_treatment_00216,20,50,5940,17150625,1.4186211872745162,1.0033803030811839
repeat_02,g0025,g0025_treatment_00219,20,50,5928,17137045,1.416877180400705,1.0035124306796783
repeat_02,g0021,g0021_treatment_00221,2,20,5040,22601659,0.9133771994347849,1.0033297893827977
repeat_02,g0021,g0021_treatment_00222,2,20,5036,22569732,0.9139433290568093,1.0034376037572137
repeat_02,g0016,g0016_treatment_00224,4,22,6068,17178512,1.4468382360474528,1.0035188709142715
repeat_02,g0016,g0016_treatment_00227,4,22,6080,17192821,1.4484929494700143,1.0033919471369823
repeat_02,g0053,g0053_treatment_00229,20,2,5880,17056355,1.4120531614169616,1.0032981800011
repeat_02,g0053,g0053_treatment_00230,20,2,5884,17057331,1.4129328908491017,1.0036631198354158
repeat_02,g0046,g0046_treatment_00232,38,16,5880,17109770,1.4076448719065189,1.0037688477587787
repeat_02,g0046,g0046_treatment_00235,38,16,5872,17092442,1.4071548114657928,1.0033132194544752
repeat_02,g0002,g0002_treatment_00237,4,6,6076,17178826,1.4487192547383623,1.0036069223464787
repeat_02,g0002,g0002_treatment_00238,4,6,6072,17184160,1.4473161329968995,1.003320783376979
repeat_02,g0051,g0051_treatment_00241,16,2,5900,17138256,1.4100851335165026,1.0036354743591305
repeat_02,g0051,g0051_treatment_00242,16,2,5892,17117711,1.4098632696859994,1.003272853444552
repeat_02,g0042,g0042_treatment_00245,2,18,6164,19793719,1.2755432165122684,1.003424944685123
repeat_02,g0042,g0042_treatment_00246,2,18,6164,19793184,1.2755776938162147,1.0032331450998297
repeat_02,g0014,g0014_treatment_00249,2,52,4972,22360894,0.9107557148654253,1.0032714044399087
repeat_02,g0014,g0014_treatment_00250,2,52,4972,22375093,0.9101777588142316,1.0035814364713838
repeat_02,g0044,g0044_treatment_00252,16,34,5832,16934803,1.410578676350708,1.0031809529056304
repeat_02,g0044,g0044_treatment_00255,16,34,5836,16939849,1.4111256835878525,1.003697598030697
repeat_03,g0025,g0025_treatment_00001,20,50,5920,17121296,1.4162666190690238,1.0036054375353316
repeat_03,g0025,g0025_treatment_00002,20,50,5928,17128057,1.4176206910100777,1.0039559648841663
repeat_03,g0020,g0020_treatment_00004,2,20,4932,22282994,0.9065869694171259,1.0035342356902321
repeat_03,g0020,g0020_treatment_00007,2,20,4928,22303935,0.9050012027025724,1.0037691407055855
repeat_03,g0010,g0010_treatment_00009,4,2,6084,17252220,1.4444554961622331,1.004070531039567
repeat_03,g0010,g0010_treatment_00010,4,2,6088,17209308,1.4490093384347587,1.0038425206991786
repeat_03,g0032,g0032_treatment_00013,32,16,6060,20013225,1.2402678728690653,1.0035483582719125
repeat_03,g0032,g0032_treatment_00014,32,16,6056,19962410,1.2426042747343633,1.0035907217676026
repeat_03,g0060,g0060_treatment_00017,34,16,5904,17115200,1.4129419463400954,1.0040640800698162
repeat_03,g0060,g0060_treatment_00018,34,16,5900,17100649,1.4131861311228597,1.003945709146244
repeat_03,g0026,g0026_treatment_00021,20,2,5888,17057649,1.4138670575294403,1.0034737566623133
repeat_03,g0026,g0026_treatment_00022,20,2,5892,17078055,1.4131370346330423,1.0037622448842851
repeat_03,g0040,g0040_treatment_00025,2,4,6164,19790234,1.2757678357921387,1.003307885744507
repeat_03,g0040,g0040_treatment_00026,2,4,6168,19814185,1.2750525948960303,1.0035942459850653
repeat_03,g0046,g0046_treatment_00028,38,16,5876,17108055,1.4068283039772786,1.00373294992751
repeat_03,g0046,g0046_treatment_00031,38,16,5884,17116062,1.408084640029932,1.0039360767896872
repeat_03,g0019,g0019_treatment_00033,2,16,5032,22594367,0.9122217055250984,1.0037373660820468
repeat_03,g0019,g0019_treatment_00034,2,16,5012,22535910,0.9109528747674267,1.0034234794373504
repeat_03,g0028,g0028_treatment_00037,16,34,5892,17099259,1.4113846687742433,1.0035444849172759
repeat_03,g0028,g0028_treatment_00038,16,34,5896,17148169,1.408314555332409,1.0037856417804856
repeat_03,g0036,g0036_treatment_00041,4,2,6036,17111037,1.4448835567359244,1.0034888330073513
repeat_03,g0036,g0036_treatment_00042,4,2,6044,17119720,1.446064772087394,1.0035848849437352
repeat_03,g0004,g0004_treatment_00045,16,32,5888,17098529,1.4104867149682876,1.00406316488206
repeat_03,g0004,g0004_treatment_00046,16,32,5892,17109147,1.4105689781027657,1.0038389513273425
repeat_03,g0034,g0034_treatment_00048,48,32,5708,17071771,1.3695104040465398,1.0040816064862472
repeat_03,g0034,g0034_treatment_00051,48,32,5700,17047050,1.3695742078541449,1.0033773463522246
repeat_03,g0059,g0059_treatment_00052,2,20,6168,19792375,1.2764576257270792,1.0034165808913498
repeat_03,g0059,g0059_treatment_00055,2,20,6160,19765640,1.2765263356005674,1.0033478702809913
repeat_03,g0053,g0053_treatment_00057,20,2,5880,17058204,1.4119001039030838,1.0034159734759707
repeat_03,g0053,g0053_treatment_00058,20,2,5876,17047370,1.4118363125807676,1.0033315156792528
repeat_03,g0051,g0051_treatment_00061,16,2,5892,17115783,1.4100220831264336,1.0035877132475024
repeat_03,g0051,g0051_treatment_00062,16,2,5892,17134351,1.408494083026547,1.0039400352936227
repeat_03,g0054,g0054_treatment_00064,50,32,5708,16909929,1.3826177507900832,1.0039902695063185
repeat_03,g0054,g0054_treatment_00067,50,32,5700,16889333,1.3823636492927223,1.0035441540620544
repeat_03,g0039,g0039_treatment_00068,6,4,6032,17125608,1.442697508900122,1.0040567141453816
repeat_03,g0039,g0039_treatment_00071,6,4,6028,17126855,1.4416358403221141,1.0040293415652672
repeat_03,g0005,g0005_treatment_00073,16,32,5916,17172689,1.4110740606785577,1.0037851445876016
repeat_03,g0005,g0005_treatment_00074,16,32,5920,17175717,1.411779199668928,1.0038800462811757
repeat_03,g0058,g0058_treatment_00077,2,20,6164,19812194,1.274353764151512,1.0035215603320908
repeat_03,g0058,g0058_treatment_00078,2,20,6172,19813831,1.275902272508532,1.0035341782932905
repeat_03,g0016,g0016_treatment_00080,4,22,6080,17189413,1.448780129955572,1.0039071367619927
repeat_03,g0016,g0016_treatment_00083,4,22,6072,17182727,1.4474368358410163,1.0036090314449495
repeat_03,g0027,g0027_treatment_00085,20,2,5932,17134529,1.4180414296768822,1.0034213303665367
repeat_03,g0027,g0027_treatment_00086,20,2,5928,17139784,1.416650758259264,1.0036513107447262
repeat_03,g0007,g0007_treatment_00088,32,48,4908,22398487,0.8975234800457728,1.003788886786566
repeat_03,g0007,g0007_treatment_00091,32,48,4880,22324294,0.8953689644115957,1.003568501256894
repeat_03,g0037,g0037_treatment_00093,4,2,6144,17412762,1.4452517067654171,1.0037328790101732
repeat_03,g0037,g0037_treatment_00094,4,2,6148,17397902,1.447427856531207,1.003532919531815
repeat_03,g0006,g0006_treatment_00097,32,48,4864,22224945,0.8964226458153215,1.0034068512202428
repeat_03,g0006,g0006_treatment_00098,32,48,4860,22219421,0.8959081336997935,1.0036012246060706
repeat_03,g0035,g0035_treatment_00100,48,32,5736,17172817,1.368130575199165,1.0038556464398287
repeat_03,g0035,g0035_treatment_00103,48,32,5732,17162272,1.3680165423319244,1.0036799063917525
repeat_03,g0024,g0024_treatment_00104,20,50,5888,17056054,1.4139992755651454,1.0037263576141637
repeat_03,g0024,g0024_treatment_00107,20,50,5892,17061654,1.4144954527855271,1.0038532224094803
repeat_03,g0011,g0011_treatment_00109,4,2,6108,17278423,1.4479543648167428,1.0033401850843817
repeat_03,g0011,g0011_treatment_00110,4,2,6108,17262144,1.4493198527367168,1.0034429046796485
repeat_03,g0050,g0050_treatment_00113,16,2,5840,16955419,1.410796159033286,1.0037082715120358
repeat_03,g0050,g0050_treatment_00114,16,2,5836,16950419,1.4102457290288812,1.0036823870826013
repeat_03,g0047,g0047_treatment_00116,38,16,5916,17225928,1.4067129503850242,1.003557792114692
repeat_03,g0047,g0047_treatment_00119,38,16,5912,17214204,1.4067192418539944,1.0035088582479212
repeat_03,g0061,g0061_treatment_00121,34,16,5940,17201129,1.4144559929758098,1.0035980713511394
repeat_03,g0061,g0061_treatment_00122,34,16,5940,17223648,1.4126066672983564,1.003869440917107
repeat_03,g0043,g0043_treatment_00124,2,18,6160,19804223,1.274039380388718,1.0037148281839383
repeat_03,g0043,g0043_treatment_00127,2,18,6168,19782082,1.2771217913261101,1.003599132449931
repeat_03,g0041,g0041_treatment_00129,2,4,6168,19800525,1.2759322290696837,1.0033248188109294
repeat_03,g0041,g0041_treatment_00130,2,4,6168,19771861,1.2777819953316483,1.0035868380782569
repeat_03,g0018,g0018_treatment_00133,2,16,4928,22258596,0.9068446185913972,1.0034326232284871
repeat_03,g0018,g0018_treatment_00134,2,16,4924,22255086,0.906251451915306,1.0034685474358558
repeat_03,g0029,g0029_treatment_00137,16,34,5924,17194791,1.4111659746256875,1.0036848728579357
repeat_03,g0029,g0029_treatment_00138,16,34,5920,17177416,1.4116395620854731,1.0038737355307643
repeat_03,g0023,g0023_treatment_00140,32,50,4904,22356401,0.8984802160240372,1.003843282201526
repeat_03,g0023,g0023_treatment_00143,32,50,4896,22378294,0.8961369441298788,1.003700069403212
repeat_03,g0012,g0012_treatment_00145,34,16,5920,17102965,1.4177845771186457,1.0034737053326261
repeat_03,g0012,g0012_treatment_00146,34,16,5920,17114711,1.4168115371623862,1.003566576933458
repeat_03,g0009,g0009_treatment_00148,2,18,5008,22591447,0.9079882311212735,1.0037785242121733
repeat_03,g0009,g0009_treatment_00151,2,18,4988,22461297,0.9096023261702119,1.0036708728742374
repeat_03,g0015,g0015_treatment_00153,2,52,5012,22541932,0.9107095168240238,1.0031728965380817
repeat_03,g0015,g0015_treatment_00154,2,52,5016,22528484,0.9119804066709505,1.003728212385895
repeat_03,g0014,g0014_treatment_00157,2,52,4956,22354048,0.9081029082517851,1.003602302273284
repeat_03,g0014,g0014_treatment_00158,2,52,4964,22372091,0.9088352090110844,1.0036292363203025
repeat_03,g0052,g0052_treatment_00161,20,2,5840,16937683,1.412273449680219,1.0037679039887335
repeat_03,g0052,g0052_treatment_00162,20,2,5836,16927968,1.4121160909566937,1.004008568726379
repeat_03,g0001,g0001_treatment_00164,2,4,5012,22580235,0.9091646743269058,1.0032758972005695
repeat_03,g0001,g0001_treatment_00167,2,4,4992,22501630,0.9087000363973632,1.0037199627892204
repeat_03,g0055,g0055_treatment_00168,50,32,5764,17039540,1.385562286305851,1.0037714313047768
repeat_03,g0055,g0055_treatment_00171,50,32,5768,17042735,1.3862638831150047,1.0037779933433812
repeat_03,g0008,g0008_treatment_00173,2,18,4908,22204580,0.9053613263569948,1.003699179450795
repeat_03,g0008,g0008_treatment_00174,2,18,4932,22286564,0.906441746695453,1.0036552825423477
repeat_03,g0033,g0033_treatment_00177,32,16,6060,20008433,1.2405649158032515,1.0036568877949628
repeat_03,g0033,g0033_treatment_00178,32,16,6060,20006082,1.2407106998761677,1.0032794254641566
repeat_03,g0038,g0038_treatment_00181,6,4,5952,16937686,1.4393578910365914,1.0034461888599175
repeat_03,g0038,g0038_treatment_00182,6,4,5948,16899005,1.441682986661049,1.0035716188201067
repeat_03,g0049,g0049_treatment_00185,22,4,4868,22507302,0.8859048499016008,1.0033972478743574
repeat_03,g0049,g0049_treatment_00186,22,4,4868,22503178,0.8860672034856588,1.0033487049912848
repeat_03,g0013,g0013_treatment_00189,34,16,5956,17190921,1.419108144351312,1.0036185545409437
repeat_03,g0013,g0013_treatment_00190,34,16,5964,17195039,1.420673951364693,1.0037499710317073
repeat_03,g0056,g0056_treatment_00192,18,32,5828,17055918,1.399601475569946,1.0039089421488216
repeat_03,g0056,g0056_treatment_00195,18,32,5824,17035469,1.4003197681261372,1.0040042370346605
repeat_03,g0042,g0042_treatment_00196,2,18,6168,19804553,1.275672720308305,1.0036783958379019
repeat_03,g0042,g0042_treatment_00199,2,18,6160,19787250,1.2751322189793932,1.0036000724274927
repeat_03,g0048,g0048_treatment_00201,22,4,4644,21913775,0.8680304511659903,1.0036572447379246
repeat_03,g0048,g0048_treatment_00202,22,4,4620,21825085,0.8670536678322215,1.003448954417158
repeat_03,g0045,g0045_treatment_00205,16,34,5900,17165977,1.4078080146559675,1.003773658385065
repeat_03,g0045,g0045_treatment_00206,16,34,5900,17134991,1.410353819269587,1.0036782616412243
repeat_03,g0000,g0000_treatment_00209,2,4,4916,22265108,0.9043718090206434,1.003302206857606
repeat_03,g0000,g0000_treatment_00210,2,4,4920,22229815,0.9065446563545401,1.0035911526134895
repeat_03,g0044,g0044_treatment_00212,16,34,5840,16955326,1.410803897253288,1.003570048197663
repeat_03,g0044,g0044_treatment_00215,16,34,5844,16965084,1.410958177395408,1.0038700730504913
repeat_03,g0057,g0057_treatment_00216,18,32,5852,17120316,1.4000788303206553,1.003739564408521
repeat_03,g0057,g0057_treatment_00219,18,32,5848,17115787,1.3994920595821858,1.0036057194745207
repeat_03,g0030,g0030_treatment_00221,18,32,5968,17046180,1.4340414098642629,1.0034531823040198
repeat_03,g0030,g0030_treatment_00222,18,32,5972,17056661,1.4341207813182193,1.003696515261439
repeat_03,g0063,g0063_treatment_00225,20,50,5876,17049026,1.4116991785923725,1.0037380634449329
repeat_03,g0063,g0063_treatment_00226,20,50,5872,17045947,1.4109930061380573,1.0038950968176379
repeat_03,g0002,g0002_treatment_00229,4,6,6076,17178444,1.4487514701564357,1.003501181090012
repeat_03,g0002,g0002_treatment_00230,4,6,6072,17210082,1.4451361707631607,1.0034304798281408
repeat_03,g0003,g0003_treatment_00232,4,6,6108,17271256,1.4485552179876207,1.0034305883359067
repeat_03,g0003,g0003_treatment_00235,4,6,6108,17285860,1.4473314026609032,1.003829752440082
repeat_03,g0017,g0017_treatment_00236,4,22,6096,17247405,1.4477085683324535,1.0031704373713421
repeat_03,g0017,g0017_treatment_00239,4,22,6104,17258129,1.4487076785670103,1.0034735811592586
repeat_03,g0021,g0021_treatment_00240,2,20,5004,22514562,0.9103612142221554,1.003380095216674
repeat_03,g0021,g0021_treatment_00243,2,20,5008,22576097,0.9086055928976563,1.0032233120793639
repeat_03,g0031,g0031_treatment_00245,18,32,5988,17133948,1.4314767384609781,1.0032258017296827
repeat_03,g0031,g0031_treatment_00246,18,32,5988,17119955,1.4326467563728993,1.003540596665071
repeat_03,g0022,g0022_treatment_00249,32,50,4864,22244133,0.8956493831429618,1.0034173002380824
repeat_03,g0022,g0022_treatment_00250,32,50,4844,22181188,0.8944978059786518,1.003305619970086
repeat_03,g0062,g0062_treatment_00252,20,50,5836,16937012,1.411362051346483,1.0040277269615607
repeat_03,g0062,g0062_treatment_00255,20,50,5836,16929471,1.411990723159631,1.0041352923895495
repeat_04,g0013,g0013_treatment_00000,34,16,5948,17189005,1.4173599926231915,1.0038796148430003
repeat_04,g0013,g0013_treatment_00003,34,16,5952,17176963,1.4193074759490372,1.0033217691444918
repeat_04,g0011,g0011_treatment_00004,4,2,6112,17288891,1.4480253244699155,1.0038276796326673
repeat_04,g0011,g0011_treatment_00007,4,2,6104,17262523,1.4483389247330765,1.0035677257467726
repeat_04,g0061,g0061_treatment_00009,34,16,5940,17222454,1.4127046006335682,1.0040059492575875
repeat_04,g0061,g0061_treatment_00010,34,16,5932,17197864,1.4128191733578077,1.0032212652389716
repeat_04,g0039,g0039_treatment_00012,6,4,6028,17134707,1.4409752089720589,1.0039690707786568
repeat_04,g0039,g0039_treatment_00015,6,4,6020,17101659,1.4418437415925554,1.0034585449877824
repeat_04,g0032,g0032_treatment_00016,32,16,6052,19950223,1.2425421009078446,1.0038235437815386
repeat_04,g0032,g0032_treatment_00019,32,16,6060,19969438,1.2429874090597843,1.0032964012398218
repeat_04,g0015,g0015_treatment_00020,2,52,5012,22559890,0.9099845788255173,1.0034985171413373
repeat_04,g0015,g0015_treatment_00023,2,52,5016,22542634,0.9114079570293339,1.0033327317304288
repeat_04,g0029,g0029_treatment_00025,16,34,5916,17178934,1.4105610976792855,1.0040474154870422
repeat_04,g0029,g0029_treatment_00026,16,34,5920,17183375,1.4111500214596957,1.003724734601123
repeat_04,g0018,g0018_treatment_00029,2,16,4920,22252066,0.9056381551268093,1.0034168922378908
repeat_04,g0018,g0018_treatment_00030,2,16,4944,22293507,0.9083642156435953,1.003413861019291
repeat_04,g0053,g0053_treatment_00032,20,2,5892,17151785,1.4070624136205065,1.003883542196443
repeat_04,g0053,g0053_treatment_00035,20,2,5888,17076059,1.4123427425496715,1.0036265847280135
repeat_04,g0024,g0024_treatment_00037,20,50,5888,17084238,1.4116665899878005,1.0039179520641144
repeat_04,g0024,g0024_treatment_00038,20,50,5888,17060735,1.4136113127599719,1.0033903841466916
repeat_04,g0037,g0037_treatment_00040,4,2,6148,17425637,1.4451241007717537,1.0038481840690134
repeat_04,g0037,g0037_treatment_00043,4,2,6140,17409002,1.4446227302403665,1.0038819763849895
repeat_04,g0036,g0036_treatment_00045,4,2,6048,17143132,1.4450456311017146,1.0035290960024517
repeat_04,g0036,g0036_treatment_00046,4,2,6040,17134801,1.4438358519599965,1.0034363188550657
repeat_04,g0016,g0016_treatment_00049,4,22,6076,17205903,1.4464393993154558,1.0037804453879335
repeat_04,g0016,g0016_treatment_00050,4,22,6076,17193007,1.4475243335851604,1.0037776071569962
repeat_04,g0045,g0045_treatment_00052,16,34,5896,17140582,1.408937922877998,1.0036613658477345
repeat_04,g0045,g0045_treatment_00055,16,34,5892,17126190,1.4091652609249343,1.003363920966312
repeat_04,g0006,g0006_treatment_00057,32,48,4864,22222034,0.8965400736944242,1.0033841473945668
repeat_04,g0006,g0006_treatment_00058,32,48,4856,22236406,0.8944869957852002,1.0034360151772568
repeat_04,g0031,g0031_treatment_00061,18,32,5992,17148036,1.4312561508501616,1.0037788553620222
repeat_04,g0031,g0031_treatment_00062,18,32,5988,17141505,1.430845657951271,1.003614392510626
repeat_04,g0040,g0040_treatment_00064,2,4,6164,19804330,1.274859790762929,1.0037538267350272
repeat_04,g0040,g0040_treatment_00067,2,4,6164,19834262,1.2729358924471201,1.0037772477969598
repeat_04,g0059,g0059_treatment_00068,2,20,6168,19801096,1.2758954352829763,1.0037499136341284
repeat_04,g0059,g0059_treatment_00071,2,20,6172,19810059,1.2761452149132924,1.003733411024061
repeat_04,g0001,g0001_treatment_00073,2,4,5004,22504591,0.9107645635506106,1.003740422701707
repeat_04,g0001,g0001_treatment_00074,2,4,5008,22530596,0.9104405404987955,1.0037875157887413
repeat_04,g0019,g0019_treatment_00076,2,16,5000,22514192,0.9096484564047423,1.003412214213355
repeat_04,g0019,g0019_treatment_00079,2,16,5028,22571590,0.9124163605665352,1.0037690942278004
repeat_04,g0030,g0030_treatment_00080,18,32,5972,17057067,1.4340866457287176,1.0038716913767896
repeat_04,g0030,g0030_treatment_00083,18,32,5972,17056758,1.434112625623228,1.003894568210033
repeat_04,g0026,g0026_treatment_00084,20,2,5892,17073619,1.4135041902949808,1.003705693097056
repeat_04,g0026,g0026_treatment_00087,20,2,5892,17071494,1.4136801383639885,1.0032984295963003
repeat_04,g0055,g0055_treatment_00089,50,32,5760,17041794,1.3844176264541164,1.0034284908128246
repeat_04,g0055,g0055_treatment_00090,50,32,5764,17051475,1.3845924766039301,1.0039397546948523
repeat_04,g0054,g0054_treatment_00092,50,32,5708,16904261,1.3830813426271638,1.0033976928857449
repeat_04,g0054,g0054_treatment_00095,50,32,5704,16884757,1.3837086314004994,1.0032298107269952
repeat_04,g0044,g0044_treatment_00096,16,34,5836,16947487,1.4104897085921941,1.0035764002470051
repeat_04,g0044,g0044_treatment_00099,16,34,5840,16962030,1.4102462971707985,1.003503737574475
repeat_04,g0012,g0012_treatment_00100,34,16,5924,17118131,1.4174855888180784,1.0037441634142568
repeat_04,g0012,g0012_treatment_00103,34,16,5920,17106257,1.4175117326952353,1.0034378345402446
repeat_04,g0058,g0058_treatment_00105,2,20,6168,19795279,1.2762703672931308,1.0038203968257309
repeat_04,g0058,g0058_treatment_00106,2,20,6160,19774419,1.2759596122647143,1.0037765951506648
repeat_04,g0049,g0049_treatment_00109,22,4,4868,22460613,0.8877463851943845,1.0036585618161953
repeat_04,g0049,g0049_treatment_00110,22,4,4856,22433546,0.8866264833923269,1.0036510031635286
repeat_04,g0023,g0023_treatment_00113,32,50,4888,22329822,0.8966147602967905,1.0033527887071811
repeat_04,g0023,g0023_treatment_00114,32,50,4892,22301409,0.8984917500055714,1.00368192979909
repeat_04,g0022,g0022_treatment_00117,32,50,4856,22226174,0.894898780149926,1.0033490450923903
repeat_04,g0022,g0022_treatment_00118,32,50,4852,22216149,0.8945651201745181,1.0036631017951336
repeat_04,g0009,g0009_treatment_00120,2,18,5000,22517881,0.9094994329173336,1.0036604516469159
repeat_04,g0009,g0009_treatment_00123,2,18,4988,22459424,0.9096781823077921,1.0033041538259277
repeat_04,g0043,g0043_treatment_00124,2,18,6160,19762544,1.2767263162070632,1.0036458735912297
repeat_04,g0043,g0043_treatment_00127,2,18,6172,19810765,1.2760997366835658,1.0034728647051192
repeat_04,g0028,g0028_treatment_00128,16,34,5888,17108376,1.4096748867338431,1.003431463113795
repeat_04,g0028,g0028_treatment_00131,16,34,5888,17098500,1.4104891072316286,1.0037526618656467
repeat_04,g0017,g0017_treatment_00133,4,22,6104,17268691,1.4478216096402443,1.003607915585469
repeat_04,g0017,g0017_treatment_00134,4,22,6116,17268485,1.4506852222415574,1.0035253154059822
repeat_04,g0021,g0021_treatment_00136,2,20,5012,22528893,0.9112366062549101,1.003405064064081
repeat_04,g0021,g0021_treatment_00139,2,20,4984,22435931,0.9099004627889077,1.0035827333855911
repeat_04,g0005,g0005_treatment_00141,16,32,5916,17166297,1.4115994847345354,1.0036711769112616
repeat_04,g0005,g0005_treatment_00142,16,32,5916,17170985,1.4112140916784914,1.0036748055718117
repeat_04,g0008,g0008_treatment_00144,2,18,4928,22293517,0.9054241194872931,1.0033131112201226
repeat_04,g0008,g0008_treatment_00147,2,18,4916,22216285,0.9063592765397095,1.0032426594115247
repeat_04,g0041,g0041_treatment_00148,2,4,6164,19774547,1.2767798928592398,1.003587978999028
repeat_04,g0041,g0041_treatment_00151,2,4,6164,19779486,1.276461076895527,1.0036594435137152
repeat_04,g0007,g0007_treatment_00152,32,48,4884,22301192,0.8970311542091561,1.0035749659680269
repeat_04,g0007,g0007_treatment_00155,32,48,4892,22310385,0.89813026534504,1.0036747086570645
repeat_04,g0027,g0027_treatment_00156,20,2,5924,17126295,1.416809882114024,1.0035727418024563
repeat_04,g0027,g0027_treatment_00159,20,2,5936,17229397,1.4111843844564032,1.0035173261029409
repeat_04,g0020,g0020_treatment_00160,2,20,4920,22244827,0.9059328714941232,1.0032970369559862
repeat_04,g0020,g0020_treatment_00163,2,20,4916,22233760,0.9056469081253014,1.0030977077972898
repeat_04,g0034,g0034_treatment_00164,48,32,5712,17067861,1.3707840718880941,1.0038952724252697
repeat_04,g0034,g0034_treatment_00167,48,32,5712,17075530,1.370168422297873,1.0038972344503792
repeat_04,g0038,g0038_treatment_00168,6,4,5952,16891716,1.4432750349342838,1.0035586173757345
repeat_04,g0038,g0038_treatment_00171,6,4,5952,16901757,1.4424176137427607,1.0034090395025412
repeat_04,g0056,g0056_treatment_00172,18,32,5824,17037413,1.400159989078154,1.0035013023937847
repeat_04,g0056,g0056_treatment_00175,18,32,5824,17032663,1.4005504600190821,1.003808631263084
repeat_04,g0047,g0047_treatment_00177,38,16,5920,17270064,1.4040665975528521,1.0041833063255348
repeat_04,g0047,g0047_treatment_00178,38,16,5916,17227117,1.406615860332289,1.00341497768557
repeat_04,g0046,g0046_treatment_00180,38,16,5880,17109403,1.4076750661609876,1.0038642789157324
repeat_04,g0046,g0046_treatment_00183,38,16,5880,17122369,1.4066090971407053,1.0036715109391505
repeat_04,g0057,g0057_treatment_00185,18,32,5856,17128228,1.400388644990013,1.0039016721644711
repeat_04,g0057,g0057_treatment_00186,18,32,5852,17124768,1.3997148457719253,1.0037332936953443
repeat_04,g0051,g0051_treatment_00188,16,2,5888,17095350,1.4107490048463471,1.0034324964953951
repeat_04,g0051,g0051_treatment_00191,16,2,5892,17123632,1.4093757679445575,1.0034596779741727
repeat_04,g0010,g0010_treatment_00192,4,2,6072,17176439,1.4479667176648199,1.0032933887599433
repeat_04,g0010,g0010_treatment_00195,4,2,6088,17229750,1.4472901812272378,1.0035852335812996
repeat_04,g0060,g0060_treatment_00197,34,16,5904,17105086,1.4137773993068494,1.0034714481689218
repeat_04,g0060,g0060_treatment_00198,34,16,5900,17079097,1.4149694213927118,1.0033434015668377
repeat_04,g0025,g0025_treatment_00200,20,50,5932,17140719,1.4175293346796012,1.003785294764062
repeat_04,g0025,g0025_treatment_00203,20,50,5928,17138759,1.4167354824232024,1.0036060995327272
repeat_04,g0014,g0014_treatment_00204,2,52,4940,22299304,0.9073933428594901,1.0036105001997833
repeat_04,g0014,g0014_treatment_00207,2,52,4936,22290667,0.9070099158540209,1.0036095997135768
repeat_04,g0004,g0004_treatment_00209,16,32,5888,17102220,1.410182303817867,1.0038005647318018
repeat_04,g0004,g0004_treatment_00210,16,32,5888,17104039,1.4100323321292707,1.0036815264280585
repeat_04,g0042,g0042_treatment_00213,2,18,6164,19799317,1.2751825732170459,1.003238596305259
repeat_04,g0042,g0042_treatment_00214,2,18,6160,19766165,1.2764924303728113,1.0034641205174413
repeat_04,g0033,g0033_treatment_00217,32,16,6064,20020006,1.240666161638513,1.0035015778578897
repeat_04,g0033,g0033_treatment_00218,32,16,6072,20019669,1.2423238366228733,1.0036493433859017
repeat_04,g0048,g0048_treatment_00221,22,4,4624,21874405,0.8658477339155054,1.0033684281020523
repeat_04,g0048,g0048_treatment_00222,22,4,4628,21849082,0.867601119351376,1.0038089834341588
repeat_04,g0063,g0063_treatment_00224,20,50,5872,17041616,1.41135159951967,1.0039568881465968
repeat_04,g0063,g0063_treatment_00227,20,50,5876,17055683,1.4111481785865743,1.003427519369994
repeat_04,g0035,g0035_treatment_00229,48,32,5740,17163888,1.3697968665374651,1.0037215834530586
repeat_04,g0035,g0035_treatment_00230,48,32,5740,17167278,1.3695263745364874,1.0034209982272813
repeat_04,g0002,g0002_treatment_00232,4,6,6084,17197859,1.4490212996861993,1.0037112173439546
repeat_04,g0002,g0002_treatment_00235,4,6,6072,17176622,1.4479512910047156,1.0035699762554686
repeat_04,g0062,g0062_treatment_00236,20,50,5836,16930078,1.4119400985630426,1.0036914689167433
repeat_04,g0062,g0062_treatment_00239,20,50,5832,16909899,1.4126561016124342,1.0034128107089886
repeat_04,g0003,g0003_treatment_00240,4,6,6116,17300963,1.4479619429276855,1.0034652424208081
repeat_04,g0003,g0003_treatment_00243,4,6,6108,17278442,1.4479527725937327,1.0034718727547978
repeat_04,g0050,g0050_treatment_00244,16,2,5840,16943503,1.4117883415253623,1.00352149005043
repeat_04,g0050,g0050_treatment_00247,16,2,5840,16949492,1.4112894946940002,1.0035031895780318
repeat_04,g0000,g0000_treatment_00248,2,4,4924,22293581,0.9046866001473698,1.0033271446678307
repeat_04,g0000,g0000_treatment_00251,2,4,4940,22303842,0.9072087221564787,1.003656685962805
repeat_04,g0052,g0052_treatment_00253,20,2,5840,16925939,1.4132533503754208,1.0034365126999263
repeat_04,g0052,g0052_treatment_00254,20,2,5828,16911209,1.4115778475684382,1.003846159553828
repeat_05,g0011,g0011_treatment_00000,4,2,6116,17314184,1.4468562884626848,1.0041376014624042
repeat_05,g0011,g0011_treatment_00003,4,2,6108,17261115,1.4494062521453568,1.0033900884484126
repeat_05,g0027,g0027_treatment_00005,20,2,5924,17129005,1.4165857269584543,1.0038710767122196
repeat_05,g0027,g0027_treatment_00006,20,2,5932,17139976,1.4175907830909449,1.0036051961526853
repeat_05,g0034,g0034_treatment_00009,48,32,5708,17056221,1.370758974101004,1.0037745223010903
repeat_05,g0034,g0034_treatment_00010,48,32,5704,17065150,1.3690816664371541,1.0031893085943675
repeat_05,g0057,g0057_treatment_00012,18,32,5852,17119989,1.4001055724977394,1.0035804749541442
repeat_05,g0057,g0057_treatment_00015,18,32,5844,17108437,1.3991356428410147,1.0037433484194116
repeat_05,g0033,g0033_treatment_00016,32,16,6060,20016583,1.2400598044131708,1.0036181043501786
repeat_05,g0033,g0033_treatment_00019,32,16,6060,19994479,1.2414306969438913,1.0035707873635826
repeat_05,g0044,g0044_treatment_00021,16,34,5840,16947765,1.4114333069876766,1.0033804467283618
repeat_05,g0044,g0044_treatment_00022,16,34,5840,16947550,1.411451212712162,1.0039186328051741
repeat_05,g0029,g0029_treatment_00024,16,34,5920,17176047,1.4117520754338877,1.0038369071060658
repeat_05,g0029,g0029_treatment_00027,16,34,5916,17170298,1.4112705557003147,1.0032643798245107
repeat_05,g0022,g0022_treatment_00029,32,50,4852,22285748,0.8917713688586983,1.0033111081607806
repeat_05,g0022,g0022_treatment_00030,32,50,4872,22300238,0.8948654269967881,1.0036232211812106
repeat_05,g0032,g0032_treatment_00032,32,16,6040,19934240,1.2410726468628852,1.0032171610373142
repeat_05,g0032,g0032_treatment_00035,32,16,6072,19976361,1.2450171480181,1.0033134460607476
repeat_05,g0000,g0000_treatment_00037,2,4,4932,22272744,0.9070041841274699,1.0033103360171018
repeat_05,g0000,g0000_treatment_00038,2,4,4936,22276966,0.9075677540648938,1.003659078877713
repeat_05,g0051,g0051_treatment_00040,16,2,5900,17135460,1.4103152176830969,1.003512580406959
repeat_05,g0051,g0051_treatment_00043,16,2,5892,17113563,1.4102049935480998,1.0033906487630875
repeat_05,g0049,g0049_treatment_00044,22,4,4868,22486964,0.8867060933614693,1.0036844074094853
repeat_05,g0049,g0049_treatment_00047,22,4,4868,22466258,0.8875233249791754,1.0030559682819005
repeat_05,g0043,g0043_treatment_00048,2,18,6160,19746363,1.2777725194254759,1.0033779668936074
repeat_05,g0043,g0043_treatment_00051,2,18,6168,19849073,1.2728114809190334,1.0037220865631138
repeat_05,g0041,g0041_treatment_00053,2,4,6164,19758831,1.2777954323309917,1.0035992539403125
repeat_05,g0041,g0041_treatment_00054,2,4,6168,19784666,1.2769549913048823,1.0036044133976476
repeat_05,g0040,g0040_treatment_00056,2,4,6172,19821724,1.2753942088992865,1.0036666089262558
repeat_05,g0040,g0040_treatment_00059,2,4,6164,19789404,1.2758213435836674,1.0034188763124507
repeat_05,g0016,g0016_treatment_00061,4,22,6084,17207182,1.4482362074161823,1.003785082010888
repeat_05,g0016,g0016_treatment_00062,4,22,6068,17161825,1.448245043869169,1.003372751282336
repeat_05,g0025,g0025_treatment_00064,20,50,5924,17131504,1.4163790873235649,1.0037605196644206
repeat_05,g0025,g0025_treatment_00067,20,50,5928,17133445,1.4171748880625,1.0038412496734364
repeat_05,g0017,g0017_treatment_00068,4,22,6116,17284920,1.449305868930837,1.0035977563897858
repeat_05,g0017,g0017_treatment_00071,4,22,6108,17263409,1.4492136518343508,1.0035971212565764
repeat_05,g0054,g0054_treatment_00073,50,32,5704,16889197,1.383344868320264,1.0032772310940674
repeat_05,g0054,g0054_treatment_00074,50,32,5708,16900214,1.3834125414033218,1.0036195168624946
repeat_05,g0052,g0052_treatment_00076,20,2,5836,16921237,1.4126778083659013,1.0036497677331564
repeat_05,g0052,g0052_treatment_00079,20,2,5832,16914579,1.4122652417184016,1.0032924113498063
repeat_05,g0024,g0024_treatment_00081,20,50,5888,17053346,1.4142238127344628,1.0035068773221403
repeat_05,g0024,g0024_treatment_00082,20,50,5888,17069878,1.4128541516231106,1.0038668852410813
repeat_05,g0013,g0013_treatment_00084,34,16,5952,17178379,1.4191904835724023,1.0033058484525292
repeat_05,g0013,g0013_treatment_00087,34,16,5956,17175992,1.4203416023947846,1.0033435258580428
repeat_05,g0042,g0042_treatment_00089,2,18,6164,19793768,1.2755400588710548,1.003561279886706
repeat_05,g0042,g0042_treatment_00090,2,18,6156,19761822,1.2759438881698257,1.0032990569401459
repeat_05,g0010,g0010_treatment_00093,4,2,6080,17194082,1.4483867181743113,1.0036461823772969
repeat_05,g0010,g0010_treatment_00094,4,2,6068,17165391,1.4479441802403452,1.0033515210643782
repeat_05,g0023,g0023_treatment_00096,32,50,4888,22308052,0.8974897494411435,1.0033236705711255
repeat_05,g0023,g0023_treatment_00099,32,50,4896,22356434,0.8970131819770542,1.0032782724238953
repeat_05,g0019,g0019_treatment_00100,2,16,5000,22500596,0.9101981120855643,1.003518868353274
repeat_05,g0019,g0019_treatment_00103,2,16,5004,22496040,0.9111107554929667,1.0035879006665667
repeat_05,g0018,g0018_treatment_00104,2,16,4940,22304498,0.907182040142755,1.0036519263081067
repeat_05,g0018,g0018_treatment_00107,2,16,4908,22216445,0.9048778056075129,1.0032539621325276
repeat_05,g0005,g0005_treatment_00109,16,32,5920,17171127,1.4121565812191594,1.0037907713546854
repeat_05,g0005,g0005_treatment_00110,16,32,5920,17178838,1.4115227118388334,1.0036456769595214
repeat_05,g0007,g0007_treatment_00112,32,48,4884,22326449,0.8960163794968022,1.0037012030011168
repeat_05,g0007,g0007_treatment_00115,32,48,4888,22338571,0.8962635971656379,1.003318754188248
repeat_05,g0060,g0060_treatment_00117,34,16,5904,17103047,1.4139459477600687,1.0035070724376625
repeat_05,g0060,g0060_treatment_00118,34,16,5892,17064709,1.4142422235269292,1.0032415867513649
repeat_05,g0021,g0021_treatment_00120,2,20,4992,22497719,0.9088580046714958,1.0033451798045294
repeat_05,g0021,g0021_treatment_00123,2,20,4988,22468091,0.9093272766253261,1.0033952205837202
repeat_05,g0048,g0048_treatment_00125,22,4,4644,21912065,0.8680981915670659,1.0034407768601528
repeat_05,g0048,g0048_treatment_00126,22,4,4636,21865814,0.8684358149209538,1.0033022165982084
repeat_05,g0002,g0002_treatment_00128,4,6,6088,17213667,1.4486424072221218,1.0036883081111
repeat_05,g0002,g0002_treatment_00131,4,6,6072,17186990,1.447077818745458,1.003563068460535
repeat_05,g0009,g0009_treatment_00133,2,18,5016,22530091,0.9119153579983321,1.0035604649196679
repeat_05,g0009,g0009_treatment_00134,2,18,4988,22469263,0.9092798459833774,1.0032838418806738
repeat_05,g0031,g0031_treatment_00137,18,32,5992,17128338,1.4329021297921607,1.0035258049799043
repeat_05,g0031,g0031_treatment_00138,18,32,5992,17133776,1.4324473484420481,1.0037680753406508
repeat_05,g0028,g0028_treatment_00141,16,34,5892,17098960,1.41140934887268,1.0037968724600854
repeat_05,g0028,g0028_treatment_00142,16,34,5888,17091125,1.4110977481002567,1.0035031639387837
repeat_05,g0062,g0062_treatment_00145,20,50,5828,16914323,1.4113179699831913,1.0035294918953221
repeat_05,g0062,g0062_treatment_00146,20,50,5832,16913312,1.4123710364948037,1.003571326004603
repeat_05,g0008,g0008_treatment_00149,2,18,4928,22256908,0.9069133951580336,1.0037115428341772
repeat_05,g0008,g0008_treatment_00150,2,18,4924,22254922,0.9062581302239567,1.0033671415067773
repeat_05,g0050,g0050_treatment_00153,16,2,5836,16949721,1.4103038038207236,1.003735378310538
repeat_05,g0050,g0050_treatment_00154,16,2,5840,16949153,1.4113177218944215,1.0034884659962042
repeat_05,g0047,g0047_treatment_00157,38,16,5916,17227500,1.406584588593818,1.0039870422002664
repeat_05,g0047,g0047_treatment_00158,38,16,5924,17236805,1.407726315868863,1.0040255256150854
repeat_05,g0055,g0055_treatment_00160,50,32,5764,17044298,1.385175499747775,1.0035831366123384
repeat_05,g0055,g0055_treatment_00163,50,32,5764,17040402,1.38549219672165,1.0038469878732372
repeat_05,g0035,g0035_treatment_00165,48,32,5732,17157668,1.3683836288241502,1.0036613464800421
repeat_05,g0035,g0035_treatment_00166,48,32,5732,17156605,1.368468412019744,1.003404413104271
repeat_05,g0061,g0061_treatment_00168,34,16,5936,17203966,1.4132704052077294,1.003661821069916
repeat_05,g0061,g0061_treatment_00171,34,16,5936,17197629,1.4137911685384073,1.003266783656701
repeat_05,g0014,g0014_treatment_00172,2,52,4940,22298640,0.9074203628562101,1.0036246110604918
repeat_05,g0014,g0014_treatment_00175,2,52,4948,22329808,0.9076212388391338,1.0037604254542347
repeat_05,g0001,g0001_treatment_00177,2,4,4984,22453287,0.909197125570078,1.0036227488729559
repeat_05,g0001,g0001_treatment_00178,2,4,5012,22536825,0.910915889882448,1.0035997523867686
repeat_05,g0004,g0004_treatment_00181,16,32,5892,17105402,1.4108778033980143,1.003871607926837
repeat_05,g0004,g0004_treatment_00182,16,32,5888,17089034,1.4112704088481538,1.0037695468590693
repeat_05,g0037,g0037_treatment_00185,4,2,6144,17394221,1.4467922420900596,1.0037832695911548
repeat_05,g0037,g0037_treatment_00186,4,2,6136,17381606,1.445957065187187,1.0037778522617102
repeat_05,g0015,g0015_treatment_00189,2,52,5000,22506743,0.9099495204614901,1.0036748466632481
repeat_05,g0015,g0015_treatment_00190,2,52,5008,22486506,0.9122256699195509,1.0036007147961363
repeat_05,g0046,g0046_treatment_00192,38,16,5872,17076306,1.4084844813626554,1.0033448341446536
repeat_05,g0046,g0046_treatment_00195,38,16,5884,17115139,1.4081605764346992,1.0039288699735849
repeat_05,g0003,g0003_treatment_00197,4,6,6108,17263327,1.4492205355317662,1.0035314476429897
repeat_05,g0003,g0003_treatment_00198,4,6,6104,17258726,1.4486575660335532,1.003237394243213
repeat_05,g0038,g0038_treatment_00201,6,4,5952,16895723,1.4429327469443007,1.0038761806329408
repeat_05,g0038,g0038_treatment_00202,6,4,5952,16892622,1.4431976279348464,1.0037023082936494
repeat_05,g0059,g0059_treatment_00204,2,20,6164,19780536,1.2763933191699153,1.0035266053923229
repeat_05,g0059,g0059_treatment_00207,2,20,6156,19773118,1.2752149660968999,1.0034929445828351
repeat_05,g0053,g0053_treatment_00208,20,2,5880,17048296,1.4127206613493806,1.0036505920128744
repeat_05,g0053,g0053_treatment_00211,20,2,5880,17046491,1.4128702499534949,1.0032739949701202
repeat_05,g0039,g0039_treatment_00213,6,4,6040,17141609,1.4432624148643223,1.0032594678260776
repeat_05,g0039,g0039_treatment_00214,6,4,6024,17105398,1.4424864010764322,1.0035030564331644
repeat_05,g0026,g0026_treatment_00216,20,2,5888,17051672,1.4143626501846858,1.003211963844609
repeat_05,g0026,g0026_treatment_00219,20,2,5892,17057865,1.4148096493904718,1.0032880322870972
repeat_05,g0006,g0006_treatment_00220,32,48,4856,22177349,0.8968689630126666,1.003264528061424
repeat_05,g0006,g0006_treatment_00223,32,48,4848,22166935,0.8958120732523464,1.003508782572369
repeat_05,g0030,g0030_treatment_00224,18,32,5972,17052685,1.434455160580284,1.0037755442726581
repeat_05,g0030,g0030_treatment_00227,18,32,5972,17043128,1.4352595368643597,1.0037731172931559
repeat_05,g0020,g0020_treatment_00228,2,20,4908,22216181,0.9048885584790654,1.003689940042032
repeat_05,g0020,g0020_treatment_00231,2,20,4932,22284310,0.9065334309206792,1.0033327346618497
repeat_05,g0045,g0045_treatment_00232,16,34,5892,17118136,1.409828266348626,1.003369978691306
repeat_05,g0045,g0045_treatment_00235,16,34,5900,17132563,1.4105536924043414,1.003770283833496
repeat_05,g0063,g0063_treatment_00237,20,50,5868,17023647,1.4118788999795402,1.003568448365763
repeat_05,g0063,g0063_treatment_00238,20,50,5876,17047358,1.4118373064025522,1.003712545636992
repeat_05,g0056,g0056_treatment_00240,18,32,5820,17009682,1.4014794632844987,1.0037541460955182
repeat_05,g0056,g0056_treatment_00243,18,32,5816,17007748,1.4006755038938723,1.00323685529663
repeat_05,g0036,g0036_treatment_00245,4,2,6040,17123413,1.444796081248522,1.0037034668522367
repeat_05,g0036,g0036_treatment_00246,4,2,6044,17115856,1.4463912292788628,1.0038308468624275
repeat_05,g0012,g0012_treatment_00249,34,16,5932,17119230,1.4193086955429655,1.0036914288635708
repeat_05,g0012,g0012_treatment_00250,34,16,5924,17108214,1.4183072528786465,1.003382355623513
repeat_05,g0058,g0058_treatment_00253,2,20,6168,19794686,1.276308601207415,1.0035846716956038
repeat_05,g0058,g0058_treatment_00254,2,20,6168,19810794,1.275270844772804,1.003612098851779
