group,observed_effect_pct,constant_size_predicted_effect_pct,XY_predicted_effect_pct,YX_predicted_effect_pct,combined_descriptive_predicted_effect_pct
g0000,33.98796654533231,13.507450063936169,11.069858612626517,12.848308564395477,11.321742492600638
g0001,34.96079820587019,14.188229767319697,11.750638316010043,13.529088267779006,12.002522195984167
g0002,3.2613143403398936,13.507450063936169,11.069858612626517,12.848308564395477,11.321742492600638
g0003,3.5433240114216558,14.188229767319697,11.750638316010043,13.529088267779006,12.002522195984167
g0004,2.672574750296919,13.507450063936169,13.75545166407067,16.977880470228573,14.246937619526442
g0005,2.9147070855986223,14.188229767319697,14.436231367454194,17.658660173612102,14.92771732290997
g0006,33.480328177840676,13.507450063936169,13.75545166407067,16.977880470228573,14.246937619526442
g0007,33.87013505049416,14.188229767319697,14.436231367454194,17.658660173612102,14.92771732290997
g0008,33.77813687819589,13.507450063936169,8.363402590991011,13.25025102907735,18.73535244864354
g0009,34.927429597738914,14.188229767319697,9.044182294374538,13.93103073246088,19.416132152027064
g0010,3.265561613404011,13.507450063936169,14.295150286535893,3.205424198864219,3.845348338887746
g0011,3.512102040193965,14.188229767319697,14.97592998991942,3.8862039022477477,4.526128042271271
g0012,2.8030135722940885,13.507450063936169,14.96719166272737,11.641316407855548,15.695486585141571
g0013,3.0416848394932305,14.188229767319697,15.647971366110898,12.322096111239077,16.3762662885251
g0014,34.35682082803781,13.507450063936169,17.64189819279242,19.48454898731511,19.74982419207879
g0015,35.13796918352303,14.188229767319697,18.32267789617595,20.16532869069864,20.430603895462315
g0016,3.2676720556722216,13.507450063936169,13.77631463426202,15.75691954616389,12.968668071258538
g0017,3.502931909337792,14.188229767319697,14.457094337645547,16.437699249547418,13.649447774642066
g0018,33.7891302359568,13.507450063936169,13.115159779449643,14.147984924942087,18.164873354954878
g0019,35.1705552804954,14.188229767319697,13.79593948283317,14.828764628325615,18.845653058338407
g0020,33.76636390693757,13.507450063936169,11.069858612626517,13.25025102907735,10.073457979398858
g0021,35.03933595022622,14.188229767319697,11.750638316010043,13.93103073246088,10.754237682782387
g0022,33.47064435862765,13.507450063936169,20.91627280676253,22.314444532601605,25.13414502259452
g0023,33.898349242043025,14.188229767319697,21.597052510146057,22.995224235985134,25.814924725978045
g0024,2.473861504554953,13.507450063936169,14.344233226596625,9.662299787242544,6.843061866856621
g0025,2.7041183577581895,14.188229767319697,15.025012929980154,10.343079490626073,7.5238415702401475
g0026,2.545696050891144,13.507450063936169,8.363402590991011,3.205424198864219,2.885462128852474
g0027,2.7133078159720103,14.188229767319697,9.044182294374538,3.8862039022477477,3.566241832235999
g0028,2.787208643044692,13.507450063936169,14.344233226596625,16.977880470228573,16.53508998688333
g0029,2.925418850642414,14.188229767319697,15.025012929980154,17.658660173612102,17.215869690266857
g0030,2.433518472944285,13.507450063936169,13.75545166407067,11.641316407855548,6.7397942667423365
g0031,2.670581481513712,14.188229767319697,14.436231367454194,12.322096111239077,7.420573970125864
g0032,22.68530088758358,13.507450063936169,11.069858612626517,12.848308564395477,11.321742492600638
g0033,22.92139131497677,14.188229767319697,11.750638316010043,13.529088267779006,12.002522195984167
g0034,4.780886782131977,13.507450063936169,11.069858612626517,12.848308564395477,11.321742492600638
g0035,5.391601272433055,14.188229767319697,11.750638316010043,13.529088267779006,12.002522195984167
g0036,5.114543894594292,13.507450063936169,13.75545166407067,16.977880470228573,14.246937619526442
g0037,6.766475237100034,14.188229767319697,14.436231367454194,17.658660173612102,14.92771732290997
g0038,3.869510156474165,13.507450063936169,13.75545166407067,16.977880470228573,14.246937619526442
g0039,5.117454596598137,14.188229767319697,14.436231367454194,17.658660173612102,14.92771732290997
g0040,21.58007338760055,13.507450063936169,14.96719166272737,9.662299787242544,13.510601817898966
g0041,21.39846352928949,14.188229767319697,15.647971366110898,10.343079490626073,14.191381521282494
g0042,21.575407080050056,13.507450063936169,14.344233226596625,11.641316407855548,9.027946634099226
g0043,21.494087751650714,14.188229767319697,15.025012929980154,12.322096111239077,9.708726337482753
g0044,4.076232149337922,13.507450063936169,8.363402590991011,3.205424198864219,2.885462128852474
g0045,5.16198463353692,14.188229767319697,9.044182294374538,3.8862039022477477,3.566241832235999
g0046,5.07923031819939,13.507450063936169,17.64189819279242,19.48454898731511,19.74982419207879
g0047,5.786835845322025,14.188229767319697,18.32267789617595,20.16532869069864,20.430603895462315
g0048,34.48083658713814,13.507450063936169,20.91627280676253,22.314444532601605,25.13414502259452
g0049,38.085098415420134,14.188229767319697,21.597052510146057,22.995224235985134,25.814924725978045
g0050,4.09011059184079,13.507450063936169,14.935442171156918,8.362623426695935,7.33355931642544
g0051,5.170157741468673,14.188229767319697,15.616221874540443,9.043403130079463,8.014339019808967
g0052,3.8586940348859455,13.507450063936169,14.344233226596625,16.977880470228573,16.53508998688333
g0053,4.749910434308435,14.188229767319697,15.025012929980154,17.658660173612102,17.215869690266857
g0054,3.7745621836793974,13.507450063936169,13.77631463426202,15.75691954616389,12.968668071258538
g0055,4.6542764370280265,14.188229767319697,14.457094337645547,16.437699249547418,13.649447774642066
g0056,4.611857341821501,13.507450063936169,14.295150286535893,13.25025102907735,19.69523865867881
g0057,5.104053303321798,14.188229767319697,14.97592998991942,13.93103073246088,20.376018362062336
g0058,21.565968637971267,13.507450063936169,14.96719166272737,11.641316407855548,15.695486585141571
g0059,21.456285119866237,14.188229767319697,15.647971366110898,12.322096111239077,16.3762662885251
g0060,5.040988006530633,13.507450063936169,11.069858612626517,13.25025102907735,10.073457979398858
g0061,5.6467570670855505,14.188229767319697,11.750638316010043,13.93103073246088,10.754237682782387
g0062,3.9143880717470436,13.507450063936169,8.363402590991011,12.848308564395477,19.983636961845317
g0063,4.585770952501922,14.188229767319697,9.044182294374538,13.529088267779006,20.664416665228845
