model,feature,coefficient_pct_points,interpretation
constant_size,constant,13.507450063936169,descriptive_only_not_physical_cost
constant_size,size1024,0.6807797033835277,descriptive_only_not_physical_cost
XY,constant,7.77219364643072,descriptive_only_not_physical_cost
XY,size1024,0.6807797033835277,descriptive_only_not_physical_cost
XY,XY_forward_same_direction,2.115247077075212,descriptive_only_not_physical_cost
XY,XY_forward_opposite_direction,5.340538750984589,descriptive_only_not_physical_cost
XY,XY_forward_shared_internal_nodes,0.591208944560292,descriptive_only_not_physical_cost
XY,XY_reply_same_direction,-5.949081144035161,descriptive_only_not_physical_cost
XY,XY_reply_opposite_direction,-7.160821142691863,descriptive_only_not_physical_cost
XY,XY_reply_shared_internal_nodes,6.572039580165906,descriptive_only_not_physical_cost
YX,constant,10.743582511990812,descriptive_only_not_physical_cost
YX,size1024,0.6807797033835277,descriptive_only_not_physical_cost
YX,YX_forward_same_direction,4.43883016650829,descriptive_only_not_physical_cost
YX,YX_forward_opposite_direction,-2.8767505164777414,descriptive_only_not_physical_cost
YX,YX_forward_shared_internal_nodes,0.8977338958647366,descriptive_only_not_physical_cost
YX,YX_reply_same_direction,-12.551495347299669,descriptive_only_not_physical_cost
YX,YX_reply_opposite_direction,-2.9086109817684105,descriptive_only_not_physical_cost
YX,YX_reply_shared_internal_nodes,2.506668517086538,descriptive_only_not_physical_cost
combined_descriptive,constant,6.858723774203401,descriptive_only_not_physical_cost
combined_descriptive,size1024,0.6807797033835277,descriptive_only_not_physical_cost
combined_descriptive,XY_forward_same_direction,-8.981418582580458,descriptive_only_not_physical_cost
combined_descriptive,XY_forward_opposite_direction,0.6403620966994916,descriptive_only_not_physical_cost
combined_descriptive,XY_forward_shared_internal_nodes,0.3195241133357797,descriptive_only_not_physical_cost
combined_descriptive,XY_reply_same_direction,5.575628268115261,descriptive_only_not_physical_cost
combined_descriptive,XY_reply_opposite_direction,-3.3800640502839743,descriptive_only_not_physical_cost
combined_descriptive,XY_reply_shared_internal_nodes,1.0919116829270847,descriptive_only_not_physical_cost
combined_descriptive,YX_forward_same_direction,6.429832175815365,descriptive_only_not_physical_cost
combined_descriptive,YX_forward_opposite_direction,-3.2621959442113453,descriptive_only_not_physical_cost
combined_descriptive,YX_forward_shared_internal_nodes,1.0773111769687398,descriptive_only_not_physical_cost
combined_descriptive,YX_reply_same_direction,-27.40699488089542,descriptive_only_not_physical_cost
combined_descriptive,YX_reply_opposite_direction,-10.308820047902577,descriptive_only_not_physical_cost
combined_descriptive,YX_reply_shared_internal_nodes,11.557104561104357,descriptive_only_not_physical_cost
