mode,bytes,reps,active_pes,offset,cycles,cycles_per_op,aggregate_bytes_per_cycle,errors
get,1024,1000,1,0,543431,543.431000,1.884323861,0
get,1024,1000,1,4,542174,542.174000,1.888692560,0
get,128,10000,1,0,4408144,440.814400,0.290371639,0
get,128,10000,1,4,4636062,463.606200,0.276096394,0
get,16384,1000,1,0,1437448,1437.448000,11.397977527,0
get,16384,1000,1,4,1411029,1411.029000,11.611384316,0
get,16,10000,1,0,4408766,440.876600,0.036291334,0
get,16,10000,1,4,4415316,441.531600,0.036237497,0
get,2048,1000,1,0,590415,590.415000,3.468746560,0
get,2048,1000,1,4,596056,596.056000,3.435918773,0
get,256,10000,1,0,4586665,458.666500,0.558139738,0
get,256,10000,1,4,4665965,466.596500,0.548653923,0
get,32768,1000,1,0,2363991,2363.991000,13.861304887,0
get,32768,1000,1,4,2338495,2338.495000,14.012431072,0
get,32,10000,1,0,4408817,440.881700,0.072581829,0
get,32,10000,1,4,4426762,442.676200,0.072287600,0
get,4096,1000,1,0,711570,711.570000,5.756285397,0
get,4096,1000,1,4,716315,716.315000,5.718154722,0
get,512,10000,1,0,4794007,479.400700,1.068000109,0
get,512,10000,1,4,4921858,492.185800,1.040257561,0
get,64,10000,1,0,4406812,440.681200,0.145229703,0
get,64,10000,1,4,4431252,443.125200,0.144428708,0
get,65536,1000,1,0,4175189,4175.189000,15.696534935,0
get,65536,1000,1,4,4192915,4192.915000,15.630176142,0
get,8192,1000,1,0,952975,952.975000,8.596238096,0
get,8192,1000,1,4,957150,957.150000,8.558742099,0
get,8,10000,1,0,4406323,440.632300,0.018155728,0
get,8,10000,1,4,4416560,441.656000,0.018113645,0
get,1024,1000,64,0,4017041,4017.041000,16.314496168,0
get,1024,1000,64,4,4398213,4398.213000,14.900597129,0
get,128,10000,64,0,11510539,1151.053900,7.116956035,0
get,128,10000,64,4,16453407,1645.340700,4.978908016,0
get,16384,1000,64,0,51147034,51147.034000,20.501208340,0
get,16384,1000,64,4,51215726,51215.726000,20.473711531,0
get,16,10000,64,0,11474362,1147.436200,0.892424346,0
get,16,10000,64,4,11457520,1145.752000,0.893736166,0
get,2048,1000,64,0,6386884,6386.884000,20.522057391,0
get,2048,1000,64,4,6687329,6687.329000,19.600052577,0
get,256,10000,64,0,16658287,1665.828700,9.835345015,0
get,256,10000,64,4,20965705,2096.570500,7.814666857,0
get,32768,1000,64,0,100460555,100460.555000,20.875377406,0
get,32768,1000,64,4,101233235,101233.235000,20.716042513,0
get,32,10000,64,0,11457891,1145.789100,1.787414455,0
get,32,10000,64,4,11475860,1147.586000,1.784615706,0
get,4096,1000,64,0,12312986,12312.986000,21.290042886,0
get,4096,1000,64,4,12484921,12484.921000,20.996848919,0
get,512,10000,64,0,23623602,2362.360200,13.870873714,0
get,512,10000,64,4,26903219,2690.321900,12.179955120,0
get,64,10000,64,0,11468987,1146.898700,3.571370340,0
get,64,10000,64,4,11519338,1151.933800,3.555759888,0
get,65536,1000,64,0,197570314,197570.314000,21.229424174,0
get,65536,1000,64,4,198110694,198110.694000,21.171517374,0
get,8192,1000,64,0,25414544,25414.544000,20.629447453,0
get,8192,1000,64,4,25392420,25392.420000,20.647421553,0
get,8,10000,64,0,11486132,1148.613200,0.445754933,0
get,8,10000,64,4,11488382,1148.838200,0.445667632,0
iget,1024,1000,1,0,543040,543.040000,1.885680613,0
iget,1024,1000,1,4,543116,543.116000,1.885416743,0
iget,128,10000,1,0,4405383,440.538300,0.290553625,0
iget,128,10000,1,4,4557310,455.731000,0.280867442,0
iget,16384,1000,1,0,1436470,1436.470000,11.405737676,0
iget,16384,1000,1,4,1443530,1443.530000,11.349954625,0
iget,16,10000,1,0,4410083,441.008300,0.036280496,0
iget,16,10000,1,4,4411015,441.101500,0.036272831,0
iget,2048,1000,1,0,586071,586.071000,3.494457156,0
iget,2048,1000,1,4,595952,595.952000,3.436518377,0
iget,256,10000,1,0,4538407,453.840700,0.564074575,0
iget,256,10000,1,4,4660874,466.087400,0.549253209,0
iget,32768,1000,1,0,2345692,2345.692000,13.969438443,0
iget,32768,1000,1,4,2349709,2349.709000,13.945556663,0
iget,32,10000,1,0,4411829,441.182900,0.072532276,0
iget,32,10000,1,4,4413041,441.304100,0.072512356,0
iget,4096,1000,1,0,710933,710.933000,5.761443061,0
iget,4096,1000,1,4,723376,723.376000,5.662338811,0
iget,512,10000,1,0,4784677,478.467700,1.070082683,0
iget,512,10000,1,4,4926921,492.692100,1.039188572,0
iget,64,10000,1,0,4406619,440.661900,0.145236064,0
iget,64,10000,1,4,4411803,441.180300,0.145065407,0
iget,65536,1000,1,0,4180935,4180.935000,15.674962658,0
iget,65536,1000,1,4,4182075,4182.075000,15.670689789,0
iget,8192,1000,1,0,957400,957.400000,8.556507207,0
iget,8192,1000,1,4,964152,964.152000,8.496585601,0
iget,8,10000,1,0,4407531,440.753100,0.018150752,0
iget,8,10000,1,4,4410607,441.060700,0.018138093,0
iget,1024,1000,64,0,4025758,4025.758000,16.279170283,0
iget,1024,1000,64,4,4397700,4397.700000,14.902335312,0
iget,128,10000,64,0,11495193,1149.519300,7.126457120,0
iget,128,10000,64,4,16473046,1647.304600,4.972972212,0
iget,16384,1000,64,0,51119821,51119.821000,20.512121903,0
iget,16384,1000,64,4,51186337,51186.337000,20.485466659,0
iget,16,10000,64,0,11450688,1145.068800,0.894269410,0
iget,16,10000,64,4,11514814,1151.481400,0.889289223,0
iget,2048,1000,64,0,6386249,6386.249000,20.524097949,0
iget,2048,1000,64,4,6677025,6677.025000,19.630299422,0
iget,256,10000,64,0,16504123,1650.412300,9.927216369,0
iget,256,10000,64,4,21013566,2101.356600,7.796867985,0
iget,32768,1000,64,0,100436962,100436.962000,20.880281106,0
iget,32768,1000,64,4,101221521,101221.521000,20.718439906,0
iget,32,10000,64,0,11513180,1151.318000,1.778830870,0
iget,32,10000,64,4,11444166,1144.416600,1.789558103,0
iget,4096,1000,64,0,12281735,12281.735000,21.344215618,0
iget,4096,1000,64,4,12487327,12487.327000,20.992803344,0
iget,512,10000,64,0,23636334,2363.633400,13.863401998,0
iget,512,10000,64,4,26891027,2689.102700,12.185477334,0
iget,64,10000,64,0,11502428,1150.242800,3.560987298,0
iget,64,10000,64,4,11503271,1150.327100,3.560726336,0
iget,65536,1000,64,0,197720737,197720.737000,21.213273143,0
iget,65536,1000,64,4,198163876,198163.876000,21.165835493,0
iget,8192,1000,64,0,25412364,25412.364000,20.631217151,0
iget,8192,1000,64,4,25409639,25409.639000,20.633429700,0
iget,8,10000,64,0,11436241,1143.624100,0.447699554,0
iget,8,10000,64,4,11440242,1144.024200,0.447542980,0
iput,1024,1000,1,0,286831,286.831000,3.570046473,0
iput,1024,1000,1,4,454140,454.140000,2.254811292,0
iput,128,10000,1,0,2400933,240.093300,0.533126081,0
iput,128,10000,1,4,3834591,383.459100,0.333803527,0
iput,16384,1000,1,0,1110366,1110.366000,14.755495035,0
iput,16384,1000,1,4,1447674,1447.674000,11.317465120,0
iput,16,10000,1,0,2341766,234.176600,0.068324504,0
iput,16,10000,1,4,2282242,228.224200,0.070106501,0
iput,2048,1000,1,0,343749,343.749000,5.957835514,0
iput,2048,1000,1,4,497224,497.224000,4.118867955,0
iput,256,10000,1,0,2463318,246.331800,1.039248688,0
iput,256,10000,1,4,3709445,370.944500,0.690130195,0
iput,32768,1000,1,0,1983442,1983.442000,16.520775500,0
iput,32768,1000,1,4,2051278,2051.278000,15.974431550,0
iput,32,10000,1,0,2342582,234.258200,0.136601408,0
iput,32,10000,1,4,2282944,228.294400,0.140169886,0
iput,4096,1000,1,0,455690,455.690000,8.988566789,0
iput,4096,1000,1,4,633678,633.678000,6.463850725,0
iput,512,10000,1,0,2582318,258.231800,1.982714755,0
iput,512,10000,1,4,4050746,405.074600,1.263964712,0
iput,64,10000,1,0,2341854,234.185400,0.273287746,0
iput,64,10000,1,4,3663955,366.395500,0.174674634,0
iput,65536,1000,1,0,3729116,3729.116000,17.574138214,0
iput,65536,1000,1,4,3737517,3737.517000,17.534635963,0
iput,8192,1000,1,0,671217,671.217000,12.204696842,0
iput,8192,1000,1,4,804979,804.979000,10.176662994,0
iput,8,10000,1,0,2342620,234.262000,0.034149798,0
iput,8,10000,1,4,2282236,228.223600,0.035053342,0
iput,1024,1000,64,0,4482426,4482.426000,14.620654083,0
iput,1024,1000,64,4,11664727,11664.727000,5.618305512,0
iput,128,10000,64,0,5337640,533.764000,15.347606808,0
iput,128,10000,64,4,67641283,6764.128300,1.211094710,0
iput,16384,1000,64,0,65680578,65680.578000,15.964780334,0
iput,16384,1000,64,4,77440000,77440.000000,13.540495868,0
iput,16,10000,64,0,26005138,2600.513800,0.393768339,0
iput,16,10000,64,4,26023334,2602.333400,0.393493009,0
iput,2048,1000,64,0,8870311,8870.311000,14.776483034,0
iput,2048,1000,64,4,18675997,18675.997000,7.018206310,0
iput,256,10000,64,0,10743149,1074.314900,15.250649507,0
iput,256,10000,64,4,75738604,7573.860400,2.163229732,0
iput,32768,1000,64,0,128680182,128680.182000,16.297396906,0
iput,32768,1000,64,4,144864491,144864.491000,14.476646316,0
iput,32,10000,64,0,25996075,2599.607500,0.787811237,0
iput,32,10000,64,4,26035570,2603.557000,0.786616156,0
iput,4096,1000,64,0,17239827,17239.827000,15.205721032,0
iput,4096,1000,64,4,25977729,25977.729000,10.091105346,0
iput,512,10000,64,0,22114542,2211.454200,14.817399338,0
iput,512,10000,64,4,83300041,8330.004100,3.933731557,0
iput,64,10000,64,0,26039775,2603.977500,1.572978261,0
iput,64,10000,64,4,50363497,5036.349700,0.813287449,0
iput,65536,1000,64,0,262431431,262431.431000,15.982475819,0
iput,65536,1000,64,4,275313672,275313.672000,15.234637530,0
iput,8192,1000,64,0,32678773,32678.773000,16.043686830,0
iput,8192,1000,64,4,44651683,44651.683000,11.741729869,0
iput,8,10000,64,0,25967428,2596.742800,0.197170086,0
iput,8,10000,64,4,26018942,2601.894200,0.196779715,0
put,1024,1000,1,0,292169,292.169000,3.504820840,0
put,1024,1000,1,4,453446,453.446000,2.258262285,0
put,128,10000,1,0,2422666,242.266600,0.528343569,0
put,128,10000,1,4,3843718,384.371800,0.333010902,0
put,16384,1000,1,0,1118177,1118.177000,14.652420860,0
put,16384,1000,1,4,1419292,1419.292000,11.543783802,0
put,16,10000,1,0,2401212,240.121200,0.066633017,0
put,16,10000,1,4,2356606,235.660600,0.067894251,0
put,2048,1000,1,0,348429,348.429000,5.877811548,0
put,2048,1000,1,4,496917,496.917000,4.121412630,0
put,256,10000,1,0,2505122,250.512200,1.021906318,0
put,256,10000,1,4,3698156,369.815600,0.692236888,0
put,32768,1000,1,0,1990095,1990.095000,16.465545615,0
put,32768,1000,1,4,2049788,2049.788000,15.986043435,0
put,32,10000,1,0,2401684,240.168400,0.133239843,0
put,32,10000,1,4,2356635,235.663500,0.135786832,0
put,4096,1000,1,0,460415,460.415000,8.896321797,0
put,4096,1000,1,4,638656,638.656000,6.413468283,0
put,512,10000,1,0,2633950,263.395000,1.943848592,0
put,512,10000,1,4,4035680,403.568000,1.268683345,0
put,64,10000,1,0,2402680,240.268000,0.266369221,0
put,64,10000,1,4,3665280,366.528000,0.174611489,0
put,65536,1000,1,0,3739419,3739.419000,17.525717230,0
put,65536,1000,1,4,3743015,3743.015000,17.508879874,0
put,8192,1000,1,0,678711,678.711000,12.069938457,0
put,8192,1000,1,4,799713,799.713000,10.243674918,0
put,8,10000,1,0,2402819,240.281900,0.033294226,0
put,8,10000,1,4,2356833,235.683300,0.033943856,0
put,1024,1000,64,0,4476943,4476.943000,14.638560285,0
put,1024,1000,64,4,11611975,11611.975000,5.643828892,0
put,128,10000,64,0,5330805,533.080500,15.367285054,0
put,128,10000,64,4,67641460,6764.146000,1.211091541,0
put,16384,1000,64,0,64522118,64522.118000,16.251419397,0
put,16384,1000,64,4,78352110,78352.110000,13.382868694,0
put,16,10000,64,0,26030397,2603.039700,0.393386240,0
put,16,10000,64,4,26073586,2607.358600,0.392734624,0
put,2048,1000,64,0,8752911,8752.911000,14.974675282,0
put,2048,1000,64,4,18621434,18621.434000,7.038770484,0
put,256,10000,64,0,10750734,1075.073400,15.239889667,0
put,256,10000,64,4,75601797,7560.179700,2.167144255,0
put,32768,1000,64,0,132013126,132013.126000,15.885935464,0
put,32768,1000,64,4,141892423,141892.423000,14.779873059,0
put,32,10000,64,0,26114781,2611.478100,0.784230203,0
put,32,10000,64,4,26050892,2605.089200,0.786153503,0
put,4096,1000,64,0,17217180,17217.180000,15.225722215,0
put,4096,1000,64,4,26010240,26010.240000,10.078492163,0
put,512,10000,64,0,22085961,2208.596100,14.836574238,0
put,512,10000,64,4,83479904,8347.990400,3.925256071,0
put,64,10000,64,0,26024990,2602.499000,1.573871882,0
put,64,10000,64,4,50296128,5029.612800,0.814376805,0
put,65536,1000,64,0,262131168,262131.168000,16.000783241,0
put,65536,1000,64,4,280363842,280363.842000,14.960217302,0
put,8192,1000,64,0,32997568,32997.568000,15.888686100,0
put,8192,1000,64,4,44228068,44228.068000,11.854191777,0
put,8,10000,64,0,26054758,2605.475800,0.196509213,0
put,8,10000,64,4,26098086,2609.808600,0.196182969,0
