record,pe,cycles,send_cycles,recv_cycles,sent,received,errors,background_limit_hit,value,wait_stage,wait_expected,wait_observed
pe,0,16571171,16571171,0,2048,2048,0,0,,0,0,0
pe,54,16570798,0,0,2048,2048,0,0,,0,0,0
aggregate,probe,16571171,0,0,2048,2048,0,0,8091.392089844,0,0,0
sample,0,526981,0,0,0,0,0,0,8234.078125000,0,0,0
sample,1,518565,0,0,0,0,0,0,8102.578125000,0,0,0
sample,2,516585,0,0,0,0,0,0,8071.640625000,0,0,0
sample,3,517275,0,0,0,0,0,0,8082.421875000,0,0,0
sample,4,516364,0,0,0,0,0,0,8068.187500000,0,0,0
sample,5,517199,0,0,0,0,0,0,8081.234375000,0,0,0
sample,6,517586,0,0,0,0,0,0,8087.281250000,0,0,0
sample,7,516942,0,0,0,0,0,0,8077.218750000,0,0,0
sample,8,518439,0,0,0,0,0,0,8100.609375000,0,0,0
sample,9,516516,0,0,0,0,0,0,8070.562500000,0,0,0
sample,10,516225,0,0,0,0,0,0,8066.015625000,0,0,0
sample,11,518644,0,0,0,0,0,0,8103.812500000,0,0,0
sample,12,517084,0,0,0,0,0,0,8079.437500000,0,0,0
sample,13,518219,0,0,0,0,0,0,8097.171875000,0,0,0
sample,14,516242,0,0,0,0,0,0,8066.281250000,0,0,0
sample,15,516498,0,0,0,0,0,0,8070.281250000,0,0,0
sample,16,517136,0,0,0,0,0,0,8080.250000000,0,0,0
sample,17,516405,0,0,0,0,0,0,8068.828125000,0,0,0
sample,18,517308,0,0,0,0,0,0,8082.937500000,0,0,0
sample,19,516265,0,0,0,0,0,0,8066.640625000,0,0,0
sample,20,517185,0,0,0,0,0,0,8081.015625000,0,0,0
sample,21,518459,0,0,0,0,0,0,8100.921875000,0,0,0
sample,22,516520,0,0,0,0,0,0,8070.625000000,0,0,0
sample,23,517046,0,0,0,0,0,0,8078.843750000,0,0,0
sample,24,519634,0,0,0,0,0,0,8119.281250000,0,0,0
sample,25,517057,0,0,0,0,0,0,8079.015625000,0,0,0
sample,26,516522,0,0,0,0,0,0,8070.656250000,0,0,0
sample,27,516220,0,0,0,0,0,0,8065.937500000,0,0,0
sample,28,518644,0,0,0,0,0,0,8103.812500000,0,0,0
sample,29,516135,0,0,0,0,0,0,8064.609375000,0,0,0
sample,30,517742,0,0,0,0,0,0,8089.718750000,0,0,0
sample,31,516334,0,0,0,0,0,0,8067.718750000,0,0,0
