benchmark,mode,bytes,reps,active_pes,offset,pe,cycles,cycles_per_op,aggregate_bytes_per_cycle,errors,slot_stride,mapping,mapping_seed,slot,src_address,dst_address
dma,iput,128,10000,64,0,0,5510155,551.015500,,0,262144,transpose,20261005,0,0x500001406000,0x500002408000
dma,iput,128,10000,64,0,1,5511683,551.168300,,0,262144,transpose,20261005,8,0x500001606000,0x500002608000
dma,iput,128,10000,64,0,2,5515158,551.515800,,0,262144,transpose,20261005,16,0x500001806000,0x500002808000
dma,iput,128,10000,64,0,3,5513195,551.319500,,0,262144,transpose,20261005,24,0x500001a06000,0x500002a08000
dma,iput,128,10000,64,0,4,5523307,552.330700,,0,262144,transpose,20261005,32,0x500001c06000,0x500002c08000
dma,iput,128,10000,64,0,5,5522928,552.292800,,0,262144,transpose,20261005,40,0x500001e06000,0x500002e08000
dma,iput,128,10000,64,0,6,5523966,552.396600,,0,262144,transpose,20261005,48,0x500002006000,0x500003008000
dma,iput,128,10000,64,0,7,5525978,552.597800,,0,262144,transpose,20261005,56,0x500002206000,0x500003208000
dma,iput,128,10000,64,0,8,5511028,551.102800,,0,262144,transpose,20261005,1,0x500001446000,0x500002448000
dma,iput,128,10000,64,0,9,5509318,550.931800,,0,262144,transpose,20261005,9,0x500001646000,0x500002648000
dma,iput,128,10000,64,0,10,5516074,551.607400,,0,262144,transpose,20261005,17,0x500001846000,0x500002848000
dma,iput,128,10000,64,0,11,5514758,551.475800,,0,262144,transpose,20261005,25,0x500001a46000,0x500002a48000
dma,iput,128,10000,64,0,12,5523904,552.390400,,0,262144,transpose,20261005,33,0x500001c46000,0x500002c48000
dma,iput,128,10000,64,0,13,5521479,552.147900,,0,262144,transpose,20261005,41,0x500001e46000,0x500002e48000
dma,iput,128,10000,64,0,14,5525390,552.539000,,0,262144,transpose,20261005,49,0x500002046000,0x500003048000
dma,iput,128,10000,64,0,15,5526229,552.622900,,0,262144,transpose,20261005,57,0x500002246000,0x500003248000
dma,iput,128,10000,64,0,16,5519958,551.995800,,0,262144,transpose,20261005,2,0x500001486000,0x500002488000
dma,iput,128,10000,64,0,17,5519147,551.914700,,0,262144,transpose,20261005,10,0x500001686000,0x500002688000
dma,iput,128,10000,64,0,18,5522464,552.246400,,0,262144,transpose,20261005,18,0x500001886000,0x500002888000
dma,iput,128,10000,64,0,19,5523280,552.328000,,0,262144,transpose,20261005,26,0x500001a86000,0x500002a88000
dma,iput,128,10000,64,0,20,5531172,553.117200,,0,262144,transpose,20261005,34,0x500001c86000,0x500002c88000
dma,iput,128,10000,64,0,21,5529785,552.978500,,0,262144,transpose,20261005,42,0x500001e86000,0x500002e88000
dma,iput,128,10000,64,0,22,5531472,553.147200,,0,262144,transpose,20261005,50,0x500002086000,0x500003088000
dma,iput,128,10000,64,0,23,5531922,553.192200,,0,262144,transpose,20261005,58,0x500002286000,0x500003288000
dma,iput,128,10000,64,0,24,5519252,551.925200,,0,262144,transpose,20261005,3,0x5000014c6000,0x5000024c8000
dma,iput,128,10000,64,0,25,5520402,552.040200,,0,262144,transpose,20261005,11,0x5000016c6000,0x5000026c8000
dma,iput,128,10000,64,0,26,5521274,552.127400,,0,262144,transpose,20261005,19,0x5000018c6000,0x5000028c8000
dma,iput,128,10000,64,0,27,5521927,552.192700,,0,262144,transpose,20261005,27,0x500001ac6000,0x500002ac8000
dma,iput,128,10000,64,0,28,5530943,553.094300,,0,262144,transpose,20261005,35,0x500001cc6000,0x500002cc8000
dma,iput,128,10000,64,0,29,5530815,553.081500,,0,262144,transpose,20261005,43,0x500001ec6000,0x500002ec8000
dma,iput,128,10000,64,0,30,5532208,553.220800,,0,262144,transpose,20261005,51,0x5000020c6000,0x5000030c8000
dma,iput,128,10000,64,0,31,5531776,553.177600,,0,262144,transpose,20261005,59,0x5000022c6000,0x5000032c8000
dma,iput,128,10000,64,0,32,5526826,552.682600,,0,262144,transpose,20261005,4,0x500001506000,0x500002508000
dma,iput,128,10000,64,0,33,5526851,552.685100,,0,262144,transpose,20261005,12,0x500001706000,0x500002708000
dma,iput,128,10000,64,0,34,5528391,552.839100,,0,262144,transpose,20261005,20,0x500001906000,0x500002908000
dma,iput,128,10000,64,0,35,5527885,552.788500,,0,262144,transpose,20261005,28,0x500001b06000,0x500002b08000
dma,iput,128,10000,64,0,36,5536741,553.674100,,0,262144,transpose,20261005,36,0x500001d06000,0x500002d08000
dma,iput,128,10000,64,0,37,5535861,553.586100,,0,262144,transpose,20261005,44,0x500001f06000,0x500002f08000
dma,iput,128,10000,64,0,38,5537216,553.721600,,0,262144,transpose,20261005,52,0x500002106000,0x500003108000
dma,iput,128,10000,64,0,39,5536359,553.635900,,0,262144,transpose,20261005,60,0x500002306000,0x500003308000
dma,iput,128,10000,64,0,40,5525493,552.549300,,0,262144,transpose,20261005,5,0x500001546000,0x500002548000
dma,iput,128,10000,64,0,41,5526114,552.611400,,0,262144,transpose,20261005,13,0x500001746000,0x500002748000
dma,iput,128,10000,64,0,42,5527857,552.785700,,0,262144,transpose,20261005,21,0x500001946000,0x500002948000
dma,iput,128,10000,64,0,43,5526911,552.691100,,0,262144,transpose,20261005,29,0x500001b46000,0x500002b48000
dma,iput,128,10000,64,0,44,5536381,553.638100,,0,262144,transpose,20261005,37,0x500001d46000,0x500002d48000
dma,iput,128,10000,64,0,45,5536370,553.637000,,0,262144,transpose,20261005,45,0x500001f46000,0x500002f48000
dma,iput,128,10000,64,0,46,5537166,553.716600,,0,262144,transpose,20261005,53,0x500002146000,0x500003148000
dma,iput,128,10000,64,0,47,5537007,553.700700,,0,262144,transpose,20261005,61,0x500002346000,0x500003348000
dma,iput,128,10000,64,0,48,5532764,553.276400,,0,262144,transpose,20261005,6,0x500001586000,0x500002588000
dma,iput,128,10000,64,0,49,5532519,553.251900,,0,262144,transpose,20261005,14,0x500001786000,0x500002788000
dma,iput,128,10000,64,0,50,5533793,553.379300,,0,262144,transpose,20261005,22,0x500001986000,0x500002988000
dma,iput,128,10000,64,0,51,5533597,553.359700,,0,262144,transpose,20261005,30,0x500001b86000,0x500002b88000
dma,iput,128,10000,64,0,52,5540724,554.072400,,0,262144,transpose,20261005,38,0x500001d86000,0x500002d88000
dma,iput,128,10000,64,0,53,5540676,554.067600,,0,262144,transpose,20261005,46,0x500001f86000,0x500002f88000
dma,iput,128,10000,64,0,54,5541777,554.177700,,0,262144,transpose,20261005,54,0x500002186000,0x500003188000
dma,iput,128,10000,64,0,55,5541793,554.179300,,0,262144,transpose,20261005,62,0x500002386000,0x500003388000
dma,iput,128,10000,64,0,56,5531770,553.177000,,0,262144,transpose,20261005,7,0x5000015c6000,0x5000025c8000
dma,iput,128,10000,64,0,57,5532392,553.239200,,0,262144,transpose,20261005,15,0x5000017c6000,0x5000027c8000
dma,iput,128,10000,64,0,58,5533318,553.331800,,0,262144,transpose,20261005,23,0x5000019c6000,0x5000029c8000
dma,iput,128,10000,64,0,59,5533559,553.355900,,0,262144,transpose,20261005,31,0x500001bc6000,0x500002bc8000
dma,iput,128,10000,64,0,60,5540239,554.023900,,0,262144,transpose,20261005,39,0x500001dc6000,0x500002dc8000
dma,iput,128,10000,64,0,61,5541069,554.106900,,0,262144,transpose,20261005,47,0x500001fc6000,0x500002fc8000
dma,iput,128,10000,64,0,62,5542717,554.271700,,0,262144,transpose,20261005,55,0x5000021c6000,0x5000031c8000
dma,iput,128,10000,64,0,63,5542709,554.270900,,0,262144,transpose,20261005,63,0x5000023c6000,0x5000033c8000
dma,iput,128,10000,64,0,aggregate,5542717,554.271700,14.779755127,0,262144,transpose,20261005,,,
