repeat,group,family,label,bytes,probe_bytes,reply_bytes,window,metric,control,treatment,treatment_over_control,difference,control_range_pct,treatment_range_pct,control_efficiency,treatment_efficiency,efficiency_ratio
repeat_01,g0038,routes,p15_0_bg1_2_neither_forward_pb1024,4096,1024,8,4,RTT_cycles,7929.2814941404995,9618.0546875,1.2129793468181769,1688.7731933595005,0.09945706272160722,0.1918998368140647,,,
repeat_01,g0004,completion,s1_d2_reply8,1024,1024,8,1,sender_cycles_per_data,4825.45654296875,8171.78125,1.693473182741068,3346.32470703125,0.078239034822543,0.02968485298110495,,,
repeat_01,g0032,routes,p15_0_bg12_8_XY_forward_pb1024,4096,1024,8,4,RTT_cycles,7931.330078125,8352.2080078125,1.0530652394417808,420.8779296875,0.031015742804412036,0.020519929405475503,,,
repeat_01,g0016,directions,shared_edge_b5_b9,4096,4096,0,4,B_per_cycle,3.287550233,3.2949371789999997,1.0022469454385368,0.007386945999999561,0.10142537037242888,0.08152295033483813,0.9540932534342317,0.9552408329758683,1.0012027959924314
repeat_01,g0030,routes,p15_0_bg8_4_XY_forward_pb1024,4096,1024,8,4,RTT_cycles,7928.8212890625,9746.652832031501,1.2292688253015147,1817.831542969001,0.036937532455673085,0.05157018797756983,,,
repeat_01,g0029,routes,p15_0_bg8_4_XY_forward_pb8,4096,8,8,4,RTT_cycles,7921.9765625,9740.921630859499,1.2296074791447602,1818.9450683594987,0.0033406869600319153,0.062202348613558965,,,
repeat_01,g0008,completion,s0_d63_reply1024,1024,1024,1024,1,sender_cycles_per_data,4820.822998046875,8162.546630859375,1.6931852993081011,3341.7236328125,0.0048921075062400956,0.014075580002279731,,,
repeat_01,g0034,routes,p15_0_bg2_1_YX_forward_pb1024,4096,1024,8,4,RTT_cycles,7925.9084472654995,8469.156982421999,1.0685408541835888,543.2485351564992,0.021198526227987943,0.04092861427877218,,,
repeat_01,g0037,routes,p15_0_bg1_2_neither_forward_pb8,4096,8,8,4,RTT_cycles,7923.6052246095005,9632.879394531,1.215719249188836,1709.2741699215003,0.03322129440301388,0.1458627340229883,,,
repeat_01,g0025,routes,p0_15_bg1_5_neither_forward_pb8,4096,8,8,4,RTT_cycles,8101.1042480465,10855.178466796999,1.3399628167252156,2754.0742187504984,0.013169742029392594,0.14666189233734803,,,
repeat_01,g0027,routes,p0_15_bg2_1_neither_forward_pb8,4096,8,8,4,RTT_cycles,8099.945800781,8366.0068359375,1.0328472611669632,266.0610351565001,0.0259574460584298,0.14342593392893133,,,
repeat_01,g0024,routes,p0_15_bg8_12_YX_forward_pb1024,4096,1024,8,4,RTT_cycles,8117.8974609375,10858.303955078001,1.3375758941680478,2740.4064941405013,0.030675854024798364,0.019412885886428075,,,
repeat_01,g0021,routes,p0_15_bg4_8_YX_forward_pb8,4096,8,8,4,RTT_cycles,8102.7897949215,8332.338134766,1.02832954397859,229.54833984449942,0.10866844634817771,0.25838827958946736,,,
repeat_01,g0035,routes,p15_0_bg3_2_YX_forward_pb8,4096,8,8,4,RTT_cycles,7925.8125,8217.721923828001,1.0368302207285374,291.9094238280013,0.00568011559697858,0.05284049760080059,,,
repeat_01,g0010,ports,destination_cpe_b5_n2,4096,4096,0,4,B_per_cycle,3.3194097715,3.315446742,0.9988061041652566,-0.003963029500000381,0.36287960297703287,0.07145794170022184,0.9478041730938801,0.9471823207233201,0.9993439020546511
repeat_01,g0020,routes,p0_15_bg2_3_XY_forward_pb1024,4096,1024,8,4,RTT_cycles,8153.5979003904995,8435.162597655999,1.0345325708607749,281.5646972654995,0.9570580855509542,0.33070503963671677,,,
repeat_01,g0039,routes,p15_0_bg1_5_neither_forward_pb8,4096,8,8,4,RTT_cycles,7931.8615722654995,9638.375488281501,1.2151467093151231,1706.5139160160015,0.03332214490784942,0.006454099176324325,,,
repeat_01,g0006,completion,s0_d63_reply8,8,8,8,1,sender_cycles_per_data,4824.11328125,8117.341552734375,1.6826598132104913,3293.228271484375,0.11613614224764428,0.006610798501748839,,,
repeat_01,g0001,completion,s0_d1_reply8,1024,1024,8,1,sender_cycles_per_data,4823.836669921875,8137.7841796875,1.6869941369344283,3313.947509765625,0.010294337582910793,0.03055288847799694,,,
repeat_01,g0026,routes,p0_15_bg1_5_neither_forward_pb1024,4096,1024,8,4,RTT_cycles,8118.888427734,10966.550537109499,1.350745318736975,2847.6621093754984,0.025325540094581492,0.039720393539069185,,,
repeat_01,g0036,routes,p15_0_bg3_2_YX_forward_pb1024,4096,1024,8,4,RTT_cycles,7949.8879394529995,8317.6298828125,1.0462575002516077,367.7419433595005,0.5772302767723961,0.12089578647611343,,,
repeat_01,g0022,routes,p0_15_bg4_8_YX_forward_pb1024,4096,1024,8,4,RTT_cycles,8121.922851562,8351.4262695315,1.0282572762834556,229.50341796949942,0.007983792900412654,0.15142903699141974,,,
repeat_01,g0007,completion,s0_d63_reply8,1024,1024,8,1,sender_cycles_per_data,4825.941162109375,8123.23486328125,1.6832436597156228,3297.293701171875,0.03685930959366481,0.03160542389467424,,,
repeat_01,g0011,ports,source_cluster_b5_n2,4096,4096,0,4,B_per_cycle,3.2726022305,3.2900702265,1.0053376471595608,0.017467996000000152,0.7394125315468908,0.06845972410735533,0.9504706092232404,0.9540328833500824,1.0037479056083103
repeat_01,g0012,ports,destination_cluster_b5_n2,4096,4096,0,4,B_per_cycle,3.3172966375,3.3174066175,1.0000331535017872,0.000109979999999954,0.0653683175476984,0.4509274479977189,0.9489953751214351,0.9451100341977189,0.9959058378727936
repeat_01,g0000,completion,s0_d1_reply8,8,8,8,1,sender_cycles_per_data,4820.008544921875,8141.454833984375,1.6890955188371632,3321.4462890625,0.04989171977264571,0.025975039312661236,,,
repeat_01,g0014,directions,shared_edge_b5_b6,4096,4096,0,4,B_per_cycle,3.2685474085,3.2919742995,1.0071673707222595,0.023426891000000172,0.4481241104812928,0.02030845137830458,0.951987721399981,0.9553489726479286,1.0035307716395803
repeat_01,g0023,routes,p0_15_bg8_12_YX_forward_pb8,4096,8,8,4,RTT_cycles,8102.159667969,10816.153076171999,1.3349716025632614,2713.9934082029986,0.06333911140122765,0.26384239807838117,,,
repeat_01,g0040,routes,p15_0_bg1_5_neither_forward_pb1024,4096,1024,8,4,RTT_cycles,7942.819824219,9645.240722655999,1.2143345733773325,1702.4208984369989,0.5309556617840886,0.16269560566943098,,,
repeat_01,g0003,completion,s1_d2_reply8,8,8,8,1,sender_cycles_per_data,4816.103515625,8106.749267578125,1.6832589335501624,3290.645751953125,0.05618763547587135,0.04439660059728515,,,
repeat_01,g0031,routes,p15_0_bg12_8_XY_forward_pb8,4096,8,8,4,RTT_cycles,7920.0930175779995,8303.1711425785,1.048367882062785,383.0781250005002,0.020178355588165213,0.022387671975935625,,,
repeat_01,g0033,routes,p15_0_bg2_1_YX_forward_pb8,4096,8,8,4,RTT_cycles,7921.306640625,8331.7102050785,1.0518100842541198,410.4035644534997,0.09315263989600832,0.18134196157940743,,,
repeat_01,g0019,routes,p0_15_bg2_3_XY_forward_pb8,4096,8,8,4,RTT_cycles,8097.6474609375,8361.463867188,1.0325793889550183,263.8164062505002,0.03662570304902921,0.019808134392584595,,,
repeat_01,g0013,directions,opposed_b5_b6,4096,4096,0,4,B_per_cycle,3.2995186514999997,3.2873733214999996,0.9963190600560846,-0.012145330000000065,0.2504545624024021,0.2287824431381636,0.9564220052587293,0.9524346536437905,0.9958309704366743
repeat_01,g0005,completion,s1_d2_reply1024,1024,1024,1024,1,sender_cycles_per_data,4816.81201171875,8282.81787109375,1.7195642783946323,3466.005859375,0.19002859755022666,0.36174754885734783,,,
repeat_01,g0017,routes,p0_15_bg1_2_XY_forward_pb8,4096,8,8,4,RTT_cycles,8093.6958007815,10844.820800781501,1.3399096120877636,2751.125000000001,0.08529255957869902,0.009392084071378835,,,
repeat_01,g0009,ports,source_cpe_b5_n2,4096,4096,0,4,B_per_cycle,3.2953234905,3.3950106065,1.030251086513171,0.09968711600000013,0.07732919112027321,0.19867528505171675,0.9543199449802809,0.9846084078695435,1.0317382687520886
repeat_01,g0015,directions,opposed_b5_b9,4096,4096,0,4,B_per_cycle,3.3011528415,3.247554908,0.9837638739938968,-0.05359793349999986,0.22804921072904716,0.9859215596671266,0.9549790450443182,0.9440121975627201,0.9885161380885702
repeat_01,g0028,routes,p0_15_bg2_1_neither_forward_pb1024,4096,1024,8,4,RTT_cycles,8119.9626464845005,8405.384277344001,1.035150608849546,285.4216308595005,0.002050550159518532,0.12346764104495556,,,
repeat_01,g0002,completion,s0_d1_reply1024,1024,1024,1024,1,sender_cycles_per_data,4817.02490234375,8172.74658203125,1.6966378102082793,3355.7216796875,0.050074671065669075,0.34458561870641785,,,
repeat_01,g0018,routes,p0_15_bg1_2_XY_forward_pb1024,4096,1024,8,4,RTT_cycles,8121.4299316404995,10992.612548828001,1.3535316614629136,2871.182617187502,0.02906926320698781,0.04265560005113729,,,
repeat_02,g0000,completion,s0_d1_reply8,8,8,8,1,sender_cycles_per_data,4817.664794921875,8137.055908203125,1.6890041658315662,3319.39111328125,0.18116717777770458,0.032745882679309286,,,
repeat_02,g0019,routes,p0_15_bg2_3_XY_forward_pb8,4096,8,8,4,RTT_cycles,8112.8244628904995,8364.833007813,1.031062985039949,252.00854492250073,0.010779374347371659,0.14780069414957037,,,
repeat_02,g0026,routes,p0_15_bg1_5_neither_forward_pb1024,4096,1024,8,4,RTT_cycles,8116.081054688,11006.561767578001,1.3561424157069508,2890.480712890001,0.014438926769011297,0.09140942801627264,,,
repeat_02,g0023,routes,p0_15_bg8_12_YX_forward_pb8,4096,8,8,4,RTT_cycles,8112.576171875,10793.100341796999,1.330415901574514,2680.5241699219987,0.01539613818764976,0.08851231206482263,,,
repeat_02,g0002,completion,s0_d1_reply1024,1024,1024,1024,1,sender_cycles_per_data,4815.572509765625,8208.491455078125,1.7045722888466348,3392.9189453125,0.15066476683793348,0.5663854250586841,,,
repeat_02,g0036,routes,p15_0_bg3_2_YX_forward_pb1024,4096,1024,8,4,RTT_cycles,7937.6904296875,8317.104003905999,1.0477989885823042,379.413574218499,0.3600430353911567,0.017248435408840076,,,
repeat_02,g0011,ports,source_cluster_b5_n2,4096,4096,0,4,B_per_cycle,3.2787032849999997,3.2834203869999996,1.001438709633037,0.004717101999999862,0.948771611701357,0.8323279013617222,0.9498706937484894,0.9517957436463887,1.002026644163852
repeat_02,g0004,completion,s1_d2_reply8,1024,1024,8,1,sender_cycles_per_data,4822.842041015625,8181.021240234375,1.6963071090985935,3358.17919921875,0.12735415739339784,0.00750235836366581,,,
repeat_02,g0024,routes,p0_15_bg8_12_YX_forward_pb1024,4096,1024,8,4,RTT_cycles,8118.5727539065,10834.735595703,1.334561618664997,2716.1628417964994,0.03769809014185805,0.06352993777466343,,,
repeat_02,g0022,routes,p0_15_bg4_8_YX_forward_pb1024,4096,1024,8,4,RTT_cycles,8126.058837891,8359.006347655999,1.0286667269351766,232.94750976499927,0.22538529158316142,0.006133448052034868,,,
repeat_02,g0013,directions,opposed_b5_b6,4096,4096,0,4,B_per_cycle,3.2972917855,3.2868400625,0.9968302098570827,-0.01045172300000008,0.05809540448994477,0.11468623140526489,0.9543423776144105,0.9513491979326383,0.9968636206963225
repeat_02,g0018,routes,p0_15_bg1_2_XY_forward_pb1024,4096,1024,8,4,RTT_cycles,8118.1604003904995,10991.3581542965,1.353922269602827,2873.197753906001,0.02856370831116853,0.3804435937942324,,,
repeat_02,g0007,completion,s0_d63_reply8,1024,1024,8,1,sender_cycles_per_data,4819.337890625,8132.477783203125,1.6874678571558837,3313.139892578125,0.03290778808195012,0.16672756314508502,,,
repeat_02,g0003,completion,s1_d2_reply8,8,8,8,1,sender_cycles_per_data,4819.767822265625,8118.308837890625,1.684377575282134,3298.541015625,0.02626917577649703,0.04291394659057115,,,
repeat_02,g0031,routes,p15_0_bg12_8_XY_forward_pb8,4096,8,8,4,RTT_cycles,7921.0349121095005,8298.5573730465,1.0476607495265362,377.5224609369998,0.0193129455175312,0.06763576747967336,,,
repeat_02,g0030,routes,p15_0_bg8_4_XY_forward_pb1024,4096,1024,8,4,RTT_cycles,7928.015625,9734.469726562,1.2278570309404504,1806.4541015619998,0.061022718077697484,0.131218626785039,,,
repeat_02,g0016,directions,shared_edge_b5_b9,4096,4096,0,4,B_per_cycle,3.2728485985,3.2951235150000002,1.0068059721767175,0.02227491650000024,0.12432249392363252,0.17242352142907194,0.9479570813764625,0.9540882572049386,1.0064677778656113
repeat_02,g0001,completion,s0_d1_reply8,1024,1024,8,1,sender_cycles_per_data,4817.683349609375,8146.994873046875,1.691060678304531,3329.3115234375,0.005077729034844826,0.22939703700538305,,,
repeat_02,g0015,directions,opposed_b5_b9,4096,4096,0,4,B_per_cycle,3.281924284,3.264697655,0.9947510583702424,-0.01722662900000005,1.7179072739387933,0.08760492707861349,0.9489457269658537,0.9477493132545468,0.9987392179791649
repeat_02,g0020,routes,p0_15_bg2_3_XY_forward_pb1024,4096,1024,8,4,RTT_cycles,8117.260253906,8400.026855469001,1.0348352267536247,282.76660156300113,0.01871975521874892,0.11152540608724902,,,
repeat_02,g0035,routes,p15_0_bg3_2_YX_forward_pb8,4096,8,8,4,RTT_cycles,7920.8366699215,8218.8620605465,1.0376254937507698,298.025390625,0.030076673945906792,0.07504056429669442,,,
repeat_02,g0017,routes,p0_15_bg1_2_XY_forward_pb8,4096,8,8,4,RTT_cycles,8099.4211425779995,10847.3234863285,1.3392714485859984,2747.9023437505,0.06660993961209342,0.11991275299750111,,,
repeat_02,g0009,ports,source_cpe_b5_n2,4096,4096,0,4,B_per_cycle,3.29508418,3.3944710415,1.0301621615930918,0.0993868615000002,0.19826795441687536,0.05458762138036011,0.9534726157053024,0.9823497561913355,1.0302862819659189
repeat_02,g0010,ports,destination_cpe_b5_n2,4096,4096,0,4,B_per_cycle,3.3224846865,3.3208847465,0.9995184507526849,-0.0015999400000001884,0.0490929877458182,0.31462510136828975,0.9479299327124022,0.9480985578823676,1.0001778877996634
repeat_02,g0027,routes,p0_15_bg2_1_neither_forward_pb8,4096,8,8,4,RTT_cycles,8098.6096191404995,8364.384033203001,1.0328172892090468,265.7744140625018,0.059888028749249325,0.06027346288726343,,,
repeat_02,g0038,routes,p15_0_bg1_2_neither_forward_pb1024,4096,1024,8,4,RTT_cycles,7924.3776855470005,9620.28515625,1.214011438878804,1695.9074707029995,0.015003889152944124,0.09711534831094579,,,
repeat_02,g0028,routes,p0_15_bg2_1_neither_forward_pb1024,4096,1024,8,4,RTT_cycles,8128.51171875,8401.478027343499,1.0335813391231077,272.966308593499,0.2248547382645674,0.03088416769710532,,,
repeat_02,g0025,routes,p0_15_bg1_5_neither_forward_pb8,4096,8,8,4,RTT_cycles,8099.1223144529995,10842.3322753905,1.3387045971687823,2743.2099609375,0.0367335810040896,0.10888941643854355,,,
repeat_02,g0037,routes,p15_0_bg1_2_neither_forward_pb8,4096,8,8,4,RTT_cycles,7923.9289550779995,9640.469482421999,1.216627450482625,1716.5405273439992,0.028314897277849527,0.1026910811973446,,,
repeat_02,g0033,routes,p15_0_bg2_1_YX_forward_pb8,4096,8,8,4,RTT_cycles,7926.707275391,8332.939453125,1.051248540361163,406.2321777340003,0.06025047652291802,0.015914814711658776,,,
repeat_02,g0032,routes,p15_0_bg12_8_XY_forward_pb1024,4096,1024,8,4,RTT_cycles,7932.0974121095005,8350.947509766,1.0528044571183737,418.8500976564992,0.043195000678751,0.06849779426001093,,,
repeat_02,g0006,completion,s0_d63_reply8,8,8,8,1,sender_cycles_per_data,4823.864990234375,8121.3173828125,1.683570622157465,3297.452392578125,0.08558319888943274,0.03233436693482106,,,
repeat_02,g0014,directions,shared_edge_b5_b6,4096,4096,0,4,B_per_cycle,3.3077301895,3.2930100749999998,0.9955497837923034,-0.014720114500000214,0.3140688751754108,0.1672293091906142,0.9648659769416137,0.9545927586251844,0.9893526991707254
repeat_02,g0039,routes,p15_0_bg1_5_neither_forward_pb8,4096,8,8,4,RTT_cycles,7928.0051269529995,9629.740234375,1.214648588159533,1701.7351074220005,0.08464234205886191,0.04701418355854371,,,
repeat_02,g0034,routes,p15_0_bg2_1_YX_forward_pb1024,4096,1024,8,4,RTT_cycles,7928.8383789065,8463.4130859375,1.0674215668783409,534.5747070309999,0.003867409201022081,0.07127415974793115,,,
repeat_02,g0040,routes,p15_0_bg1_5_neither_forward_pb1024,4096,1024,8,4,RTT_cycles,7930.6455078125,9621.113525390501,1.2131564216194908,1690.4680175780013,0.17348889254281258,0.009414312767528004,,,
repeat_02,g0005,completion,s1_d2_reply1024,1024,1024,1024,1,sender_cycles_per_data,4822.693359375,8255.2451171875,1.7117499500854318,3432.5517578125,0.07269505054027205,0.05778759739753526,,,
repeat_02,g0021,routes,p0_15_bg4_8_YX_forward_pb8,4096,8,8,4,RTT_cycles,8101.454589844,8322.965576172,1.0273421252778097,221.5109863280004,0.004580581744730186,0.0003344004218773242,,,
repeat_02,g0008,completion,s0_d63_reply1024,1024,1024,1024,1,sender_cycles_per_data,4826.25927734375,8162.541259765625,1.691276989216808,3336.281982421875,0.032718954199433256,0.03870936597067474,,,
repeat_02,g0029,routes,p15_0_bg8_4_XY_forward_pb8,4096,8,8,4,RTT_cycles,7926.220703125,9715.2150878905,1.225705850464165,1788.9943847654995,0.019540562697046796,0.07311240439600893,,,
repeat_02,g0012,ports,destination_cluster_b5_n2,4096,4096,0,4,B_per_cycle,3.3176655925,3.321267359,1.0010856327738824,0.003601766500000103,0.12517461100926025,0.0017024826335274778,0.9470828050593207,0.9483175809914431,1.0013037676595185
repeat_03,g0028,routes,p0_15_bg2_1_neither_forward_pb1024,4096,1024,8,4,RTT_cycles,8116.470703125,8402.7802734375,1.035275131369878,286.3095703125,0.11559009181648414,0.023836511509567497,,,
repeat_03,g0007,completion,s0_d63_reply8,1024,1024,8,1,sender_cycles_per_data,4823.90380859375,8122.807373046875,1.68386595076298,3298.903564453125,0.0036439625866263536,0.039608044466567134,,,
repeat_03,g0008,completion,s0_d63_reply1024,1024,1024,1024,1,sender_cycles_per_data,4820.39599609375,8161.9150390625,1.6932042607446731,3341.51904296875,0.022872375286043974,0.013819424511303871,,,
repeat_03,g0015,directions,opposed_b5_b9,4096,4096,0,4,B_per_cycle,3.2931246285,3.2554508515,0.988559869045357,-0.037673777000000186,0.24728013417788233,0.09628260855344704,0.9541567481207375,0.9474279017192047,0.992947860595457
repeat_03,g0017,routes,p0_15_bg1_2_XY_forward_pb8,4096,8,8,4,RTT_cycles,8113.4362792965,10853.4333496095,1.3377110481911099,2739.997070313,0.061680333199508525,0.04713460240840272,,,
repeat_03,g0003,completion,s1_d2_reply8,8,8,8,1,sender_cycles_per_data,4821.243896484375,8115.82861328125,1.6833474488190212,3294.584716796875,0.023972272375450146,0.04363098081205486,,,
repeat_03,g0038,routes,p15_0_bg1_2_neither_forward_pb1024,4096,1024,8,4,RTT_cycles,7932.3110351565,9626.413330078001,1.2135698269285122,1694.1022949215012,0.017900481570967366,0.017068313500179667,,,
repeat_03,g0034,routes,p15_0_bg2_1_YX_forward_pb1024,4096,1024,8,4,RTT_cycles,7928.1789550785,8465.572753906,1.0677827533753217,537.3937988275011,0.1029690962483992,0.13478303927794338,,,
repeat_03,g0023,routes,p0_15_bg8_12_YX_forward_pb8,4096,8,8,4,RTT_cycles,8103.728515625,10799.465332031501,1.332653890269002,2695.736816406501,0.0017473631023886404,0.35674328313948606,,,
repeat_03,g0026,routes,p0_15_bg1_5_neither_forward_pb1024,4096,1024,8,4,RTT_cycles,8121.955078125,10963.5480957035,1.3498656407533958,2841.5930175784997,0.0009138039952953522,0.001313835336367699,,,
repeat_03,g0036,routes,p15_0_bg3_2_YX_forward_pb1024,4096,1024,8,4,RTT_cycles,7927.2468261720005,8325.951171875,1.0502954372994502,398.7043457029995,0.09384045945737662,0.101996604648446,,,
repeat_03,g0013,directions,opposed_b5_b6,4096,4096,0,4,B_per_cycle,3.2938255549999997,3.2841634644999997,0.9970666052774614,-0.009662090499999998,0.08516674466082061,0.030204434423643203,0.9549344615549741,0.9518782060935284,0.9967995128624125
repeat_03,g0029,routes,p15_0_bg8_4_XY_forward_pb8,4096,8,8,4,RTT_cycles,7927.1564941404995,9719.2465820315,1.2260697249027006,1792.0900878909997,0.0036526436839479028,0.045998453555702895,,,
repeat_03,g0001,completion,s0_d1_reply8,1024,1024,8,1,sender_cycles_per_data,4821.96533203125,8141.421875,1.6884032369370916,3319.45654296875,0.0633291765333706,0.14253643117468345,,,
repeat_03,g0004,completion,s1_d2_reply8,1024,1024,8,1,sender_cycles_per_data,4824.139404296875,8170.491943359375,1.6936682916090473,3346.3525390625,0.07444454425490298,0.000914351691035185,,,
repeat_03,g0033,routes,p15_0_bg2_1_YX_forward_pb8,4096,8,8,4,RTT_cycles,7927.3837890625,8338.7045898435,1.0518860713352247,411.3208007810008,0.0369195927796293,0.10636113234905296,,,
repeat_03,g0031,routes,p15_0_bg12_8_XY_forward_pb8,4096,8,8,4,RTT_cycles,7922.0612792970005,8305.870849609499,1.0484481950821967,383.8095703124982,0.028173647177318625,0.1633292669080811,,,
repeat_03,g0006,completion,s0_d63_reply8,8,8,8,1,sender_cycles_per_data,4821.55859375,8123.109130859375,1.6847475713328564,3301.550537109375,0.01065364788194948,0.0319846069946266,,,
repeat_03,g0030,routes,p15_0_bg8_4_XY_forward_pb1024,4096,1024,8,4,RTT_cycles,7929.5983886720005,9750.1435546875,1.229588571423274,1820.5451660154995,0.05529003020207638,0.1342327992566616,,,
repeat_03,g0019,routes,p0_15_bg2_3_XY_forward_pb8,4096,8,8,4,RTT_cycles,8104.111328125,8366.51953125,1.0323796394817928,262.408203125,0.03581322655239853,0.005205831103048549,,,
repeat_03,g0027,routes,p0_15_bg2_1_neither_forward_pb8,4096,8,8,4,RTT_cycles,8104.148681641,8368.582763671999,1.0326294707092485,264.434082030999,0.08168197754066239,0.08417713958185458,,,
repeat_03,g0010,ports,destination_cpe_b5_n2,4096,4096,0,4,B_per_cycle,3.316574331,3.3178761595,1.0003925220333016,0.0013018284999999352,0.17969390718293837,0.057330861929655426,0.9464776748708843,0.9473044360726371,1.0008735136852178
repeat_03,g0009,ports,source_cpe_b5_n2,4096,4096,0,4,B_per_cycle,3.2929946785000004,3.3886310555,1.0290423721679267,0.0956363769999995,0.0987080550485617,0.13964763122616736,0.9543966133035666,0.9825958238301545,1.0295466372507114
repeat_03,g0032,routes,p15_0_bg12_8_XY_forward_pb1024,4096,1024,8,4,RTT_cycles,7927.5510253904995,8354.6103515625,1.0538702715131327,427.0593261720005,0.02591215385963314,0.0984556501245235,,,
repeat_03,g0018,routes,p0_15_bg1_2_XY_forward_pb1024,4096,1024,8,4,RTT_cycles,8121.0876464845005,10979.16015625,1.351932232993781,2858.0725097654995,0.03756015329203519,0.002125831435891193,,,
repeat_03,g0035,routes,p15_0_bg3_2_YX_forward_pb8,4096,8,8,4,RTT_cycles,7933.0495605470005,8228.4689941405,1.0372390757600574,295.419433593499,0.03568068476562896,0.053376756309444544,,,
repeat_03,g0000,completion,s0_d1_reply8,8,8,8,1,sender_cycles_per_data,4827.614990234375,8146.9833984375,1.6875793564560901,3319.368408203125,0.09063457401016926,0.053365227807311254,,,
repeat_03,g0039,routes,p15_0_bg1_5_neither_forward_pb8,4096,8,8,4,RTT_cycles,7935.4775390625,9643.728027344,1.2152675097210737,1708.2504882814992,0.046653127285357435,0.004172076906971944,,,
repeat_03,g0024,routes,p0_15_bg8_12_YX_forward_pb1024,4096,1024,8,4,RTT_cycles,8127.4401855470005,10852.599609375,1.3353035348908677,2725.1594238279995,0.0264163452081486,0.19856813541137774,,,
repeat_03,g0012,ports,destination_cluster_b5_n2,4096,4096,0,4,B_per_cycle,3.312740637,3.310977352,0.9994677262142693,-0.0017632850000000033,0.08810427135169158,0.21530820788289934,0.9497625075475854,0.9479633445640306,0.9981056706605523
repeat_03,g0005,completion,s1_d2_reply1024,1024,1024,1024,1,sender_cycles_per_data,4826.376708984375,8265.4619140625,1.712560459417976,3439.085205078125,0.03817118445853092,0.0626075679895858,,,
repeat_03,g0011,ports,source_cluster_b5_n2,4096,4096,0,4,B_per_cycle,3.279009769,3.2925641965,1.0041336953699085,0.01355442749999991,0.9743444591732178,0.25255644244808895,0.9540693959208627,0.9562451586531113,1.0022805078347037
repeat_03,g0037,routes,p15_0_bg1_2_neither_forward_pb8,4096,8,8,4,RTT_cycles,7934.4655761720005,9643.19140625,1.215354873453541,1708.7258300779995,0.040683613949932584,0.10282919011202797,,,
repeat_03,g0040,routes,p15_0_bg1_5_neither_forward_pb1024,4096,1024,8,4,RTT_cycles,7933.638671875,9635.612060546999,1.214526204061391,1701.9733886719987,0.013121540683354757,0.006258319037856414,,,
repeat_03,g0020,routes,p0_15_bg2_3_XY_forward_pb1024,4096,1024,8,4,RTT_cycles,8122.4833984375,8404.4196777345,1.034710600867616,281.9362792970005,0.05008762930537499,0.0306119161780476,,,
repeat_03,g0025,routes,p0_15_bg1_5_neither_forward_pb8,4096,8,8,4,RTT_cycles,8104.4775390625,10833.688476562,1.3367534704544577,2729.2109374995,0.11513456162997972,0.246698643382826,,,
repeat_03,g0021,routes,p0_15_bg4_8_YX_forward_pb8,4096,8,8,4,RTT_cycles,8105.6865234375,8330.684082031,1.0277579891527908,224.9975585935008,0.043649429653730656,0.025789448727675388,,,
repeat_03,g0016,directions,shared_edge_b5_b9,4096,4096,0,4,B_per_cycle,3.2912422635,3.286470054,0.9985500278867575,-0.004772209500000013,0.010750317712060652,0.004152844777458328,0.9558138784477858,0.954642940892422,0.9987749314152402
repeat_03,g0002,completion,s0_d1_reply1024,1024,1024,1024,1,sender_cycles_per_data,4828.377685546875,8168.947998046875,1.6918618488565147,3340.5703125,0.028770743440561238,0.050717257684105364,,,
repeat_03,g0014,directions,shared_edge_b5_b6,4096,4096,0,4,B_per_cycle,3.2908647285,3.2889698615,0.9994242039231848,-0.0018948669999998558,0.49090370868459693,0.17815909682211245,0.9594671040081356,0.9548917835068678,0.9952313940914133
repeat_03,g0022,routes,p0_15_bg4_8_YX_forward_pb1024,4096,1024,8,4,RTT_cycles,8125.9362792970005,8358.016113281,1.0285603807373294,232.0798339840003,0.05193512106109223,0.057299034066111865,,,
repeat_04,g0023,routes,p0_15_bg8_12_YX_forward_pb8,4096,8,8,4,RTT_cycles,8116.7170410154995,10835.630859375,1.3349770362352475,2718.9138183595005,0.11738529238919782,0.5713391673216461,,,
repeat_04,g0009,ports,source_cpe_b5_n2,4096,4096,0,4,B_per_cycle,3.2982151369999997,3.3961993205,1.0297082450446593,0.09798418350000038,0.12192442981926821,0.019008101088277128,0.9540156150610812,0.9831749142232982,1.0305648028207064
repeat_04,g0008,completion,s0_d63_reply1024,1024,1024,1024,1,sender_cycles_per_data,4816.04541015625,8158.249755859375,1.6939727641801225,3342.204345703125,0.005860130843135957,0.03193062907738348,,,
repeat_04,g0010,ports,destination_cpe_b5_n2,4096,4096,0,4,B_per_cycle,3.326547992,3.326106021,0.9998671382462954,-0.00044197099999987444,0.11880796578028023,0.303442822816743,0.947566184520671,0.9474756572484321,0.99990446337816
repeat_04,g0026,routes,p0_15_bg1_5_neither_forward_pb1024,4096,1024,8,4,RTT_cycles,8113.088378906,11003.112548828001,1.3562175135964318,2890.0241699220014,0.008810994243062743,0.11901373166808187,,,
repeat_04,g0012,ports,destination_cluster_b5_n2,4096,4096,0,4,B_per_cycle,3.3247275545,3.3244393304999997,0.9999133089868942,-0.0002882240000001701,0.1611114568696026,0.17302619865030552,0.9473039614417927,0.946783060631976,0.9994501228422776
repeat_04,g0001,completion,s0_d1_reply8,1024,1024,8,1,sender_cycles_per_data,4819.093505859375,8135.717529296875,1.6882257045655842,3316.6240234375,0.00619078761155513,0.026665547149809815,,,
repeat_04,g0020,routes,p0_15_bg2_3_XY_forward_pb1024,4096,1024,8,4,RTT_cycles,8114.3466796875,8399.8430175785,1.0351841434881845,285.4963378909997,0.0319529536923807,0.039348066077927644,,,
repeat_04,g0028,routes,p0_15_bg2_1_neither_forward_pb1024,4096,1024,8,4,RTT_cycles,8111.827880859,8401.292236328001,1.0356842329152511,289.464355469001,0.002955512586328732,0.060787477096872385,,,
repeat_04,g0018,routes,p0_15_bg1_2_XY_forward_pb1024,4096,1024,8,4,RTT_cycles,8112.9763183595005,10999.9309082035,1.3558440794793003,2886.954589843999,0.029990294233868803,0.0912337051454989,,,
repeat_04,g0005,completion,s1_d2_reply1024,1024,1024,1024,1,sender_cycles_per_data,4819.529296875,8254.414306640625,1.7127013445053267,3434.885009765625,0.0998744123336085,0.08518761016869496,,,
repeat_04,g0013,directions,opposed_b5_b6,4096,4096,0,4,B_per_cycle,3.2991766709999997,3.2859239245,0.9959830139996769,-0.013252746499999635,0.2062423652485935,0.5601251101028054,0.9547143803985628,0.9506001709227645,0.9956906384147259
repeat_04,g0038,routes,p15_0_bg1_2_neither_forward_pb1024,4096,1024,8,4,RTT_cycles,7921.057128906,9619.3505859375,1.2144023745055423,1698.2934570315,0.01637249900985268,0.059359110430479284,,,
repeat_04,g0035,routes,p15_0_bg3_2_YX_forward_pb8,4096,8,8,4,RTT_cycles,7919.369628906,8222.497314453,1.0382767442045604,303.1276855469996,0.0030951603408626745,0.10593435163171029,,,
repeat_04,g0014,directions,shared_edge_b5_b6,4096,4096,0,4,B_per_cycle,3.3006227624999998,3.295249157,0.9983719419374272,-0.005373605499999545,0.23306859200634517,0.08479109975840826,0.9585377969532087,0.953004479455798,0.9942273350983145
repeat_04,g0007,completion,s0_d63_reply8,1024,1024,8,1,sender_cycles_per_data,4817.177978515625,8127.5322265625,1.6871978288555853,3310.354248046875,0.07682264616866691,0.20766364521249567,,,
repeat_04,g0036,routes,p15_0_bg3_2_YX_forward_pb1024,4096,1024,8,4,RTT_cycles,7923.5148925785,8321.729736328001,1.0502573477993316,398.2148437495016,0.03658636123363819,0.012503738729423562,,,
repeat_04,g0029,routes,p15_0_bg8_4_XY_forward_pb8,4096,8,8,4,RTT_cycles,7918.3244628904995,9717.0009765625,1.2271536765260833,1798.6765136720005,0.007405932703922321,0.10406816579922727,,,
repeat_04,g0015,directions,opposed_b5_b9,4096,4096,0,4,B_per_cycle,3.2920292095,3.2593849025,0.9900838343396844,-0.032644306999999984,0.021525355788304962,0.22508611960412447,0.9523425832214083,0.9468683121736813,0.9942517838179517
repeat_04,g0004,completion,s1_d2_reply8,1024,1024,8,1,sender_cycles_per_data,4816.312744140625,8168.514892578125,1.6960100654833272,3352.2021484375,0.020347110347894527,0.11478787719747457,,,
repeat_04,g0016,directions,shared_edge_b5_b9,4096,4096,0,4,B_per_cycle,3.298973386,3.2964187595,0.999225629854778,-0.0025546265000002677,0.11041004499936784,0.10380134472111496,0.9543395902388299,0.9534805333642216,0.9990998415203615
repeat_04,g0019,routes,p0_15_bg2_3_XY_forward_pb8,4096,8,8,4,RTT_cycles,8096.5847167970005,8368.079589844,1.033532024000658,271.4948730469987,0.04050825466194057,0.10932541214238795,,,
repeat_04,g0025,routes,p0_15_bg1_5_neither_forward_pb8,4096,8,8,4,RTT_cycles,8096.012695313,10845.119628905999,1.3395630709898134,2749.1069335929988,0.07010588376776958,0.21102341856148638,,,
repeat_04,g0006,completion,s0_d63_reply8,8,8,8,1,sender_cycles_per_data,4816.390869140625,8115.6318359375,1.6850027450918967,3299.240966796875,0.0009631012102279117,0.016160460011164314,,,
repeat_04,g0011,ports,source_cluster_b5_n2,4096,4096,0,4,B_per_cycle,3.284199762,3.291647873,1.0022678617440324,0.0074481109999999795,0.18931308844056938,0.11389261988655644,0.9505573880274589,0.9523930298681985,1.0019311215333866
repeat_04,g0037,routes,p15_0_bg1_2_neither_forward_pb8,4096,8,8,4,RTT_cycles,7921.4760742185,9634.100097656,1.2162001131344022,1712.624023437501,0.02617242250781292,0.03596437357800553,,,
repeat_04,g0024,routes,p0_15_bg8_12_YX_forward_pb1024,4096,1024,8,4,RTT_cycles,8115.8239746095005,10858.5256347655,1.337944941725768,2742.701660155999,0.008368826395508304,0.21687397717791543,,,
repeat_04,g0027,routes,p0_15_bg2_1_neither_forward_pb8,4096,8,8,4,RTT_cycles,8094.5139160154995,8364.5,1.033354205920916,269.9860839845005,0.003926994212348429,0.057441419092593704,,,
repeat_04,g0032,routes,p15_0_bg12_8_XY_forward_pb1024,4096,1024,8,4,RTT_cycles,7925.6354980470005,8345.189208984,1.0529362864391612,419.5537109369998,0.09966299590672258,0.13707256429472467,,,
repeat_04,g0000,completion,s0_d1_reply8,8,8,8,1,sender_cycles_per_data,4820.114501953125,8137.23291015625,1.6881824916937178,3317.118408203125,0.015448365509746171,0.004824467104905097,,,
repeat_04,g0033,routes,p15_0_bg2_1_YX_forward_pb8,4096,8,8,4,RTT_cycles,7921.8349609375,8362.8134765625,1.0556662083721084,440.978515625,0.0669751905860499,0.7737588312156923,,,
repeat_04,g0034,routes,p15_0_bg2_1_YX_forward_pb1024,4096,1024,8,4,RTT_cycles,7922.8754882815,8466.695556640501,1.0686392294266582,543.8200683590012,0.002107721965929811,0.06546214437404906,,,
repeat_04,g0030,routes,p15_0_bg8_4_XY_forward_pb1024,4096,1024,8,4,RTT_cycles,7921.5085449220005,9749.949951172,1.2308198490074347,1828.44140625,0.000647219298061591,0.16743375210902595,,,
repeat_04,g0039,routes,p15_0_bg1_5_neither_forward_pb8,4096,8,8,4,RTT_cycles,7919.9255371095005,9634.9038085935,1.2165396964211748,1714.9782714840003,0.001362514792528171,0.12485123997056315,,,
repeat_04,g0002,completion,s0_d1_reply1024,1024,1024,1024,1,sender_cycles_per_data,4818.070556640625,8159.07958984375,1.6934329819222544,3341.009033203125,0.07202499014812248,0.014853563433902092,,,
repeat_04,g0003,completion,s1_d2_reply8,8,8,8,1,sender_cycles_per_data,4817.212890625,8105.822021484375,1.6826788031850302,3288.609130859375,0.010014543387502418,0.004403422537577956,,,
repeat_04,g0017,routes,p0_15_bg1_2_XY_forward_pb8,4096,8,8,4,RTT_cycles,8095.57421875,10849.3217773435,1.3401546924510432,2753.747558593501,0.005609256980783923,0.291078822926501,,,
repeat_04,g0021,routes,p0_15_bg4_8_YX_forward_pb8,4096,8,8,4,RTT_cycles,8101.2409667970005,8321.930419922,1.0272414379512345,220.689453125,0.021896963554976105,0.08951897764207993,,,
repeat_04,g0040,routes,p15_0_bg1_5_neither_forward_pb1024,4096,1024,8,4,RTT_cycles,7923.2058105465,9619.353271484,1.214073381595083,1696.1474609375,0.04717526034758269,0.08574937340591567,,,
repeat_04,g0022,routes,p0_15_bg4_8_YX_forward_pb1024,4096,1024,8,4,RTT_cycles,8116.4467773435,8354.259277343499,1.0293000750850527,237.8124999999991,0.011177632132482927,0.05432062599860805,,,
repeat_04,g0031,routes,p15_0_bg12_8_XY_forward_pb8,4096,8,8,4,RTT_cycles,7918.2917480470005,8299.025390625,1.0480828005196834,380.7336425779995,0.015558072791444697,0.001282624247924858,,,
repeat_05,g0018,routes,p0_15_bg1_2_XY_forward_pb1024,4096,1024,8,4,RTT_cycles,8124.0261230470005,10974.133056640501,1.3508244422686,2850.106933593501,0.01288014959763828,0.32063591299093436,,,
repeat_05,g0015,directions,opposed_b5_b9,4096,4096,0,4,B_per_cycle,3.295017273,3.253338922,0.9873510978708608,-0.041678350999999836,0.2004831978918741,0.040508659921294925,0.9575431015952097,0.9494146559363384,0.991511143837463
repeat_05,g0008,completion,s0_d63_reply1024,1024,1024,1024,1,sender_cycles_per_data,4827.52587890625,8169.62451171875,1.6923005109958527,3342.0986328125,0.04998597621286541,0.03303969167895245,,,
repeat_05,g0021,routes,p0_15_bg4_8_YX_forward_pb8,4096,8,8,4,RTT_cycles,8117.9147949220005,8329.4621582035,1.026059322945078,211.5473632814992,0.007091520526431472,0.014391451047297428,,,
repeat_05,g0037,routes,p15_0_bg1_2_neither_forward_pb8,4096,8,8,4,RTT_cycles,7931.462646484,9646.308837891,1.2162080649988545,1714.8461914069994,0.046412023961708467,0.09826560672373622,,,
repeat_05,g0006,completion,s0_d63_reply8,8,8,8,1,sender_cycles_per_data,4828.072998046875,8125.562744140625,1.6829825786452899,3297.48974609375,0.04590462063532541,0.024150971514743345,,,
repeat_05,g0023,routes,p0_15_bg8_12_YX_forward_pb8,4096,8,8,4,RTT_cycles,8110.6359863279995,10806.25390625,1.3323559243030967,2695.6179199220005,0.06215916870758706,0.07922748727055808,,,
repeat_05,g0012,ports,destination_cluster_b5_n2,4096,4096,0,4,B_per_cycle,3.3195282395000003,3.319675019,1.00004421697585,0.00014677949999963857,0.37761314547177816,0.10837229486046122,0.948512761529303,0.949025390238167,1.0005404552575945
repeat_05,g0030,routes,p15_0_bg8_4_XY_forward_pb1024,4096,1024,8,4,RTT_cycles,7930.8381347654995,9751.479492187,1.2295648109927455,1820.6413574215003,0.011617772338097968,0.1315906089971391,,,
repeat_05,g0031,routes,p15_0_bg12_8_XY_forward_pb8,4096,8,8,4,RTT_cycles,7927.088134766,8303.364746093499,1.0474671916005645,376.27661132749927,0.008062987885762372,0.17614517740993293,,,
repeat_05,g0011,ports,source_cluster_b5_n2,4096,4096,0,4,B_per_cycle,3.2768455385,3.2932845685,1.0050167241045866,0.01643902999999991,0.07142677225706003,0.2208316605726143,0.9508155646879942,0.9547651494438809,1.0041538915669546
repeat_05,g0009,ports,source_cpe_b5_n2,4096,4096,0,4,B_per_cycle,3.2952102720000003,3.3881116775,1.0281928611018847,0.0929014054999997,0.5523591667172314,0.060261030164947695,0.955487171190269,0.9822697534362007,1.0280302897343645
repeat_05,g0016,directions,shared_edge_b5_b9,4096,4096,0,4,B_per_cycle,3.2806137275,3.295449031,1.0045221122424874,0.014835303499999952,0.3540041579003611,0.11598838167556477,0.9542840607269056,0.9560257688922948,1.0018251464496457
repeat_05,g0029,routes,p15_0_bg8_4_XY_forward_pb8,4096,8,8,4,RTT_cycles,7926.7883300779995,9733.309814453,1.2279008104102136,1806.521484375,0.013471674145102388,0.044712958540958594,,,
repeat_05,g0032,routes,p15_0_bg12_8_XY_forward_pb1024,4096,1024,8,4,RTT_cycles,7930.1809082029995,8359.977294921999,1.0541975513161896,429.7963867189992,0.02321899859933153,0.020576788468601358,,,
repeat_05,g0024,routes,p0_15_bg8_12_YX_forward_pb1024,4096,1024,8,4,RTT_cycles,8126.6245117185,10861.5498046875,1.3365389023481113,2734.925292969,0.009877832719383875,0.2571247646716795,,,
repeat_05,g0034,routes,p15_0_bg2_1_YX_forward_pb1024,4096,1024,8,4,RTT_cycles,7933.7551269529995,8459.306640625,1.0662424671876458,525.5515136720005,0.027245876125625935,0.1351830281110919,,,
repeat_05,g0022,routes,p0_15_bg4_8_YX_forward_pb1024,4096,1024,8,4,RTT_cycles,8122.2465820315,8358.307128905999,1.029063454857025,236.06054687449887,0.012095445085025738,0.02209394389940215,,,
repeat_05,g0038,routes,p15_0_bg1_2_neither_forward_pb1024,4096,1024,8,4,RTT_cycles,7930.569824219,9627.5615234375,1.2139810551867398,1696.9916992185,0.000788089650369543,0.03604965926783081,,,
repeat_05,g0013,directions,opposed_b5_b6,4096,4096,0,4,B_per_cycle,3.2887116855,3.2793044350000002,0.9971395332277145,-0.009407250499999797,0.1282182630539494,0.14505210157470996,0.9531738049399633,0.9512277944113473,0.9979583885766368
repeat_05,g0010,ports,destination_cpe_b5_n2,4096,4096,0,4,B_per_cycle,3.314375438,3.316523515,1.000648109135547,0.0021480770000001925,0.004030080553601808,0.15594980637427788,0.9475153814409375,0.9475134084245855,0.9999979176946457
repeat_05,g0020,routes,p0_15_bg2_3_XY_forward_pb1024,4096,1024,8,4,RTT_cycles,8124.6159667970005,8406.603271484499,1.0347077702921468,281.9873046874982,0.01242246215851606,0.041628129768769645,,,
repeat_05,g0040,routes,p15_0_bg1_5_neither_forward_pb1024,4096,1024,8,4,RTT_cycles,7934.119140625,9633.027587890501,1.2141269140472817,1698.9084472655013,0.012603793594171138,0.2990555690426272,,,
repeat_05,g0019,routes,p0_15_bg2_3_XY_forward_pb8,4096,8,8,4,RTT_cycles,8105.0881347654995,8369.536376953001,1.032627435728082,264.4482421875018,0.04189955786456012,0.1271060082048669,,,
repeat_05,g0036,routes,p15_0_bg3_2_YX_forward_pb1024,4096,1024,8,4,RTT_cycles,7935.6486816404995,8321.9660644535,1.0486812607653315,386.3173828130002,0.011832238052221323,0.05129849047613687,,,
repeat_05,g0028,routes,p0_15_bg2_1_neither_forward_pb1024,4096,1024,8,4,RTT_cycles,8125.1599121095005,8408.119384765501,1.03482509584018,282.9594726560008,0.02620741688820551,0.07242232406966509,,,
repeat_05,g0027,routes,p0_15_bg2_1_neither_forward_pb8,4096,8,8,4,RTT_cycles,8103.376953125,8376.132080078001,1.0336594395806573,272.7551269530013,0.04673495255011047,0.1069992958362679,,,
repeat_05,g0017,routes,p0_15_bg1_2_XY_forward_pb8,4096,8,8,4,RTT_cycles,8105.0959472654995,10836.963134765501,1.3370555025226667,2731.867187500002,0.00889799962508339,0.05537057020846497,,,
repeat_05,g0007,completion,s0_d63_reply8,1024,1024,8,1,sender_cycles_per_data,4823.665283203125,8125.398681640625,1.6844864236195518,3301.7333984375,0.05272872145807416,0.04005212124056533,,,
repeat_05,g0005,completion,s1_d2_reply1024,1024,1024,1024,1,sender_cycles_per_data,4823.858642578125,8255.624755859375,1.7114151486510254,3431.76611328125,0.05017581018826051,0.034972604940659686,,,
repeat_05,g0001,completion,s0_d1_reply8,1024,1024,8,1,sender_cycles_per_data,4825.176025390625,8140.302734375,1.6870478282118209,3315.126708984375,0.004401960521902511,0.030759375071230027,,,
repeat_05,g0025,routes,p0_15_bg1_5_neither_forward_pb8,4096,8,8,4,RTT_cycles,8102.944824219,10847.2216796875,1.3386764830566407,2744.2768554685,0.0015305970939050056,0.11783871428510022,,,
repeat_05,g0014,directions,shared_edge_b5_b6,4096,4096,0,4,B_per_cycle,3.290014943,3.291760316,1.0005305061011085,0.0017453729999998835,0.2991697658073497,0.17173741273086698,0.9580093873093569,0.9543112493494563,0.9961397685566661
repeat_05,g0004,completion,s1_d2_reply8,1024,1024,8,1,sender_cycles_per_data,4823.22119140625,8176.667724609375,1.6952711476674782,3353.446533203125,0.046669569426147535,0.01731178753283171,,,
repeat_05,g0033,routes,p15_0_bg2_1_YX_forward_pb8,4096,8,8,4,RTT_cycles,7928.086425781,8333.6569824215,1.0511561724808705,405.5705566405004,0.023058842976978654,0.0729288082269382,,,
repeat_05,g0035,routes,p15_0_bg3_2_YX_forward_pb8,4096,8,8,4,RTT_cycles,7931.119140625,8225.937744140501,1.0371723836558415,294.8186035155013,0.00872995096559873,0.027453414446388567,,,
repeat_05,g0002,completion,s0_d1_reply1024,1024,1024,1024,1,sender_cycles_per_data,4823.896728515625,8164.96142578125,1.6926070115712684,3341.064697265625,0.04311016509654668,0.030307667678457176,,,
repeat_05,g0039,routes,p15_0_bg1_5_neither_forward_pb8,4096,8,8,4,RTT_cycles,7928.625,9643.5498046875,1.2162953607576976,1714.9248046875,0.0037320271547742778,0.019908870839934603,,,
repeat_05,g0003,completion,s1_d2_reply8,8,8,8,1,sender_cycles_per_data,4825.12060546875,8117.13330078125,1.6822653700264738,3292.0126953125,0.04681311094980523,0.01017812378318936,,,
repeat_05,g0000,completion,s0_d1_reply8,8,8,8,1,sender_cycles_per_data,4822.2255859375,8143.206787109375,1.6886822571835853,3320.981201171875,0.022033394768972363,0.017286983869529142,,,
repeat_05,g0026,routes,p0_15_bg1_5_neither_forward_pb1024,4096,1024,8,4,RTT_cycles,8123.2387695315,10969.820556640501,1.3504244880485243,2846.581787109001,0.013043692830677828,0.18802028870486226,,,
