repeat,group,family,label,bytes,probe_bytes,reply_bytes,window,metric,control,treatment,treatment_over_control,difference,control_range_pct,treatment_range_pct,control_efficiency,treatment_efficiency,efficiency_ratio,probe_src,probe_dst,background_src,background_dst,background_bytes,category,XY_forward_same_direction,XY_forward_opposite_direction,XY_forward_shared_internal_nodes,XY_reply_same_direction,XY_reply_opposite_direction,XY_reply_shared_internal_nodes,YX_forward_same_direction,YX_forward_opposite_direction,YX_forward_shared_internal_nodes,YX_reply_same_direction,YX_reply_opposite_direction,YX_reply_shared_internal_nodes
repeat_01,g0038,routes,p15_0_bg1_2_neither_forward_pb1024,4096,1024,8,4,RTT_cycles,7929.2814941404995,9618.0546875,1.2129793468181769,1688.7731933595005,0.09945706272160722,0.1918998368140647,,,,54,0,2,4,4096,neither_forward,0,0,0,1,0,2,0,1,2,0,0,0
repeat_01,g0032,routes,p15_0_bg12_8_XY_forward_pb1024,4096,1024,8,4,RTT_cycles,7931.330078125,8352.2080078125,1.0530652394417808,420.8779296875,0.031015742804412036,0.020519929405475503,,,,54,0,48,32,4096,XY_forward,1,0,2,0,0,0,0,0,0,0,1,2
repeat_01,g0030,routes,p15_0_bg8_4_XY_forward_pb1024,4096,1024,8,4,RTT_cycles,7928.8212890625,9746.652832031501,1.2292688253015147,1817.831542969001,0.036937532455673085,0.05157018797756983,,,,54,0,32,16,4096,XY_forward,1,0,2,0,0,0,0,0,0,0,1,2
repeat_01,g0029,routes,p15_0_bg8_4_XY_forward_pb8,4096,8,8,4,RTT_cycles,7921.9765625,9740.921630859499,1.2296074791447602,1818.9450683594987,0.0033406869600319153,0.062202348613558965,,,,54,0,32,16,4096,XY_forward,1,0,2,0,0,0,0,0,0,0,1,2
repeat_01,g0034,routes,p15_0_bg2_1_YX_forward_pb1024,4096,1024,8,4,RTT_cycles,7925.9084472654995,8469.156982421999,1.0685408541835888,543.2485351564992,0.021198526227987943,0.04092861427877218,,,,54,0,4,2,4096,YX_forward,0,0,0,0,1,2,1,0,2,0,0,0
repeat_01,g0037,routes,p15_0_bg1_2_neither_forward_pb8,4096,8,8,4,RTT_cycles,7923.6052246095005,9632.879394531,1.215719249188836,1709.2741699215003,0.03322129440301388,0.1458627340229883,,,,54,0,2,4,4096,neither_forward,0,0,0,1,0,2,0,1,2,0,0,0
repeat_01,g0025,routes,p0_15_bg1_5_neither_forward_pb8,4096,8,8,4,RTT_cycles,8101.1042480465,10855.178466796999,1.3399628167252156,2754.0742187504984,0.013169742029392594,0.14666189233734803,,,,0,54,2,18,4096,neither_forward,0,0,1,0,0,0,0,0,0,0,0,1
repeat_01,g0027,routes,p0_15_bg2_1_neither_forward_pb8,4096,8,8,4,RTT_cycles,8099.945800781,8366.0068359375,1.0328472611669632,266.0610351565001,0.0259574460584298,0.14342593392893133,,,,0,54,4,2,4096,neither_forward,0,1,2,0,0,0,0,0,0,1,0,2
repeat_01,g0024,routes,p0_15_bg8_12_YX_forward_pb1024,4096,1024,8,4,RTT_cycles,8117.8974609375,10858.303955078001,1.3375758941680478,2740.4064941405013,0.030675854024798364,0.019412885886428075,,,,0,54,32,48,4096,YX_forward,0,0,0,0,1,2,1,0,2,0,0,0
repeat_01,g0021,routes,p0_15_bg4_8_YX_forward_pb8,4096,8,8,4,RTT_cycles,8102.7897949215,8332.338134766,1.02832954397859,229.54833984449942,0.10866844634817771,0.25838827958946736,,,,0,54,16,32,4096,YX_forward,0,0,0,0,1,2,1,0,2,0,0,0
repeat_01,g0035,routes,p15_0_bg3_2_YX_forward_pb8,4096,8,8,4,RTT_cycles,7925.8125,8217.721923828001,1.0368302207285374,291.9094238280013,0.00568011559697858,0.05284049760080059,,,,54,0,6,4,4096,YX_forward,0,0,0,0,1,2,1,0,2,0,0,0
repeat_01,g0020,routes,p0_15_bg2_3_XY_forward_pb1024,4096,1024,8,4,RTT_cycles,8153.5979003904995,8435.162597655999,1.0345325708607749,281.5646972654995,0.9570580855509542,0.33070503963671677,,,,0,54,4,6,4096,XY_forward,1,0,2,0,0,0,0,0,0,0,1,2
repeat_01,g0039,routes,p15_0_bg1_5_neither_forward_pb8,4096,8,8,4,RTT_cycles,7931.8615722654995,9638.375488281501,1.2151467093151231,1706.5139160160015,0.03332214490784942,0.006454099176324325,,,,54,0,2,18,4096,neither_forward,0,0,0,0,0,1,0,0,1,0,0,0
repeat_01,g0026,routes,p0_15_bg1_5_neither_forward_pb1024,4096,1024,8,4,RTT_cycles,8118.888427734,10966.550537109499,1.350745318736975,2847.6621093754984,0.025325540094581492,0.039720393539069185,,,,0,54,2,18,4096,neither_forward,0,0,1,0,0,0,0,0,0,0,0,1
repeat_01,g0036,routes,p15_0_bg3_2_YX_forward_pb1024,4096,1024,8,4,RTT_cycles,7949.8879394529995,8317.6298828125,1.0462575002516077,367.7419433595005,0.5772302767723961,0.12089578647611343,,,,54,0,6,4,4096,YX_forward,0,0,0,0,1,2,1,0,2,0,0,0
repeat_01,g0022,routes,p0_15_bg4_8_YX_forward_pb1024,4096,1024,8,4,RTT_cycles,8121.922851562,8351.4262695315,1.0282572762834556,229.50341796949942,0.007983792900412654,0.15142903699141974,,,,0,54,16,32,4096,YX_forward,0,0,0,0,1,2,1,0,2,0,0,0
repeat_01,g0023,routes,p0_15_bg8_12_YX_forward_pb8,4096,8,8,4,RTT_cycles,8102.159667969,10816.153076171999,1.3349716025632614,2713.9934082029986,0.06333911140122765,0.26384239807838117,,,,0,54,32,48,4096,YX_forward,0,0,0,0,1,2,1,0,2,0,0,0
repeat_01,g0040,routes,p15_0_bg1_5_neither_forward_pb1024,4096,1024,8,4,RTT_cycles,7942.819824219,9645.240722655999,1.2143345733773325,1702.4208984369989,0.5309556617840886,0.16269560566943098,,,,54,0,2,18,4096,neither_forward,0,0,0,0,0,1,0,0,1,0,0,0
repeat_01,g0031,routes,p15_0_bg12_8_XY_forward_pb8,4096,8,8,4,RTT_cycles,7920.0930175779995,8303.1711425785,1.048367882062785,383.0781250005002,0.020178355588165213,0.022387671975935625,,,,54,0,48,32,4096,XY_forward,1,0,2,0,0,0,0,0,0,0,1,2
repeat_01,g0033,routes,p15_0_bg2_1_YX_forward_pb8,4096,8,8,4,RTT_cycles,7921.306640625,8331.7102050785,1.0518100842541198,410.4035644534997,0.09315263989600832,0.18134196157940743,,,,54,0,4,2,4096,YX_forward,0,0,0,0,1,2,1,0,2,0,0,0
repeat_01,g0019,routes,p0_15_bg2_3_XY_forward_pb8,4096,8,8,4,RTT_cycles,8097.6474609375,8361.463867188,1.0325793889550183,263.8164062505002,0.03662570304902921,0.019808134392584595,,,,0,54,4,6,4096,XY_forward,1,0,2,0,0,0,0,0,0,0,1,2
repeat_01,g0017,routes,p0_15_bg1_2_XY_forward_pb8,4096,8,8,4,RTT_cycles,8093.6958007815,10844.820800781501,1.3399096120877636,2751.125000000001,0.08529255957869902,0.009392084071378835,,,,0,54,2,4,4096,XY_forward,1,0,2,0,0,0,0,0,0,0,1,2
repeat_01,g0028,routes,p0_15_bg2_1_neither_forward_pb1024,4096,1024,8,4,RTT_cycles,8119.9626464845005,8405.384277344001,1.035150608849546,285.4216308595005,0.002050550159518532,0.12346764104495556,,,,0,54,4,2,4096,neither_forward,0,1,2,0,0,0,0,0,0,1,0,2
repeat_01,g0018,routes,p0_15_bg1_2_XY_forward_pb1024,4096,1024,8,4,RTT_cycles,8121.4299316404995,10992.612548828001,1.3535316614629136,2871.182617187502,0.02906926320698781,0.04265560005113729,,,,0,54,2,4,4096,XY_forward,1,0,2,0,0,0,0,0,0,0,1,2
repeat_02,g0019,routes,p0_15_bg2_3_XY_forward_pb8,4096,8,8,4,RTT_cycles,8112.8244628904995,8364.833007813,1.031062985039949,252.00854492250073,0.010779374347371659,0.14780069414957037,,,,0,54,4,6,4096,XY_forward,1,0,2,0,0,0,0,0,0,0,1,2
repeat_02,g0026,routes,p0_15_bg1_5_neither_forward_pb1024,4096,1024,8,4,RTT_cycles,8116.081054688,11006.561767578001,1.3561424157069508,2890.480712890001,0.014438926769011297,0.09140942801627264,,,,0,54,2,18,4096,neither_forward,0,0,1,0,0,0,0,0,0,0,0,1
repeat_02,g0023,routes,p0_15_bg8_12_YX_forward_pb8,4096,8,8,4,RTT_cycles,8112.576171875,10793.100341796999,1.330415901574514,2680.5241699219987,0.01539613818764976,0.08851231206482263,,,,0,54,32,48,4096,YX_forward,0,0,0,0,1,2,1,0,2,0,0,0
repeat_02,g0036,routes,p15_0_bg3_2_YX_forward_pb1024,4096,1024,8,4,RTT_cycles,7937.6904296875,8317.104003905999,1.0477989885823042,379.413574218499,0.3600430353911567,0.017248435408840076,,,,54,0,6,4,4096,YX_forward,0,0,0,0,1,2,1,0,2,0,0,0
repeat_02,g0024,routes,p0_15_bg8_12_YX_forward_pb1024,4096,1024,8,4,RTT_cycles,8118.5727539065,10834.735595703,1.334561618664997,2716.1628417964994,0.03769809014185805,0.06352993777466343,,,,0,54,32,48,4096,YX_forward,0,0,0,0,1,2,1,0,2,0,0,0
repeat_02,g0022,routes,p0_15_bg4_8_YX_forward_pb1024,4096,1024,8,4,RTT_cycles,8126.058837891,8359.006347655999,1.0286667269351766,232.94750976499927,0.22538529158316142,0.006133448052034868,,,,0,54,16,32,4096,YX_forward,0,0,0,0,1,2,1,0,2,0,0,0
repeat_02,g0018,routes,p0_15_bg1_2_XY_forward_pb1024,4096,1024,8,4,RTT_cycles,8118.1604003904995,10991.3581542965,1.353922269602827,2873.197753906001,0.02856370831116853,0.3804435937942324,,,,0,54,2,4,4096,XY_forward,1,0,2,0,0,0,0,0,0,0,1,2
repeat_02,g0031,routes,p15_0_bg12_8_XY_forward_pb8,4096,8,8,4,RTT_cycles,7921.0349121095005,8298.5573730465,1.0476607495265362,377.5224609369998,0.0193129455175312,0.06763576747967336,,,,54,0,48,32,4096,XY_forward,1,0,2,0,0,0,0,0,0,0,1,2
repeat_02,g0030,routes,p15_0_bg8_4_XY_forward_pb1024,4096,1024,8,4,RTT_cycles,7928.015625,9734.469726562,1.2278570309404504,1806.4541015619998,0.061022718077697484,0.131218626785039,,,,54,0,32,16,4096,XY_forward,1,0,2,0,0,0,0,0,0,0,1,2
repeat_02,g0020,routes,p0_15_bg2_3_XY_forward_pb1024,4096,1024,8,4,RTT_cycles,8117.260253906,8400.026855469001,1.0348352267536247,282.76660156300113,0.01871975521874892,0.11152540608724902,,,,0,54,4,6,4096,XY_forward,1,0,2,0,0,0,0,0,0,0,1,2
repeat_02,g0035,routes,p15_0_bg3_2_YX_forward_pb8,4096,8,8,4,RTT_cycles,7920.8366699215,8218.8620605465,1.0376254937507698,298.025390625,0.030076673945906792,0.07504056429669442,,,,54,0,6,4,4096,YX_forward,0,0,0,0,1,2,1,0,2,0,0,0
repeat_02,g0017,routes,p0_15_bg1_2_XY_forward_pb8,4096,8,8,4,RTT_cycles,8099.4211425779995,10847.3234863285,1.3392714485859984,2747.9023437505,0.06660993961209342,0.11991275299750111,,,,0,54,2,4,4096,XY_forward,1,0,2,0,0,0,0,0,0,0,1,2
repeat_02,g0027,routes,p0_15_bg2_1_neither_forward_pb8,4096,8,8,4,RTT_cycles,8098.6096191404995,8364.384033203001,1.0328172892090468,265.7744140625018,0.059888028749249325,0.06027346288726343,,,,0,54,4,2,4096,neither_forward,0,1,2,0,0,0,0,0,0,1,0,2
repeat_02,g0038,routes,p15_0_bg1_2_neither_forward_pb1024,4096,1024,8,4,RTT_cycles,7924.3776855470005,9620.28515625,1.214011438878804,1695.9074707029995,0.015003889152944124,0.09711534831094579,,,,54,0,2,4,4096,neither_forward,0,0,0,1,0,2,0,1,2,0,0,0
repeat_02,g0028,routes,p0_15_bg2_1_neither_forward_pb1024,4096,1024,8,4,RTT_cycles,8128.51171875,8401.478027343499,1.0335813391231077,272.966308593499,0.2248547382645674,0.03088416769710532,,,,0,54,4,2,4096,neither_forward,0,1,2,0,0,0,0,0,0,1,0,2
repeat_02,g0025,routes,p0_15_bg1_5_neither_forward_pb8,4096,8,8,4,RTT_cycles,8099.1223144529995,10842.3322753905,1.3387045971687823,2743.2099609375,0.0367335810040896,0.10888941643854355,,,,0,54,2,18,4096,neither_forward,0,0,1,0,0,0,0,0,0,0,0,1
repeat_02,g0037,routes,p15_0_bg1_2_neither_forward_pb8,4096,8,8,4,RTT_cycles,7923.9289550779995,9640.469482421999,1.216627450482625,1716.5405273439992,0.028314897277849527,0.1026910811973446,,,,54,0,2,4,4096,neither_forward,0,0,0,1,0,2,0,1,2,0,0,0
repeat_02,g0033,routes,p15_0_bg2_1_YX_forward_pb8,4096,8,8,4,RTT_cycles,7926.707275391,8332.939453125,1.051248540361163,406.2321777340003,0.06025047652291802,0.015914814711658776,,,,54,0,4,2,4096,YX_forward,0,0,0,0,1,2,1,0,2,0,0,0
repeat_02,g0032,routes,p15_0_bg12_8_XY_forward_pb1024,4096,1024,8,4,RTT_cycles,7932.0974121095005,8350.947509766,1.0528044571183737,418.8500976564992,0.043195000678751,0.06849779426001093,,,,54,0,48,32,4096,XY_forward,1,0,2,0,0,0,0,0,0,0,1,2
repeat_02,g0039,routes,p15_0_bg1_5_neither_forward_pb8,4096,8,8,4,RTT_cycles,7928.0051269529995,9629.740234375,1.214648588159533,1701.7351074220005,0.08464234205886191,0.04701418355854371,,,,54,0,2,18,4096,neither_forward,0,0,0,0,0,1,0,0,1,0,0,0
repeat_02,g0034,routes,p15_0_bg2_1_YX_forward_pb1024,4096,1024,8,4,RTT_cycles,7928.8383789065,8463.4130859375,1.0674215668783409,534.5747070309999,0.003867409201022081,0.07127415974793115,,,,54,0,4,2,4096,YX_forward,0,0,0,0,1,2,1,0,2,0,0,0
repeat_02,g0040,routes,p15_0_bg1_5_neither_forward_pb1024,4096,1024,8,4,RTT_cycles,7930.6455078125,9621.113525390501,1.2131564216194908,1690.4680175780013,0.17348889254281258,0.009414312767528004,,,,54,0,2,18,4096,neither_forward,0,0,0,0,0,1,0,0,1,0,0,0
repeat_02,g0021,routes,p0_15_bg4_8_YX_forward_pb8,4096,8,8,4,RTT_cycles,8101.454589844,8322.965576172,1.0273421252778097,221.5109863280004,0.004580581744730186,0.0003344004218773242,,,,0,54,16,32,4096,YX_forward,0,0,0,0,1,2,1,0,2,0,0,0
repeat_02,g0029,routes,p15_0_bg8_4_XY_forward_pb8,4096,8,8,4,RTT_cycles,7926.220703125,9715.2150878905,1.225705850464165,1788.9943847654995,0.019540562697046796,0.07311240439600893,,,,54,0,32,16,4096,XY_forward,1,0,2,0,0,0,0,0,0,0,1,2
repeat_03,g0028,routes,p0_15_bg2_1_neither_forward_pb1024,4096,1024,8,4,RTT_cycles,8116.470703125,8402.7802734375,1.035275131369878,286.3095703125,0.11559009181648414,0.023836511509567497,,,,0,54,4,2,4096,neither_forward,0,1,2,0,0,0,0,0,0,1,0,2
repeat_03,g0017,routes,p0_15_bg1_2_XY_forward_pb8,4096,8,8,4,RTT_cycles,8113.4362792965,10853.4333496095,1.3377110481911099,2739.997070313,0.061680333199508525,0.04713460240840272,,,,0,54,2,4,4096,XY_forward,1,0,2,0,0,0,0,0,0,0,1,2
repeat_03,g0038,routes,p15_0_bg1_2_neither_forward_pb1024,4096,1024,8,4,RTT_cycles,7932.3110351565,9626.413330078001,1.2135698269285122,1694.1022949215012,0.017900481570967366,0.017068313500179667,,,,54,0,2,4,4096,neither_forward,0,0,0,1,0,2,0,1,2,0,0,0
repeat_03,g0034,routes,p15_0_bg2_1_YX_forward_pb1024,4096,1024,8,4,RTT_cycles,7928.1789550785,8465.572753906,1.0677827533753217,537.3937988275011,0.1029690962483992,0.13478303927794338,,,,54,0,4,2,4096,YX_forward,0,0,0,0,1,2,1,0,2,0,0,0
repeat_03,g0023,routes,p0_15_bg8_12_YX_forward_pb8,4096,8,8,4,RTT_cycles,8103.728515625,10799.465332031501,1.332653890269002,2695.736816406501,0.0017473631023886404,0.35674328313948606,,,,0,54,32,48,4096,YX_forward,0,0,0,0,1,2,1,0,2,0,0,0
repeat_03,g0026,routes,p0_15_bg1_5_neither_forward_pb1024,4096,1024,8,4,RTT_cycles,8121.955078125,10963.5480957035,1.3498656407533958,2841.5930175784997,0.0009138039952953522,0.001313835336367699,,,,0,54,2,18,4096,neither_forward,0,0,1,0,0,0,0,0,0,0,0,1
repeat_03,g0036,routes,p15_0_bg3_2_YX_forward_pb1024,4096,1024,8,4,RTT_cycles,7927.2468261720005,8325.951171875,1.0502954372994502,398.7043457029995,0.09384045945737662,0.101996604648446,,,,54,0,6,4,4096,YX_forward,0,0,0,0,1,2,1,0,2,0,0,0
repeat_03,g0029,routes,p15_0_bg8_4_XY_forward_pb8,4096,8,8,4,RTT_cycles,7927.1564941404995,9719.2465820315,1.2260697249027006,1792.0900878909997,0.0036526436839479028,0.045998453555702895,,,,54,0,32,16,4096,XY_forward,1,0,2,0,0,0,0,0,0,0,1,2
repeat_03,g0033,routes,p15_0_bg2_1_YX_forward_pb8,4096,8,8,4,RTT_cycles,7927.3837890625,8338.7045898435,1.0518860713352247,411.3208007810008,0.0369195927796293,0.10636113234905296,,,,54,0,4,2,4096,YX_forward,0,0,0,0,1,2,1,0,2,0,0,0
repeat_03,g0031,routes,p15_0_bg12_8_XY_forward_pb8,4096,8,8,4,RTT_cycles,7922.0612792970005,8305.870849609499,1.0484481950821967,383.8095703124982,0.028173647177318625,0.1633292669080811,,,,54,0,48,32,4096,XY_forward,1,0,2,0,0,0,0,0,0,0,1,2
repeat_03,g0030,routes,p15_0_bg8_4_XY_forward_pb1024,4096,1024,8,4,RTT_cycles,7929.5983886720005,9750.1435546875,1.229588571423274,1820.5451660154995,0.05529003020207638,0.1342327992566616,,,,54,0,32,16,4096,XY_forward,1,0,2,0,0,0,0,0,0,0,1,2
repeat_03,g0019,routes,p0_15_bg2_3_XY_forward_pb8,4096,8,8,4,RTT_cycles,8104.111328125,8366.51953125,1.0323796394817928,262.408203125,0.03581322655239853,0.005205831103048549,,,,0,54,4,6,4096,XY_forward,1,0,2,0,0,0,0,0,0,0,1,2
repeat_03,g0027,routes,p0_15_bg2_1_neither_forward_pb8,4096,8,8,4,RTT_cycles,8104.148681641,8368.582763671999,1.0326294707092485,264.434082030999,0.08168197754066239,0.08417713958185458,,,,0,54,4,2,4096,neither_forward,0,1,2,0,0,0,0,0,0,1,0,2
repeat_03,g0032,routes,p15_0_bg12_8_XY_forward_pb1024,4096,1024,8,4,RTT_cycles,7927.5510253904995,8354.6103515625,1.0538702715131327,427.0593261720005,0.02591215385963314,0.0984556501245235,,,,54,0,48,32,4096,XY_forward,1,0,2,0,0,0,0,0,0,0,1,2
repeat_03,g0018,routes,p0_15_bg1_2_XY_forward_pb1024,4096,1024,8,4,RTT_cycles,8121.0876464845005,10979.16015625,1.351932232993781,2858.0725097654995,0.03756015329203519,0.002125831435891193,,,,0,54,2,4,4096,XY_forward,1,0,2,0,0,0,0,0,0,0,1,2
repeat_03,g0035,routes,p15_0_bg3_2_YX_forward_pb8,4096,8,8,4,RTT_cycles,7933.0495605470005,8228.4689941405,1.0372390757600574,295.419433593499,0.03568068476562896,0.053376756309444544,,,,54,0,6,4,4096,YX_forward,0,0,0,0,1,2,1,0,2,0,0,0
repeat_03,g0039,routes,p15_0_bg1_5_neither_forward_pb8,4096,8,8,4,RTT_cycles,7935.4775390625,9643.728027344,1.2152675097210737,1708.2504882814992,0.046653127285357435,0.004172076906971944,,,,54,0,2,18,4096,neither_forward,0,0,0,0,0,1,0,0,1,0,0,0
repeat_03,g0024,routes,p0_15_bg8_12_YX_forward_pb1024,4096,1024,8,4,RTT_cycles,8127.4401855470005,10852.599609375,1.3353035348908677,2725.1594238279995,0.0264163452081486,0.19856813541137774,,,,0,54,32,48,4096,YX_forward,0,0,0,0,1,2,1,0,2,0,0,0
repeat_03,g0037,routes,p15_0_bg1_2_neither_forward_pb8,4096,8,8,4,RTT_cycles,7934.4655761720005,9643.19140625,1.215354873453541,1708.7258300779995,0.040683613949932584,0.10282919011202797,,,,54,0,2,4,4096,neither_forward,0,0,0,1,0,2,0,1,2,0,0,0
repeat_03,g0040,routes,p15_0_bg1_5_neither_forward_pb1024,4096,1024,8,4,RTT_cycles,7933.638671875,9635.612060546999,1.214526204061391,1701.9733886719987,0.013121540683354757,0.006258319037856414,,,,54,0,2,18,4096,neither_forward,0,0,0,0,0,1,0,0,1,0,0,0
repeat_03,g0020,routes,p0_15_bg2_3_XY_forward_pb1024,4096,1024,8,4,RTT_cycles,8122.4833984375,8404.4196777345,1.034710600867616,281.9362792970005,0.05008762930537499,0.0306119161780476,,,,0,54,4,6,4096,XY_forward,1,0,2,0,0,0,0,0,0,0,1,2
repeat_03,g0025,routes,p0_15_bg1_5_neither_forward_pb8,4096,8,8,4,RTT_cycles,8104.4775390625,10833.688476562,1.3367534704544577,2729.2109374995,0.11513456162997972,0.246698643382826,,,,0,54,2,18,4096,neither_forward,0,0,1,0,0,0,0,0,0,0,0,1
repeat_03,g0021,routes,p0_15_bg4_8_YX_forward_pb8,4096,8,8,4,RTT_cycles,8105.6865234375,8330.684082031,1.0277579891527908,224.9975585935008,0.043649429653730656,0.025789448727675388,,,,0,54,16,32,4096,YX_forward,0,0,0,0,1,2,1,0,2,0,0,0
repeat_03,g0022,routes,p0_15_bg4_8_YX_forward_pb1024,4096,1024,8,4,RTT_cycles,8125.9362792970005,8358.016113281,1.0285603807373294,232.0798339840003,0.05193512106109223,0.057299034066111865,,,,0,54,16,32,4096,YX_forward,0,0,0,0,1,2,1,0,2,0,0,0
repeat_04,g0023,routes,p0_15_bg8_12_YX_forward_pb8,4096,8,8,4,RTT_cycles,8116.7170410154995,10835.630859375,1.3349770362352475,2718.9138183595005,0.11738529238919782,0.5713391673216461,,,,0,54,32,48,4096,YX_forward,0,0,0,0,1,2,1,0,2,0,0,0
repeat_04,g0026,routes,p0_15_bg1_5_neither_forward_pb1024,4096,1024,8,4,RTT_cycles,8113.088378906,11003.112548828001,1.3562175135964318,2890.0241699220014,0.008810994243062743,0.11901373166808187,,,,0,54,2,18,4096,neither_forward,0,0,1,0,0,0,0,0,0,0,0,1
repeat_04,g0020,routes,p0_15_bg2_3_XY_forward_pb1024,4096,1024,8,4,RTT_cycles,8114.3466796875,8399.8430175785,1.0351841434881845,285.4963378909997,0.0319529536923807,0.039348066077927644,,,,0,54,4,6,4096,XY_forward,1,0,2,0,0,0,0,0,0,0,1,2
repeat_04,g0028,routes,p0_15_bg2_1_neither_forward_pb1024,4096,1024,8,4,RTT_cycles,8111.827880859,8401.292236328001,1.0356842329152511,289.464355469001,0.002955512586328732,0.060787477096872385,,,,0,54,4,2,4096,neither_forward,0,1,2,0,0,0,0,0,0,1,0,2
repeat_04,g0018,routes,p0_15_bg1_2_XY_forward_pb1024,4096,1024,8,4,RTT_cycles,8112.9763183595005,10999.9309082035,1.3558440794793003,2886.954589843999,0.029990294233868803,0.0912337051454989,,,,0,54,2,4,4096,XY_forward,1,0,2,0,0,0,0,0,0,0,1,2
repeat_04,g0038,routes,p15_0_bg1_2_neither_forward_pb1024,4096,1024,8,4,RTT_cycles,7921.057128906,9619.3505859375,1.2144023745055423,1698.2934570315,0.01637249900985268,0.059359110430479284,,,,54,0,2,4,4096,neither_forward,0,0,0,1,0,2,0,1,2,0,0,0
repeat_04,g0035,routes,p15_0_bg3_2_YX_forward_pb8,4096,8,8,4,RTT_cycles,7919.369628906,8222.497314453,1.0382767442045604,303.1276855469996,0.0030951603408626745,0.10593435163171029,,,,54,0,6,4,4096,YX_forward,0,0,0,0,1,2,1,0,2,0,0,0
repeat_04,g0036,routes,p15_0_bg3_2_YX_forward_pb1024,4096,1024,8,4,RTT_cycles,7923.5148925785,8321.729736328001,1.0502573477993316,398.2148437495016,0.03658636123363819,0.012503738729423562,,,,54,0,6,4,4096,YX_forward,0,0,0,0,1,2,1,0,2,0,0,0
repeat_04,g0029,routes,p15_0_bg8_4_XY_forward_pb8,4096,8,8,4,RTT_cycles,7918.3244628904995,9717.0009765625,1.2271536765260833,1798.6765136720005,0.007405932703922321,0.10406816579922727,,,,54,0,32,16,4096,XY_forward,1,0,2,0,0,0,0,0,0,0,1,2
repeat_04,g0019,routes,p0_15_bg2_3_XY_forward_pb8,4096,8,8,4,RTT_cycles,8096.5847167970005,8368.079589844,1.033532024000658,271.4948730469987,0.04050825466194057,0.10932541214238795,,,,0,54,4,6,4096,XY_forward,1,0,2,0,0,0,0,0,0,0,1,2
repeat_04,g0025,routes,p0_15_bg1_5_neither_forward_pb8,4096,8,8,4,RTT_cycles,8096.012695313,10845.119628905999,1.3395630709898134,2749.1069335929988,0.07010588376776958,0.21102341856148638,,,,0,54,2,18,4096,neither_forward,0,0,1,0,0,0,0,0,0,0,0,1
repeat_04,g0037,routes,p15_0_bg1_2_neither_forward_pb8,4096,8,8,4,RTT_cycles,7921.4760742185,9634.100097656,1.2162001131344022,1712.624023437501,0.02617242250781292,0.03596437357800553,,,,54,0,2,4,4096,neither_forward,0,0,0,1,0,2,0,1,2,0,0,0
repeat_04,g0024,routes,p0_15_bg8_12_YX_forward_pb1024,4096,1024,8,4,RTT_cycles,8115.8239746095005,10858.5256347655,1.337944941725768,2742.701660155999,0.008368826395508304,0.21687397717791543,,,,0,54,32,48,4096,YX_forward,0,0,0,0,1,2,1,0,2,0,0,0
repeat_04,g0027,routes,p0_15_bg2_1_neither_forward_pb8,4096,8,8,4,RTT_cycles,8094.5139160154995,8364.5,1.033354205920916,269.9860839845005,0.003926994212348429,0.057441419092593704,,,,0,54,4,2,4096,neither_forward,0,1,2,0,0,0,0,0,0,1,0,2
repeat_04,g0032,routes,p15_0_bg12_8_XY_forward_pb1024,4096,1024,8,4,RTT_cycles,7925.6354980470005,8345.189208984,1.0529362864391612,419.5537109369998,0.09966299590672258,0.13707256429472467,,,,54,0,48,32,4096,XY_forward,1,0,2,0,0,0,0,0,0,0,1,2
repeat_04,g0033,routes,p15_0_bg2_1_YX_forward_pb8,4096,8,8,4,RTT_cycles,7921.8349609375,8362.8134765625,1.0556662083721084,440.978515625,0.0669751905860499,0.7737588312156923,,,,54,0,4,2,4096,YX_forward,0,0,0,0,1,2,1,0,2,0,0,0
repeat_04,g0034,routes,p15_0_bg2_1_YX_forward_pb1024,4096,1024,8,4,RTT_cycles,7922.8754882815,8466.695556640501,1.0686392294266582,543.8200683590012,0.002107721965929811,0.06546214437404906,,,,54,0,4,2,4096,YX_forward,0,0,0,0,1,2,1,0,2,0,0,0
repeat_04,g0030,routes,p15_0_bg8_4_XY_forward_pb1024,4096,1024,8,4,RTT_cycles,7921.5085449220005,9749.949951172,1.2308198490074347,1828.44140625,0.000647219298061591,0.16743375210902595,,,,54,0,32,16,4096,XY_forward,1,0,2,0,0,0,0,0,0,0,1,2
repeat_04,g0039,routes,p15_0_bg1_5_neither_forward_pb8,4096,8,8,4,RTT_cycles,7919.9255371095005,9634.9038085935,1.2165396964211748,1714.9782714840003,0.001362514792528171,0.12485123997056315,,,,54,0,2,18,4096,neither_forward,0,0,0,0,0,1,0,0,1,0,0,0
repeat_04,g0017,routes,p0_15_bg1_2_XY_forward_pb8,4096,8,8,4,RTT_cycles,8095.57421875,10849.3217773435,1.3401546924510432,2753.747558593501,0.005609256980783923,0.291078822926501,,,,0,54,2,4,4096,XY_forward,1,0,2,0,0,0,0,0,0,0,1,2
repeat_04,g0021,routes,p0_15_bg4_8_YX_forward_pb8,4096,8,8,4,RTT_cycles,8101.2409667970005,8321.930419922,1.0272414379512345,220.689453125,0.021896963554976105,0.08951897764207993,,,,0,54,16,32,4096,YX_forward,0,0,0,0,1,2,1,0,2,0,0,0
repeat_04,g0040,routes,p15_0_bg1_5_neither_forward_pb1024,4096,1024,8,4,RTT_cycles,7923.2058105465,9619.353271484,1.214073381595083,1696.1474609375,0.04717526034758269,0.08574937340591567,,,,54,0,2,18,4096,neither_forward,0,0,0,0,0,1,0,0,1,0,0,0
repeat_04,g0022,routes,p0_15_bg4_8_YX_forward_pb1024,4096,1024,8,4,RTT_cycles,8116.4467773435,8354.259277343499,1.0293000750850527,237.8124999999991,0.011177632132482927,0.05432062599860805,,,,0,54,16,32,4096,YX_forward,0,0,0,0,1,2,1,0,2,0,0,0
repeat_04,g0031,routes,p15_0_bg12_8_XY_forward_pb8,4096,8,8,4,RTT_cycles,7918.2917480470005,8299.025390625,1.0480828005196834,380.7336425779995,0.015558072791444697,0.001282624247924858,,,,54,0,48,32,4096,XY_forward,1,0,2,0,0,0,0,0,0,0,1,2
repeat_05,g0018,routes,p0_15_bg1_2_XY_forward_pb1024,4096,1024,8,4,RTT_cycles,8124.0261230470005,10974.133056640501,1.3508244422686,2850.106933593501,0.01288014959763828,0.32063591299093436,,,,0,54,2,4,4096,XY_forward,1,0,2,0,0,0,0,0,0,0,1,2
repeat_05,g0021,routes,p0_15_bg4_8_YX_forward_pb8,4096,8,8,4,RTT_cycles,8117.9147949220005,8329.4621582035,1.026059322945078,211.5473632814992,0.007091520526431472,0.014391451047297428,,,,0,54,16,32,4096,YX_forward,0,0,0,0,1,2,1,0,2,0,0,0
repeat_05,g0037,routes,p15_0_bg1_2_neither_forward_pb8,4096,8,8,4,RTT_cycles,7931.462646484,9646.308837891,1.2162080649988545,1714.8461914069994,0.046412023961708467,0.09826560672373622,,,,54,0,2,4,4096,neither_forward,0,0,0,1,0,2,0,1,2,0,0,0
repeat_05,g0023,routes,p0_15_bg8_12_YX_forward_pb8,4096,8,8,4,RTT_cycles,8110.6359863279995,10806.25390625,1.3323559243030967,2695.6179199220005,0.06215916870758706,0.07922748727055808,,,,0,54,32,48,4096,YX_forward,0,0,0,0,1,2,1,0,2,0,0,0
repeat_05,g0030,routes,p15_0_bg8_4_XY_forward_pb1024,4096,1024,8,4,RTT_cycles,7930.8381347654995,9751.479492187,1.2295648109927455,1820.6413574215003,0.011617772338097968,0.1315906089971391,,,,54,0,32,16,4096,XY_forward,1,0,2,0,0,0,0,0,0,0,1,2
repeat_05,g0031,routes,p15_0_bg12_8_XY_forward_pb8,4096,8,8,4,RTT_cycles,7927.088134766,8303.364746093499,1.0474671916005645,376.27661132749927,0.008062987885762372,0.17614517740993293,,,,54,0,48,32,4096,XY_forward,1,0,2,0,0,0,0,0,0,0,1,2
repeat_05,g0029,routes,p15_0_bg8_4_XY_forward_pb8,4096,8,8,4,RTT_cycles,7926.7883300779995,9733.309814453,1.2279008104102136,1806.521484375,0.013471674145102388,0.044712958540958594,,,,54,0,32,16,4096,XY_forward,1,0,2,0,0,0,0,0,0,0,1,2
repeat_05,g0032,routes,p15_0_bg12_8_XY_forward_pb1024,4096,1024,8,4,RTT_cycles,7930.1809082029995,8359.977294921999,1.0541975513161896,429.7963867189992,0.02321899859933153,0.020576788468601358,,,,54,0,48,32,4096,XY_forward,1,0,2,0,0,0,0,0,0,0,1,2
repeat_05,g0024,routes,p0_15_bg8_12_YX_forward_pb1024,4096,1024,8,4,RTT_cycles,8126.6245117185,10861.5498046875,1.3365389023481113,2734.925292969,0.009877832719383875,0.2571247646716795,,,,0,54,32,48,4096,YX_forward,0,0,0,0,1,2,1,0,2,0,0,0
repeat_05,g0034,routes,p15_0_bg2_1_YX_forward_pb1024,4096,1024,8,4,RTT_cycles,7933.7551269529995,8459.306640625,1.0662424671876458,525.5515136720005,0.027245876125625935,0.1351830281110919,,,,54,0,4,2,4096,YX_forward,0,0,0,0,1,2,1,0,2,0,0,0
repeat_05,g0022,routes,p0_15_bg4_8_YX_forward_pb1024,4096,1024,8,4,RTT_cycles,8122.2465820315,8358.307128905999,1.029063454857025,236.06054687449887,0.012095445085025738,0.02209394389940215,,,,0,54,16,32,4096,YX_forward,0,0,0,0,1,2,1,0,2,0,0,0
repeat_05,g0038,routes,p15_0_bg1_2_neither_forward_pb1024,4096,1024,8,4,RTT_cycles,7930.569824219,9627.5615234375,1.2139810551867398,1696.9916992185,0.000788089650369543,0.03604965926783081,,,,54,0,2,4,4096,neither_forward,0,0,0,1,0,2,0,1,2,0,0,0
repeat_05,g0020,routes,p0_15_bg2_3_XY_forward_pb1024,4096,1024,8,4,RTT_cycles,8124.6159667970005,8406.603271484499,1.0347077702921468,281.9873046874982,0.01242246215851606,0.041628129768769645,,,,0,54,4,6,4096,XY_forward,1,0,2,0,0,0,0,0,0,0,1,2
repeat_05,g0040,routes,p15_0_bg1_5_neither_forward_pb1024,4096,1024,8,4,RTT_cycles,7934.119140625,9633.027587890501,1.2141269140472817,1698.9084472655013,0.012603793594171138,0.2990555690426272,,,,54,0,2,18,4096,neither_forward,0,0,0,0,0,1,0,0,1,0,0,0
repeat_05,g0019,routes,p0_15_bg2_3_XY_forward_pb8,4096,8,8,4,RTT_cycles,8105.0881347654995,8369.536376953001,1.032627435728082,264.4482421875018,0.04189955786456012,0.1271060082048669,,,,0,54,4,6,4096,XY_forward,1,0,2,0,0,0,0,0,0,0,1,2
repeat_05,g0036,routes,p15_0_bg3_2_YX_forward_pb1024,4096,1024,8,4,RTT_cycles,7935.6486816404995,8321.9660644535,1.0486812607653315,386.3173828130002,0.011832238052221323,0.05129849047613687,,,,54,0,6,4,4096,YX_forward,0,0,0,0,1,2,1,0,2,0,0,0
repeat_05,g0028,routes,p0_15_bg2_1_neither_forward_pb1024,4096,1024,8,4,RTT_cycles,8125.1599121095005,8408.119384765501,1.03482509584018,282.9594726560008,0.02620741688820551,0.07242232406966509,,,,0,54,4,2,4096,neither_forward,0,1,2,0,0,0,0,0,0,1,0,2
repeat_05,g0027,routes,p0_15_bg2_1_neither_forward_pb8,4096,8,8,4,RTT_cycles,8103.376953125,8376.132080078001,1.0336594395806573,272.7551269530013,0.04673495255011047,0.1069992958362679,,,,0,54,4,2,4096,neither_forward,0,1,2,0,0,0,0,0,0,1,0,2
repeat_05,g0017,routes,p0_15_bg1_2_XY_forward_pb8,4096,8,8,4,RTT_cycles,8105.0959472654995,10836.963134765501,1.3370555025226667,2731.867187500002,0.00889799962508339,0.05537057020846497,,,,0,54,2,4,4096,XY_forward,1,0,2,0,0,0,0,0,0,0,1,2
repeat_05,g0025,routes,p0_15_bg1_5_neither_forward_pb8,4096,8,8,4,RTT_cycles,8102.944824219,10847.2216796875,1.3386764830566407,2744.2768554685,0.0015305970939050056,0.11783871428510022,,,,0,54,2,18,4096,neither_forward,0,0,1,0,0,0,0,0,0,0,0,1
repeat_05,g0033,routes,p15_0_bg2_1_YX_forward_pb8,4096,8,8,4,RTT_cycles,7928.086425781,8333.6569824215,1.0511561724808705,405.5705566405004,0.023058842976978654,0.0729288082269382,,,,54,0,4,2,4096,YX_forward,0,0,0,0,1,2,1,0,2,0,0,0
repeat_05,g0035,routes,p15_0_bg3_2_YX_forward_pb8,4096,8,8,4,RTT_cycles,7931.119140625,8225.937744140501,1.0371723836558415,294.8186035155013,0.00872995096559873,0.027453414446388567,,,,54,0,6,4,4096,YX_forward,0,0,0,0,1,2,1,0,2,0,0,0
repeat_05,g0039,routes,p15_0_bg1_5_neither_forward_pb8,4096,8,8,4,RTT_cycles,7928.625,9643.5498046875,1.2162953607576976,1714.9248046875,0.0037320271547742778,0.019908870839934603,,,,54,0,2,18,4096,neither_forward,0,0,0,0,0,1,0,0,1,0,0,0
repeat_05,g0026,routes,p0_15_bg1_5_neither_forward_pb1024,4096,1024,8,4,RTT_cycles,8123.2387695315,10969.820556640501,1.3504244880485243,2846.581787109001,0.013043692830677828,0.18802028870486226,,,,0,54,2,18,4096,neither_forward,0,0,1,0,0,0,0,0,0,0,0,1
