group,family,label,metric,jobs,ratio_median,ratio_min,ratio_max,difference_median,max_control_range_pct,jobs_treatment_larger,efficiency_ratio_median
g0000,completion,s0_d1_reply8,sender_cycles_per_data,5,1.6886822571835853,1.6875793564560901,1.6890955188371632,3319.39111328125,0.18116717777770458,5,
g0001,completion,s0_d1_reply8,sender_cycles_per_data,5,1.6882257045655842,1.6869941369344283,1.691060678304531,3316.6240234375,0.0633291765333706,5,
g0002,completion,s0_d1_reply1024,sender_cycles_per_data,5,1.6934329819222544,1.6918618488565147,1.7045722888466348,3341.064697265625,0.15066476683793348,5,
g0003,completion,s1_d2_reply8,sender_cycles_per_data,5,1.6832589335501624,1.6822653700264738,1.684377575282134,3292.0126953125,0.05618763547587135,5,
g0004,completion,s1_d2_reply8,sender_cycles_per_data,5,1.6952711476674782,1.693473182741068,1.6963071090985935,3352.2021484375,0.12735415739339784,5,
g0005,completion,s1_d2_reply1024,sender_cycles_per_data,5,1.712560459417976,1.7114151486510254,1.7195642783946323,3434.885009765625,0.19002859755022666,5,
g0006,completion,s0_d63_reply8,sender_cycles_per_data,5,1.683570622157465,1.6826598132104913,1.6850027450918967,3297.48974609375,0.11613614224764428,5,
g0007,completion,s0_d63_reply8,sender_cycles_per_data,5,1.6844864236195518,1.6832436597156228,1.6874678571558837,3301.7333984375,0.07682264616866691,5,
g0008,completion,s0_d63_reply1024,sender_cycles_per_data,5,1.6931852993081011,1.691276989216808,1.6939727641801225,3341.7236328125,0.04998597621286541,5,
g0009,ports,source_cpe_b5_n2,B_per_cycle,5,1.0297082450446593,1.0281928611018847,1.030251086513171,0.09798418350000038,0.5523591667172314,5,1.0302862819659189
g0010,ports,destination_cpe_b5_n2,B_per_cycle,5,0.9998671382462954,0.9988061041652566,1.000648109135547,-0.00044197099999987444,0.36287960297703287,2,0.9999979176946457
g0011,ports,source_cluster_b5_n2,B_per_cycle,5,1.0041336953699085,1.001438709633037,1.0053376471595608,0.01355442749999991,0.9743444591732178,5,1.0022805078347037
g0012,ports,destination_cluster_b5_n2,B_per_cycle,5,1.0000331535017872,0.9994677262142693,1.0010856327738824,0.000109979999999954,0.37761314547177816,3,0.9994501228422776
g0013,directions,opposed_b5_b6,B_per_cycle,5,0.9968302098570827,0.9959830139996769,0.9971395332277145,-0.01045172300000008,0.2504545624024021,0,0.9967995128624125
g0014,directions,shared_edge_b5_b6,B_per_cycle,5,0.9994242039231848,0.9955497837923034,1.0071673707222595,-0.0018948669999998558,0.49090370868459693,2,0.9952313940914133
g0015,directions,opposed_b5_b9,B_per_cycle,5,0.988559869045357,0.9837638739938968,0.9947510583702424,-0.037673777000000186,1.7179072739387933,0,0.992947860595457
g0016,directions,shared_edge_b5_b9,B_per_cycle,5,1.0022469454385368,0.9985500278867575,1.0068059721767175,0.007386945999999561,0.3540041579003611,3,1.0012027959924314
g0017,routes,p0_15_bg1_2_XY_forward_pb8,RTT_cycles,5,1.3392714485859984,1.3370555025226667,1.3401546924510432,2747.9023437505,0.08529255957869902,5,
g0018,routes,p0_15_bg1_2_XY_forward_pb1024,RTT_cycles,5,1.3535316614629136,1.3508244422686,1.3558440794793003,2871.182617187502,0.03756015329203519,5,
g0019,routes,p0_15_bg2_3_XY_forward_pb8,RTT_cycles,5,1.0325793889550183,1.031062985039949,1.033532024000658,263.8164062505002,0.04189955786456012,5,
g0020,routes,p0_15_bg2_3_XY_forward_pb1024,RTT_cycles,5,1.034710600867616,1.0345325708607749,1.0351841434881845,281.9873046874982,0.9570580855509542,5,
g0021,routes,p0_15_bg4_8_YX_forward_pb8,RTT_cycles,5,1.0273421252778097,1.026059322945078,1.02832954397859,221.5109863280004,0.10866844634817771,5,
g0022,routes,p0_15_bg4_8_YX_forward_pb1024,RTT_cycles,5,1.0286667269351766,1.0282572762834556,1.0293000750850527,232.94750976499927,0.22538529158316142,5,
g0023,routes,p0_15_bg8_12_YX_forward_pb8,RTT_cycles,5,1.332653890269002,1.330415901574514,1.3349770362352475,2695.736816406501,0.11738529238919782,5,
g0024,routes,p0_15_bg8_12_YX_forward_pb1024,RTT_cycles,5,1.3365389023481113,1.334561618664997,1.337944941725768,2734.925292969,0.03769809014185805,5,
g0025,routes,p0_15_bg1_5_neither_forward_pb8,RTT_cycles,5,1.3387045971687823,1.3367534704544577,1.3399628167252156,2744.2768554685,0.11513456162997972,5,
g0026,routes,p0_15_bg1_5_neither_forward_pb1024,RTT_cycles,5,1.350745318736975,1.3498656407533958,1.3562175135964318,2847.6621093754984,0.025325540094581492,5,
g0027,routes,p0_15_bg2_1_neither_forward_pb8,RTT_cycles,5,1.0328472611669632,1.0326294707092485,1.0336594395806573,266.0610351565001,0.08168197754066239,5,
g0028,routes,p0_15_bg2_1_neither_forward_pb1024,RTT_cycles,5,1.035150608849546,1.0335813391231077,1.0356842329152511,285.4216308595005,0.2248547382645674,5,
g0029,routes,p15_0_bg8_4_XY_forward_pb8,RTT_cycles,5,1.2271536765260833,1.225705850464165,1.2296074791447602,1798.6765136720005,0.019540562697046796,5,
g0030,routes,p15_0_bg8_4_XY_forward_pb1024,RTT_cycles,5,1.2295648109927455,1.2278570309404504,1.2308198490074347,1820.5451660154995,0.061022718077697484,5,
g0031,routes,p15_0_bg12_8_XY_forward_pb8,RTT_cycles,5,1.0480828005196834,1.0474671916005645,1.0484481950821967,380.7336425779995,0.028173647177318625,5,
g0032,routes,p15_0_bg12_8_XY_forward_pb1024,RTT_cycles,5,1.0530652394417808,1.0528044571183737,1.0541975513161896,420.8779296875,0.09966299590672258,5,
g0033,routes,p15_0_bg2_1_YX_forward_pb8,RTT_cycles,5,1.0518100842541198,1.0511561724808705,1.0556662083721084,410.4035644534997,0.09315263989600832,5,
g0034,routes,p15_0_bg2_1_YX_forward_pb1024,RTT_cycles,5,1.0677827533753217,1.0662424671876458,1.0686392294266582,537.3937988275011,0.1029690962483992,5,
g0035,routes,p15_0_bg3_2_YX_forward_pb8,RTT_cycles,5,1.0372390757600574,1.0368302207285374,1.0382767442045604,295.419433593499,0.03568068476562896,5,
g0036,routes,p15_0_bg3_2_YX_forward_pb1024,RTT_cycles,5,1.0486812607653315,1.0462575002516077,1.0502954372994502,386.3173828130002,0.5772302767723961,5,
g0037,routes,p15_0_bg1_2_neither_forward_pb8,RTT_cycles,5,1.2162001131344022,1.215354873453541,1.216627450482625,1712.624023437501,0.046412023961708467,5,
g0038,routes,p15_0_bg1_2_neither_forward_pb1024,RTT_cycles,5,1.2139810551867398,1.2129793468181769,1.2144023745055423,1695.9074707029995,0.09945706272160722,5,
g0039,routes,p15_0_bg1_5_neither_forward_pb8,RTT_cycles,5,1.2152675097210737,1.214648588159533,1.2165396964211748,1708.2504882814992,0.08464234205886191,5,
g0040,routes,p15_0_bg1_5_neither_forward_pb1024,RTT_cycles,5,1.2141269140472817,1.2131564216194908,1.214526204061391,1698.9084472655013,0.5309556617840886,5,
