case_id,phase,mode,bytes,reps,active_pes,offset,slot_stride,mapping,mapping_seed,cycles,cycles_per_op,aggregate_bytes_per_cycle,errors
1,boundary,get,64,10000,1,0,131200,identity,20261005,4413182,441.318200,0.145020078,0
2,boundary,get,96,10000,1,0,131200,identity,20261005,4412562,441.256200,0.217560682,0
3,boundary,get,124,10000,1,0,131200,identity,20261005,4415484,441.548400,0.280829916,0
4,boundary,get,128,10000,1,0,131200,identity,20261005,4412923,441.292300,0.290057180,0
5,boundary,get,132,10000,1,0,131200,identity,20261005,4551341,455.134100,0.290024413,0
6,boundary,get,192,10000,1,0,131200,identity,20261005,4551169,455.116900,0.421869634,0
7,boundary,get,252,10000,1,0,131200,identity,20261005,4541476,454.147600,0.554885680,0
8,boundary,get,256,10000,1,0,131200,identity,20261005,4547776,454.777600,0.562912509,0
9,boundary,get,260,10000,1,0,131200,identity,20261005,4668106,466.810600,0.556971071,0
10,boundary,get,64,10000,1,4,131200,identity,20261005,4416396,441.639600,0.144914541,0
11,boundary,get,96,10000,1,4,131200,identity,20261005,4414732,441.473200,0.217453744,0
12,boundary,get,124,10000,1,4,131200,identity,20261005,4414866,441.486600,0.280869227,0
13,boundary,get,128,10000,1,4,131200,identity,20261005,4555849,455.584900,0.280957512,0
14,boundary,get,132,10000,1,4,131200,identity,20261005,4550233,455.023300,0.290095035,0
15,boundary,get,192,10000,1,4,131200,identity,20261005,4549642,454.964200,0.422011226,0
16,boundary,get,252,10000,1,4,131200,identity,20261005,4552014,455.201400,0.553601109,0
17,boundary,get,256,10000,1,4,131200,identity,20261005,4670776,467.077600,0.548088797,0
18,boundary,get,260,10000,1,4,131200,identity,20261005,4682041,468.204100,0.555313377,0
19,boundary,get,64,10000,1,64,131200,identity,20261005,4420169,442.016900,0.144790844,0
20,boundary,get,96,10000,1,64,131200,identity,20261005,4543180,454.318000,0.211305737,0
21,boundary,get,124,10000,1,64,131200,identity,20261005,4546387,454.638700,0.272744049,0
22,boundary,get,128,10000,1,64,131200,identity,20261005,4547828,454.782800,0.281453036,0
23,boundary,get,132,10000,1,64,131200,identity,20261005,4547320,454.732000,0.290280869,0
24,boundary,get,192,10000,1,64,131200,identity,20261005,4547937,454.793700,0.422169436,0
25,boundary,get,252,10000,1,64,131200,identity,20261005,4672236,467.223600,0.539356317,0
26,boundary,get,256,10000,1,64,131200,identity,20261005,4669296,466.929600,0.548262522,0
27,boundary,get,260,10000,1,64,131200,identity,20261005,4674565,467.456500,0.556201486,0
28,boundary,get,64,10000,1,124,131200,identity,20261005,4550134,455.013400,0.140655198,0
29,boundary,get,96,10000,1,124,131200,identity,20261005,4557062,455.706200,0.210662045,0
30,boundary,get,124,10000,1,124,131200,identity,20261005,4550356,455.035600,0.272506151,0
31,boundary,get,128,10000,1,124,131200,identity,20261005,4550648,455.064800,0.281278622,0
32,boundary,get,132,10000,1,124,131200,identity,20261005,4553348,455.334800,0.289896577,0
33,boundary,get,192,10000,1,124,131200,identity,20261005,4673434,467.343400,0.410832805,0
34,boundary,get,252,10000,1,124,131200,identity,20261005,4673938,467.393800,0.539159912,0
35,boundary,get,256,10000,1,124,131200,identity,20261005,4679755,467.975500,0.547037185,0
36,boundary,get,260,10000,1,124,131200,identity,20261005,4665660,466.566000,0.557263067,0
37,boundary,get,64,10000,2,0,131200,identity,20261005,4416787,441.678700,0.289803425,0
38,boundary,get,96,10000,2,0,131200,identity,20261005,4411261,441.126100,0.435249694,0
39,boundary,get,124,10000,2,0,131200,identity,20261005,4413787,441.378700,0.561875777,0
40,boundary,get,128,10000,2,0,131200,identity,20261005,4412185,441.218500,0.580211392,0
41,boundary,get,132,10000,2,0,131200,identity,20261005,4559191,455.919100,0.579050099,0
42,boundary,get,192,10000,2,0,131200,identity,20261005,4552755,455.275500,0.843445342,0
43,boundary,get,252,10000,2,0,131200,identity,20261005,4556752,455.675200,1.106050977,0
44,boundary,get,256,10000,2,0,131200,identity,20261005,4566360,456.636000,1.121243178,0
45,boundary,get,260,10000,2,0,131200,identity,20261005,4686419,468.641900,1.109589219,0
46,boundary,get,64,10000,2,4,131200,identity,20261005,4413757,441.375700,0.290002372,0
47,boundary,get,96,10000,2,4,131200,identity,20261005,4411538,441.153800,0.435222365,0
48,boundary,get,124,10000,2,4,131200,identity,20261005,4415779,441.577900,0.561622309,0
49,boundary,get,128,10000,2,4,131200,identity,20261005,4558401,455.840100,0.561600438,0
50,boundary,get,132,10000,2,4,131200,identity,20261005,4564062,456.406200,0.578432107,0
51,boundary,get,192,10000,2,4,131200,identity,20261005,4578344,457.834400,0.838731209,0
52,boundary,get,252,10000,2,4,131200,identity,20261005,4569807,456.980700,1.102891216,0
53,boundary,get,256,10000,2,4,131200,identity,20261005,4668906,466.890600,1.096616638,0
54,boundary,get,260,10000,2,4,131200,identity,20261005,4675888,467.588800,1.112088228,0
55,boundary,get,64,10000,2,64,131200,identity,20261005,4411769,441.176900,0.290133051,0
56,boundary,get,96,10000,2,64,131200,identity,20261005,4550101,455.010100,0.421968655,0
57,boundary,get,124,10000,2,64,131200,identity,20261005,4556217,455.621700,0.544311213,0
58,boundary,get,128,10000,2,64,131200,identity,20261005,4557524,455.752400,0.561708507,0
59,boundary,get,132,10000,2,64,131200,identity,20261005,4560349,456.034900,0.578903062,0
60,boundary,get,192,10000,2,64,131200,identity,20261005,4566498,456.649800,0.840906971,0
61,boundary,get,252,10000,2,64,131200,identity,20261005,4683725,468.372500,1.076066592,0
62,boundary,get,256,10000,2,64,131200,identity,20261005,4670463,467.046300,1.096251057,0
63,boundary,get,260,10000,2,64,131200,identity,20261005,4676641,467.664100,1.111909167,0
64,boundary,get,64,10000,2,124,131200,identity,20261005,4557777,455.777700,0.280838663,0
65,boundary,get,96,10000,2,124,131200,identity,20261005,4557544,455.754400,0.421279531,0
66,boundary,get,124,10000,2,124,131200,identity,20261005,4558024,455.802400,0.544095424,0
67,boundary,get,128,10000,2,124,131200,identity,20261005,4562579,456.257900,0.561086175,0
68,boundary,get,132,10000,2,124,131200,identity,20261005,4566920,456.692000,0.578070122,0
69,boundary,get,192,10000,2,124,131200,identity,20261005,4675395,467.539500,0.821320979,0
70,boundary,get,252,10000,2,124,131200,identity,20261005,4673754,467.375400,1.078362276,0
71,boundary,get,256,10000,2,124,131200,identity,20261005,4676466,467.646600,1.094843841,0
72,boundary,get,260,10000,2,124,131200,identity,20261005,4678462,467.846200,1.111476378,0
73,boundary,get,64,10000,4,0,131200,identity,20261005,5366309,536.630900,0.477050427,0
74,boundary,get,96,10000,4,0,131200,identity,20261005,5364689,536.468900,0.715791726,0
75,boundary,get,124,10000,4,0,131200,identity,20261005,5364469,536.446900,0.924602230,0
76,boundary,get,128,10000,4,0,131200,identity,20261005,5361111,536.111100,0.955025927,0
77,boundary,get,132,10000,4,0,131200,identity,20261005,5623465,562.346500,0.938922888,0
78,boundary,get,192,10000,4,0,131200,identity,20261005,5624197,562.419700,1.365528270,0
79,boundary,get,252,10000,4,0,131200,identity,20261005,5622840,562.284000,1.792688392,0
80,boundary,get,256,10000,4,0,131200,identity,20261005,5630342,563.034200,1.818717229,0
81,boundary,get,260,10000,4,0,131200,identity,20261005,5722872,572.287200,1.817269371,0
82,boundary,get,64,10000,4,4,131200,identity,20261005,5403253,540.325300,0.473788660,0
83,boundary,get,96,10000,4,4,131200,identity,20261005,5403968,540.396800,0.710588960,0
84,boundary,get,124,10000,4,4,131200,identity,20261005,5403982,540.398200,0.917841695,0
85,boundary,get,128,10000,4,4,131200,identity,20261005,5636436,563.643600,0.908375434,0
86,boundary,get,132,10000,4,4,131200,identity,20261005,5640740,564.074000,0.936047398,0
87,boundary,get,192,10000,4,4,131200,identity,20261005,5635955,563.595500,1.362679439,0
88,boundary,get,252,10000,4,4,131200,identity,20261005,5635577,563.557700,1.788636727,0
89,boundary,get,256,10000,4,4,131200,identity,20261005,5729326,572.932600,1.787295748,0
90,boundary,get,260,10000,4,4,131200,identity,20261005,5725217,572.521700,1.816525033,0
91,boundary,get,64,10000,4,64,131200,identity,20261005,5374365,537.436500,0.476335344,0
92,boundary,get,96,10000,4,64,131200,identity,20261005,5632581,563.258100,0.681747852,0
93,boundary,get,124,10000,4,64,131200,identity,20261005,5627386,562.738600,0.881403906,0
94,boundary,get,128,10000,4,64,131200,identity,20261005,5626672,562.667200,0.909951744,0
95,boundary,get,132,10000,4,64,131200,identity,20261005,5627176,562.717600,0.938303689,0
96,boundary,get,192,10000,4,64,131200,identity,20261005,5625942,562.594200,1.365104724,0
97,boundary,get,252,10000,4,64,131200,identity,20261005,5723005,572.300500,1.761312457,0
98,boundary,get,256,10000,4,64,131200,identity,20261005,5716893,571.689300,1.791182728,0
99,boundary,get,260,10000,4,64,131200,identity,20261005,5727814,572.781400,1.815701418,0
100,boundary,get,64,10000,4,124,131200,identity,20261005,5636416,563.641600,0.454189329,0
101,boundary,get,96,10000,4,124,131200,identity,20261005,5634036,563.403600,0.681571790,0
102,boundary,get,124,10000,4,124,131200,identity,20261005,5632109,563.210900,0.880664774,0
103,boundary,get,128,10000,4,124,131200,identity,20261005,5631327,563.132700,0.909199555,0
104,boundary,get,132,10000,4,124,131200,identity,20261005,5632909,563.290900,0.937348713,0
105,boundary,get,192,10000,4,124,131200,identity,20261005,5735555,573.555500,1.339016015,0
106,boundary,get,252,10000,4,124,131200,identity,20261005,5729196,572.919600,1.759409174,0
107,boundary,get,256,10000,4,124,131200,identity,20261005,5731228,573.122800,1.786702605,0
108,boundary,get,260,10000,4,124,131200,identity,20261005,5734090,573.409000,1.813714120,0
109,boundary,get,64,10000,8,0,131200,identity,20261005,5399186,539.918600,0.948291094,0
110,boundary,get,96,10000,8,0,131200,identity,20261005,5393842,539.384200,1.423845934,0
111,boundary,get,124,10000,8,0,131200,identity,20261005,5394505,539.450500,1.838908296,0
112,boundary,get,128,10000,8,0,131200,identity,20261005,5395939,539.593900,1.897723455,0
113,boundary,get,132,10000,8,0,131200,identity,20261005,5679253,567.925300,1.859399467,0
114,boundary,get,192,10000,8,0,131200,identity,20261005,5683913,568.391300,2.702363671,0
115,boundary,get,252,10000,8,0,131200,identity,20261005,5685010,568.501000,3.546167905,0
116,boundary,get,256,10000,8,0,131200,identity,20261005,5679033,567.903300,3.606247754,0
117,boundary,get,260,10000,8,0,131200,identity,20261005,5770570,577.057000,3.604496610,0
118,boundary,get,64,10000,8,4,131200,identity,20261005,5427798,542.779800,0.943292289,0
119,boundary,get,96,10000,8,4,131200,identity,20261005,5429490,542.949000,1.414497494,0
120,boundary,get,124,10000,8,4,131200,identity,20261005,5431581,543.158100,1.826355899,0
121,boundary,get,128,10000,8,4,131200,identity,20261005,5684710,568.471000,1.801323199,0
122,boundary,get,132,10000,8,4,131200,identity,20261005,5684360,568.436000,1.857728926,0
123,boundary,get,192,10000,8,4,131200,identity,20261005,5686434,568.643400,2.701165616,0
124,boundary,get,252,10000,8,4,131200,identity,20261005,5689569,568.956900,3.543326393,0
125,boundary,get,256,10000,8,4,131200,identity,20261005,5796665,579.666500,3.533065996,0
126,boundary,get,260,10000,8,4,131200,identity,20261005,5796601,579.660100,3.588309770,0
127,boundary,get,64,10000,8,64,131200,identity,20261005,5393964,539.396400,0.949209153,0
128,boundary,get,96,10000,8,64,131200,identity,20261005,5680426,568.042600,1.352011275,0
129,boundary,get,124,10000,8,64,131200,identity,20261005,5680579,568.057900,1.746300861,0
130,boundary,get,128,10000,8,64,131200,identity,20261005,5684347,568.434700,1.801438230,0
131,boundary,get,132,10000,8,64,131200,identity,20261005,5686832,568.683200,1.856921393,0
132,boundary,get,192,10000,8,64,131200,identity,20261005,5680413,568.041300,2.704028739,0
133,boundary,get,252,10000,8,64,131200,identity,20261005,5771570,577.157000,3.492983712,0
134,boundary,get,256,10000,8,64,131200,identity,20261005,5774072,577.407200,3.546890305,0
135,boundary,get,260,10000,8,64,131200,identity,20261005,5773493,577.349300,3.602671727,0
136,boundary,get,64,10000,8,124,131200,identity,20261005,5685935,568.593500,0.900467557,0
137,boundary,get,96,10000,8,124,131200,identity,20261005,5687163,568.716300,1.350409686,0
138,boundary,get,124,10000,8,124,131200,identity,20261005,5682402,568.240200,1.745740622,0
139,boundary,get,128,10000,8,124,131200,identity,20261005,5682146,568.214600,1.802136024,0
140,boundary,get,132,10000,8,124,131200,identity,20261005,5684279,568.427900,1.857755399,0
141,boundary,get,192,10000,8,124,131200,identity,20261005,5796990,579.699000,2.649650940,0
142,boundary,get,252,10000,8,124,131200,identity,20261005,5804017,580.401700,3.473456401,0
143,boundary,get,256,10000,8,124,131200,identity,20261005,5809907,580.990700,3.525013395,0
144,boundary,get,260,10000,8,124,131200,identity,20261005,5793716,579.371600,3.590096581,0
145,boundary,get,64,10000,16,0,131200,identity,20261005,5509734,550.973400,1.858528924,0
146,boundary,get,96,10000,16,0,131200,identity,20261005,5509115,550.911500,2.788106620,0
147,boundary,get,124,10000,16,0,131200,identity,20261005,5510038,551.003800,3.600701120,0
148,boundary,get,128,10000,16,0,131200,identity,20261005,5505084,550.508400,3.720197548,0
149,boundary,get,132,10000,16,0,131200,identity,20261005,5795259,579.525900,3.644358259,0
150,boundary,get,192,10000,16,0,131200,identity,20261005,5792189,579.218900,5.303694337,0
151,boundary,get,252,10000,16,0,131200,identity,20261005,5792895,579.289500,6.960250445,0
152,boundary,get,256,10000,16,0,131200,identity,20261005,5795181,579.518100,7.067941450,0
153,boundary,get,260,10000,16,0,131200,identity,20261005,6211391,621.139100,6.697372618,0
154,boundary,get,64,10000,16,4,131200,identity,20261005,5506891,550.689100,1.859488412,0
155,boundary,get,96,10000,16,4,131200,identity,20261005,5506780,550.678000,2.789288840,0
156,boundary,get,124,10000,16,4,131200,identity,20261005,5510039,551.003900,3.600700467,0
157,boundary,get,128,10000,16,4,131200,identity,20261005,5807336,580.733600,3.526573975,0
158,boundary,get,132,10000,16,4,131200,identity,20261005,5809292,580.929200,3.635554901,0
159,boundary,get,192,10000,16,4,131200,identity,20261005,5800905,580.090500,5.295725408,0
160,boundary,get,252,10000,16,4,131200,identity,20261005,5799657,579.965700,6.952135273,0
161,boundary,get,256,10000,16,4,131200,identity,20261005,6239911,623.991100,6.564196188,0
162,boundary,get,260,10000,16,4,131200,identity,20261005,6217659,621.765900,6.690621020,0
163,boundary,get,64,10000,16,64,131200,identity,20261005,5503256,550.325600,1.860716638,0
164,boundary,get,96,10000,16,64,131200,identity,20261005,5791455,579.145500,2.652183260,0
165,boundary,get,124,10000,16,64,131200,identity,20261005,5792164,579.216400,3.425317377,0
166,boundary,get,128,10000,16,64,131200,identity,20261005,5797821,579.782100,3.532361554,0
167,boundary,get,132,10000,16,64,131200,identity,20261005,5792806,579.280600,3.645901485,0
168,boundary,get,192,10000,16,64,131200,identity,20261005,5792683,579.268300,5.303242038,0
169,boundary,get,252,10000,16,64,131200,identity,20261005,6212083,621.208300,6.490576510,0
170,boundary,get,256,10000,16,64,131200,identity,20261005,6230469,623.046900,6.574143937,0
171,boundary,get,260,10000,16,64,131200,identity,20261005,6219951,621.995100,6.688155582,0
172,boundary,get,64,10000,16,124,131200,identity,20261005,5805240,580.524000,1.763923628,0
173,boundary,get,96,10000,16,124,131200,identity,20261005,5800500,580.050000,2.648047582,0
174,boundary,get,124,10000,16,124,131200,identity,20261005,5809704,580.970400,3.414976047,0
175,boundary,get,128,10000,16,124,131200,identity,20261005,5809950,580.995000,3.524987306,0
176,boundary,get,132,10000,16,124,131200,identity,20261005,5801281,580.128100,3.640575245,0
177,boundary,get,192,10000,16,124,131200,identity,20261005,6200011,620.001100,4.954829919,0
178,boundary,get,252,10000,16,124,131200,identity,20261005,6230004,623.000400,6.471905957,0
179,boundary,get,256,10000,16,124,131200,identity,20261005,6239399,623.939900,6.564734841,0
180,boundary,get,260,10000,16,124,131200,identity,20261005,6249264,624.926400,6.656783903,0
181,boundary,get,64,10000,32,0,131200,identity,20261005,5996768,599.676800,3.415172973,0
182,boundary,get,96,10000,32,0,131200,identity,20261005,5988043,598.804300,5.130223681,0
183,boundary,get,124,10000,32,0,131200,identity,20261005,5992466,599.246600,6.621647916,0
184,boundary,get,128,10000,32,0,131200,identity,20261005,6006580,600.658000,6.819188290,0
185,boundary,get,132,10000,32,0,131200,identity,20261005,8087136,808.713600,5.223109887,0
186,boundary,get,192,10000,32,0,131200,identity,20261005,8091771,809.177100,7.592899008,0
187,boundary,get,252,10000,32,0,131200,identity,20261005,8074359,807.435900,9.987170499,0
188,boundary,get,256,10000,32,0,131200,identity,20261005,8079404,807.940400,10.139361765,0
189,boundary,get,260,10000,32,0,131200,identity,20261005,10733899,1073.389900,7.751144295,0
190,boundary,get,64,10000,32,4,131200,identity,20261005,5990787,599.078700,3.418582567,0
191,boundary,get,96,10000,32,4,131200,identity,20261005,6007102,600.710200,5.113946792,0
192,boundary,get,124,10000,32,4,131200,identity,20261005,5989057,598.905700,6.625416990,0
193,boundary,get,128,10000,32,4,131200,identity,20261005,8056562,805.656200,5.084054464,0
194,boundary,get,132,10000,32,4,131200,identity,20261005,8063100,806.310000,5.238679912,0
195,boundary,get,192,10000,32,4,131200,identity,20261005,8078128,807.812800,7.605722514,0
196,boundary,get,252,10000,32,4,131200,identity,20261005,8044644,804.464400,10.024060729,0
197,boundary,get,256,10000,32,4,131200,identity,20261005,10763891,1076.389100,7.610630765,0
198,boundary,get,260,10000,32,4,131200,identity,20261005,10765238,1076.523800,7.728579712,0
199,boundary,get,64,10000,32,64,131200,identity,20261005,5991699,599.169900,3.418062222,0
200,boundary,get,96,10000,32,64,131200,identity,20261005,8107424,810.742400,3.789119701,0
201,boundary,get,124,10000,32,64,131200,identity,20261005,8098282,809.828200,4.899804675,0
202,boundary,get,128,10000,32,64,131200,identity,20261005,8079649,807.964900,5.069527154,0
203,boundary,get,132,10000,32,64,131200,identity,20261005,8062003,806.200300,5.239392741,0
204,boundary,get,192,10000,32,64,131200,identity,20261005,8110875,811.087500,7.575015026,0
205,boundary,get,252,10000,32,64,131200,identity,20261005,10743690,1074.369000,7.505801080,0
206,boundary,get,256,10000,32,64,131200,identity,20261005,10745377,1074.537700,7.623743681,0
207,boundary,get,260,10000,32,64,131200,identity,20261005,10714116,1071.411600,7.765456338,0
208,boundary,get,64,10000,32,124,131200,identity,20261005,8107245,810.724500,2.526135574,0
209,boundary,get,96,10000,32,124,131200,identity,20261005,8131507,813.150700,3.777897504,0
210,boundary,get,124,10000,32,124,131200,identity,20261005,8051208,805.120800,4.928452973,0
211,boundary,get,128,10000,32,124,131200,identity,20261005,8060750,806.075000,5.081413020,0
212,boundary,get,132,10000,32,124,131200,identity,20261005,8111957,811.195700,5.207128194,0
213,boundary,get,192,10000,32,124,131200,identity,20261005,10740199,1074.019900,5.720564396,0
214,boundary,get,252,10000,32,124,131200,identity,20261005,10731632,1073.163200,7.514234554,0
215,boundary,get,256,10000,32,124,131200,identity,20261005,10741993,1074.199300,7.626145353,0
216,boundary,get,260,10000,32,124,131200,identity,20261005,10755046,1075.504600,7.735903687,0
217,boundary,get,64,10000,64,0,131200,identity,20261005,11427018,1142.701800,3.584487221,0
218,boundary,get,96,10000,64,0,131200,identity,20261005,11408895,1140.889500,5.385271755,0
219,boundary,get,124,10000,64,0,131200,identity,20261005,11422734,1142.273400,6.947548634,0
220,boundary,get,128,10000,64,0,131200,identity,20261005,11408886,1140.888600,7.180368004,0
221,boundary,get,132,10000,64,0,131200,identity,20261005,15852910,1585.291000,5.328990072,0
222,boundary,get,192,10000,64,0,131200,identity,20261005,15833663,1583.366300,7.760680520,0
223,boundary,get,252,10000,64,0,131200,identity,20261005,15849533,1584.953300,10.175694136,0
224,boundary,get,256,10000,64,0,131200,identity,20261005,15880982,1588.098200,10.316742378,0
225,boundary,get,260,10000,64,0,131200,identity,20261005,20069612,2006.961200,8.291141852,0
226,boundary,get,64,10000,64,4,131200,identity,20261005,11414296,1141.429600,3.588482373,0
227,boundary,get,96,10000,64,4,131200,identity,20261005,11426909,1142.690900,5.376782120,0
228,boundary,get,124,10000,64,4,131200,identity,20261005,11411803,1141.180300,6.954203468,0
229,boundary,get,128,10000,64,4,131200,identity,20261005,15843279,1584.327900,5.170646809,0
230,boundary,get,132,10000,64,4,131200,identity,20261005,15871496,1587.149600,5.322749664,0
231,boundary,get,192,10000,64,4,131200,identity,20261005,15840520,1584.052000,7.757321098,0
232,boundary,get,252,10000,64,4,131200,identity,20261005,15854602,1585.460200,10.172440784,0
233,boundary,get,256,10000,64,4,131200,identity,20261005,20025217,2002.521700,8.181684124,0
234,boundary,get,260,10000,64,4,131200,identity,20261005,20067855,2006.785500,8.291867766,0
235,boundary,get,64,10000,64,64,131200,identity,20261005,11406002,1140.600200,3.591091778,0
236,boundary,get,96,10000,64,64,131200,identity,20261005,15870708,1587.070800,3.871282869,0
237,boundary,get,124,10000,64,64,131200,identity,20261005,15866157,1586.615700,5.001841341,0
238,boundary,get,128,10000,64,64,131200,identity,20261005,15857878,1585.787800,5.165886634,0
239,boundary,get,132,10000,64,64,131200,identity,20261005,15860594,1586.059400,5.326408330,0
240,boundary,get,192,10000,64,64,131200,identity,20261005,15852782,1585.278200,7.751320872,0
241,boundary,get,252,10000,64,64,131200,identity,20261005,20058716,2005.871600,8.040395008,0
242,boundary,get,256,10000,64,64,131200,identity,20261005,20075118,2007.511800,8.161346798,0
243,boundary,get,260,10000,64,64,131200,identity,20261005,20034243,2003.424300,8.305779260,0
244,boundary,get,64,10000,64,124,131200,identity,20261005,15882614,1588.261400,2.578920573,0
245,boundary,get,96,10000,64,124,131200,identity,20261005,15868051,1586.805100,3.871931090,0
246,boundary,get,124,10000,64,124,131200,identity,20261005,15846447,1584.644700,5.008062691,0
247,boundary,get,128,10000,64,124,131200,identity,20261005,15874447,1587.444700,5.160494725,0
248,boundary,get,132,10000,64,124,131200,identity,20261005,15861639,1586.163900,5.326057414,0
249,boundary,get,192,10000,64,124,131200,identity,20261005,20075584,2007.558400,6.120868016,0
250,boundary,get,252,10000,64,124,131200,identity,20261005,20018876,2001.887600,8.056396373,0
251,boundary,get,256,10000,64,124,131200,identity,20261005,20042602,2004.260200,8.174587312,0
252,boundary,get,260,10000,64,124,131200,identity,20261005,20034701,2003.470100,8.305589387,0
253,boundary,put,64,10000,1,0,131200,identity,20261005,2400348,240.034800,0.266628006,0
254,boundary,put,96,10000,1,0,131200,identity,20261005,2457317,245.731700,0.390669987,0
255,boundary,put,124,10000,1,0,131200,identity,20261005,3657699,365.769900,0.339010946,0
256,boundary,put,128,10000,1,0,131200,identity,20261005,2409985,240.998500,0.531123638,0
257,boundary,put,132,10000,1,0,131200,identity,20261005,2518906,251.890600,0.524037022,0
258,boundary,put,192,10000,1,0,131200,identity,20261005,2519625,251.962500,0.762018157,0
259,boundary,put,252,10000,1,0,131200,identity,20261005,3710834,371.083400,0.679092624,0
260,boundary,put,256,10000,1,0,131200,identity,20261005,2521530,252.153000,1.015256610,0
261,boundary,put,260,10000,1,0,131200,identity,20261005,2538450,253.845000,1.024247080,0
262,boundary,put,64,10000,1,4,131200,identity,20261005,3683415,368.341500,0.173751804,0
263,boundary,put,96,10000,1,4,131200,identity,20261005,3672470,367.247000,0.261404450,0
264,boundary,put,124,10000,1,4,131200,identity,20261005,3678001,367.800100,0.337139658,0
265,boundary,put,128,10000,1,4,131200,identity,20261005,3853350,385.335000,0.332178494,0
266,boundary,put,132,10000,1,4,131200,identity,20261005,3895517,389.551700,0.338851043,0
267,boundary,put,192,10000,1,4,131200,identity,20261005,4526472,452.647200,0.424171408,0
268,boundary,put,252,10000,1,4,131200,identity,20261005,3702901,370.290100,0.680547495,0
269,boundary,put,256,10000,1,4,131200,identity,20261005,3718440,371.844000,0.688460752,0
270,boundary,put,260,10000,1,4,131200,identity,20261005,3726768,372.676800,0.697655448,0
271,boundary,put,64,10000,1,64,131200,identity,20261005,2400408,240.040800,0.266621341,0
272,boundary,put,96,10000,1,64,131200,identity,20261005,2465281,246.528100,0.389407942,0
273,boundary,put,124,10000,1,64,131200,identity,20261005,2465001,246.500100,0.503042392,0
274,boundary,put,128,10000,1,64,131200,identity,20261005,2465027,246.502700,0.519264089,0
275,boundary,put,132,10000,1,64,131200,identity,20261005,3937306,393.730600,0.335254613,0
276,boundary,put,192,10000,1,64,131200,identity,20261005,2467933,246.793300,0.777978981,0
277,boundary,put,252,10000,1,64,131200,identity,20261005,2535665,253.566500,0.993822133,0
278,boundary,put,256,10000,1,64,131200,identity,20261005,2540247,254.024700,1.007776015,0
279,boundary,put,260,10000,1,64,131200,identity,20261005,3841554,384.155400,0.676809437,0
280,boundary,put,64,10000,1,124,131200,identity,20261005,2400985,240.098500,0.266557267,0
281,boundary,put,96,10000,1,124,131200,identity,20261005,3884011,388.401100,0.247167168,0
282,boundary,put,124,10000,1,124,131200,identity,20261005,2485964,248.596400,0.498800465,0
283,boundary,put,128,10000,1,124,131200,identity,20261005,3889602,388.960200,0.329082513,0
284,boundary,put,132,10000,1,124,131200,identity,20261005,2488726,248.872600,0.530391855,0
285,boundary,put,192,10000,1,124,131200,identity,20261005,2537557,253.755700,0.756633250,0
286,boundary,put,252,10000,1,124,131200,identity,20261005,2605331,260.533100,0.967247540,0
287,boundary,put,256,10000,1,124,131200,identity,20261005,3821969,382.196900,0.669811817,0
288,boundary,put,260,10000,1,124,131200,identity,20261005,2604925,260.492500,0.998109351,0
289,boundary,put,64,10000,2,0,131200,identity,20261005,2401285,240.128500,0.533047931,0
290,boundary,put,96,10000,2,0,131200,identity,20261005,2459881,245.988100,0.780525562,0
291,boundary,put,124,10000,2,0,131200,identity,20261005,3667892,366.789200,0.676137683,0
292,boundary,put,128,10000,2,0,131200,identity,20261005,2443170,244.317000,1.047819022,0
293,boundary,put,132,10000,2,0,131200,identity,20261005,2531870,253.187000,1.042707564,0
294,boundary,put,192,10000,2,0,131200,identity,20261005,2534770,253.477000,1.514930349,0
295,boundary,put,252,10000,2,0,131200,identity,20261005,3848321,384.832100,1.309662058,0
296,boundary,put,256,10000,2,0,131200,identity,20261005,2532258,253.225800,2.021910880,0
297,boundary,put,260,10000,2,0,131200,identity,20261005,2609196,260.919600,1.992951085,0
298,boundary,put,64,10000,2,4,131200,identity,20261005,3661607,366.160700,0.349573288,0
299,boundary,put,96,10000,2,4,131200,identity,20261005,3679062,367.906200,0.521872151,0
300,boundary,put,124,10000,2,4,131200,identity,20261005,3667429,366.742900,0.676223043,0
301,boundary,put,128,10000,2,4,131200,identity,20261005,4199309,419.930900,0.609624107,0
302,boundary,put,132,10000,2,4,131200,identity,20261005,4382241,438.224100,0.602431496,0
303,boundary,put,192,10000,2,4,131200,identity,20261005,4896846,489.684600,0.784178224,0
304,boundary,put,252,10000,2,4,131200,identity,20261005,3849136,384.913600,1.309384755,0
305,boundary,put,256,10000,2,4,131200,identity,20261005,3812175,381.217500,1.343065310,0
306,boundary,put,260,10000,2,4,131200,identity,20261005,3808660,380.866000,1.365309584,0
307,boundary,put,64,10000,2,64,131200,identity,20261005,2400549,240.054900,0.533211361,0
308,boundary,put,96,10000,2,64,131200,identity,20261005,2880586,288.058600,0.666531046,0
309,boundary,put,124,10000,2,64,131200,identity,20261005,2910145,291.014500,0.852191214,0
310,boundary,put,128,10000,2,64,131200,identity,20261005,2871837,287.183700,0.891415495,0
311,boundary,put,132,10000,2,64,131200,identity,20261005,4175138,417.513800,0.632314429,0
312,boundary,put,192,10000,2,64,131200,identity,20261005,2476298,247.629800,1.550701895,0
313,boundary,put,252,10000,2,64,131200,identity,20261005,2544261,254.426100,1.980928843,0
314,boundary,put,256,10000,2,64,131200,identity,20261005,2544014,254.401400,2.012567541,0
315,boundary,put,260,10000,2,64,131200,identity,20261005,3861129,386.112900,1.346756350,0
316,boundary,put,64,10000,2,124,131200,identity,20261005,2938825,293.882500,0.435548221,0
317,boundary,put,96,10000,2,124,131200,identity,20261005,4180735,418.073500,0.459249390,0
318,boundary,put,124,10000,2,124,131200,identity,20261005,2871662,287.166200,0.863611386,0
319,boundary,put,128,10000,2,124,131200,identity,20261005,4172833,417.283300,0.613492081,0
320,boundary,put,132,10000,2,124,131200,identity,20261005,2496757,249.675700,1.057371622,0
321,boundary,put,192,10000,2,124,131200,identity,20261005,2609891,260.989100,1.471325814,0
322,boundary,put,252,10000,2,124,131200,identity,20261005,2609853,260.985300,1.931143248,0
323,boundary,put,256,10000,2,124,131200,identity,20261005,3846012,384.601200,1.331249096,0
324,boundary,put,260,10000,2,124,131200,identity,20261005,2608173,260.817300,1.993732778,0
325,boundary,put,64,10000,4,0,131200,identity,20261005,3726867,372.686700,0.686904040,0
326,boundary,put,96,10000,4,0,131200,identity,20261005,3724956,372.495600,1.030884660,0
327,boundary,put,124,10000,4,0,131200,identity,20261005,7971552,797.155200,0.622212588,0
328,boundary,put,128,10000,4,0,131200,identity,20261005,2469395,246.939500,2.073382347,0
329,boundary,put,132,10000,4,0,131200,identity,20261005,3462822,346.282200,1.524767949,0
330,boundary,put,192,10000,4,0,131200,identity,20261005,3386283,338.628300,2.267973468,0
331,boundary,put,252,10000,4,0,131200,identity,20261005,7692706,769.270600,1.310332151,0
332,boundary,put,256,10000,4,0,131200,identity,20261005,2540686,254.068600,4.030407536,0
333,boundary,put,260,10000,4,0,131200,identity,20261005,2649173,264.917300,3.925753433,0
334,boundary,put,64,10000,4,4,131200,identity,20261005,7939574,793.957400,0.322435435,0
335,boundary,put,96,10000,4,4,131200,identity,20261005,7998751,799.875100,0.480074952,0
336,boundary,put,124,10000,4,4,131200,identity,20261005,8607030,860.703000,0.576273116,0
337,boundary,put,128,10000,4,4,131200,identity,20261005,10056062,1005.606200,0.509145628,0
338,boundary,put,132,10000,4,4,131200,identity,20261005,10155945,1015.594500,0.519892536,0
339,boundary,put,192,10000,4,4,131200,identity,20261005,13021557,1302.155700,0.589791221,0
340,boundary,put,252,10000,4,4,131200,identity,20261005,9046210,904.621000,1.114278797,0
341,boundary,put,256,10000,4,4,131200,identity,20261005,8665483,866.548300,1.181699854,0
342,boundary,put,260,10000,4,4,131200,identity,20261005,8576999,857.699900,1.212545320,0
343,boundary,put,64,10000,4,64,131200,identity,20261005,3731607,373.160700,0.686031514,0
344,boundary,put,96,10000,4,64,131200,identity,20261005,6411758,641.175800,0.598899709,0
345,boundary,put,124,10000,4,64,131200,identity,20261005,6417956,641.795600,0.772831724,0
346,boundary,put,128,10000,4,64,131200,identity,20261005,6423223,642.322300,0.797107620,0
347,boundary,put,132,10000,4,64,131200,identity,20261005,9678325,967.832500,0.545548946,0
348,boundary,put,192,10000,4,64,131200,identity,20261005,4116715,411.671500,1.865565141,0
349,boundary,put,252,10000,4,64,131200,identity,20261005,5460545,546.054500,1.845969587,0
350,boundary,put,256,10000,4,64,131200,identity,20261005,5417246,541.724600,1.890259368,0
351,boundary,put,260,10000,4,64,131200,identity,20261005,7516023,751.602300,1.383710508,0
352,boundary,put,64,10000,4,124,131200,identity,20261005,6435987,643.598700,0.397763389,0
353,boundary,put,96,10000,4,124,131200,identity,20261005,9650924,965.092400,0.397889363,0
354,boundary,put,124,10000,4,124,131200,identity,20261005,6414425,641.442500,0.773257151,0
355,boundary,put,128,10000,4,124,131200,identity,20261005,9701163,970.116300,0.527771773,0
356,boundary,put,132,10000,4,124,131200,identity,20261005,4104933,410.493300,1.286257291,0
357,boundary,put,192,10000,4,124,131200,identity,20261005,5377075,537.707500,1.428285825,0
358,boundary,put,252,10000,4,124,131200,identity,20261005,5401746,540.174600,1.866063306,0
359,boundary,put,256,10000,4,124,131200,identity,20261005,7541949,754.194900,1.357739226,0
360,boundary,put,260,10000,4,124,131200,identity,20261005,4553378,455.337800,2.284018590,0
361,boundary,put,64,10000,8,0,131200,identity,20261005,4013283,401.328300,1.275763508,0
362,boundary,put,96,10000,8,0,131200,identity,20261005,3996888,399.688800,1.921494923,0
363,boundary,put,124,10000,8,0,131200,identity,20261005,8011522,801.152200,1.238216658,0
364,boundary,put,128,10000,8,0,131200,identity,20261005,2474095,247.409500,4.138887149,0
365,boundary,put,132,10000,8,0,131200,identity,20261005,4924100,492.410000,2.144554335,0
366,boundary,put,192,10000,8,0,131200,identity,20261005,4942906,494.290600,3.107483735,0
367,boundary,put,252,10000,8,0,131200,identity,20261005,8659787,865.978700,2.328001832,0
368,boundary,put,256,10000,8,0,131200,identity,20261005,2544488,254.448800,8.048770519,0
369,boundary,put,260,10000,8,0,131200,identity,20261005,5483596,548.359600,3.793131369,0
370,boundary,put,64,10000,8,4,131200,identity,20261005,8009376,800.937600,0.639250798,0
371,boundary,put,96,10000,8,4,131200,identity,20261005,8023877,802.387700,0.957143286,0
372,boundary,put,124,10000,8,4,131200,identity,20261005,8038016,803.801600,1.234135389,0
373,boundary,put,128,10000,8,4,131200,identity,20261005,10405426,1040.542600,0.984101948,0
374,boundary,put,132,10000,8,4,131200,identity,20261005,10457104,1045.710400,1.009839818,0
375,boundary,put,192,10000,8,4,131200,identity,20261005,13870804,1387.080400,1.107361909,0
376,boundary,put,252,10000,8,4,131200,identity,20261005,9005424,900.542400,2.238650840,0
377,boundary,put,256,10000,8,4,131200,identity,20261005,12008729,1200.872900,1.705426111,0
378,boundary,put,260,10000,8,4,131200,identity,20261005,12080283,1208.028300,1.721813967,0
379,boundary,put,64,10000,8,64,131200,identity,20261005,3984114,398.411400,1.285103790,0
380,boundary,put,96,10000,8,64,131200,identity,20261005,7545961,754.596100,1.017763013,0
381,boundary,put,124,10000,8,64,131200,identity,20261005,7502814,750.281400,1.322170588,0
382,boundary,put,128,10000,8,64,131200,identity,20261005,7575283,757.528300,1.351764680,0
383,boundary,put,132,10000,8,64,131200,identity,20261005,10552517,1055.251700,1.000709120,0
384,boundary,put,192,10000,8,64,131200,identity,20261005,4977829,497.782900,3.085682533,0
385,boundary,put,252,10000,8,64,131200,identity,20261005,8493985,849.398500,2.373444267,0
386,boundary,put,256,10000,8,64,131200,identity,20261005,8408995,840.899500,2.435487237,0
387,boundary,put,260,10000,8,64,131200,identity,20261005,12563905,1256.390500,1.655536237,0
388,boundary,put,64,10000,8,124,131200,identity,20261005,7548294,754.829400,0.678298964,0
389,boundary,put,96,10000,8,124,131200,identity,20261005,10557236,1055.723600,0.727463135,0
390,boundary,put,124,10000,8,124,131200,identity,20261005,7536611,753.661100,1.316241478,0
391,boundary,put,128,10000,8,124,131200,identity,20261005,10549274,1054.927400,0.970682911,0
392,boundary,put,132,10000,8,124,131200,identity,20261005,5086502,508.650200,2.076082935,0
393,boundary,put,192,10000,8,124,131200,identity,20261005,8483076,848.307600,1.810663962,0
394,boundary,put,252,10000,8,124,131200,identity,20261005,8447634,844.763400,2.386467027,0
395,boundary,put,256,10000,8,124,131200,identity,20261005,12508736,1250.873600,1.637255755,0
396,boundary,put,260,10000,8,124,131200,identity,20261005,5676659,567.665900,3.664127086,0
397,boundary,put,64,10000,16,0,131200,identity,20261005,7712380,771.238000,1.327735407,0
398,boundary,put,96,10000,16,0,131200,identity,20261005,7762600,776.260000,1.978718471,0
399,boundary,put,124,10000,16,0,131200,identity,20261005,14745585,1474.558500,1.345487480,0
400,boundary,put,128,10000,16,0,131200,identity,20261005,2472992,247.299200,8.281466337,0
401,boundary,put,132,10000,16,0,131200,identity,20261005,7510463,751.046300,2.812076965,0
402,boundary,put,192,10000,16,0,131200,identity,20261005,7512207,751.220700,4.089344183,0
403,boundary,put,252,10000,16,0,131200,identity,20261005,13936531,1393.653100,2.893115941,0
404,boundary,put,256,10000,16,0,131200,identity,20261005,2563393,256.339300,15.978821819,0
405,boundary,put,260,10000,16,0,131200,identity,20261005,9249367,924.936700,4.497605079,0
406,boundary,put,64,10000,16,4,131200,identity,20261005,14688398,1468.839800,0.697148865,0
407,boundary,put,96,10000,16,4,131200,identity,20261005,14693141,1469.314100,1.045385735,0
408,boundary,put,124,10000,16,4,131200,identity,20261005,14525592,1452.559200,1.365865157,0
409,boundary,put,128,10000,16,4,131200,identity,20261005,16283353,1628.335300,1.257726219,0
410,boundary,put,132,10000,16,4,131200,identity,20261005,16131707,1613.170700,1.309222886,0
411,boundary,put,192,10000,16,4,131200,identity,20261005,19661536,1966.153600,1.562441510,0
412,boundary,put,252,10000,16,4,131200,identity,20261005,14500239,1450.023900,2.780643822,0
413,boundary,put,256,10000,16,4,131200,identity,20261005,18619923,1861.992300,2.199794274,0
414,boundary,put,260,10000,16,4,131200,identity,20261005,18718229,1871.822900,2.222432475,0
415,boundary,put,64,10000,16,64,131200,identity,20261005,7764828,776.482800,1.318767138,0
416,boundary,put,96,10000,16,64,131200,identity,20261005,10379220,1037.922000,1.479879991,0
417,boundary,put,124,10000,16,64,131200,identity,20261005,10333373,1033.337300,1.919992630,0
418,boundary,put,128,10000,16,64,131200,identity,20261005,10357728,1035.772800,1.977267602,0
419,boundary,put,132,10000,16,64,131200,identity,20261005,15563066,1556.306600,1.357059078,0
420,boundary,put,192,10000,16,64,131200,identity,20261005,7867554,786.755400,3.904644315,0
421,boundary,put,252,10000,16,64,131200,identity,20261005,12447964,1244.796400,3.239083918,0
422,boundary,put,256,10000,16,64,131200,identity,20261005,12288554,1228.855400,3.333183058,0
423,boundary,put,260,10000,16,64,131200,identity,20261005,17032964,1703.296400,2.442323016,0
424,boundary,put,64,10000,16,124,131200,identity,20261005,10341982,1034.198200,0.990139028,0
425,boundary,put,96,10000,16,124,131200,identity,20261005,15578190,1557.819000,0.985993880,0
426,boundary,put,124,10000,16,124,131200,identity,20261005,10356196,1035.619600,1.915761347,0
427,boundary,put,128,10000,16,124,131200,identity,20261005,15565066,1556.506600,1.315766987,0
428,boundary,put,132,10000,16,124,131200,identity,20261005,7866176,786.617600,2.684913228,0
429,boundary,put,192,10000,16,124,131200,identity,20261005,12278283,1227.828300,2.501978493,0
430,boundary,put,252,10000,16,124,131200,identity,20261005,12191162,1219.116200,3.307313938,0
431,boundary,put,256,10000,16,124,131200,identity,20261005,17084817,1708.481700,2.397450321,0
432,boundary,put,260,10000,16,124,131200,identity,20261005,9499281,949.928100,4.379278811,0
433,boundary,put,64,10000,32,0,131200,identity,20261005,9341753,934.175300,2.192308018,0
434,boundary,put,96,10000,32,0,131200,identity,20261005,9313096,931.309600,3.298580837,0
435,boundary,put,124,10000,32,0,131200,identity,20261005,17731193,1773.119300,2.237864085,0
436,boundary,put,128,10000,32,0,131200,identity,20261005,2612685,261.268500,15.677358732,0
437,boundary,put,132,10000,32,0,131200,identity,20261005,11324139,1132.413900,3.730084910,0
438,boundary,put,192,10000,32,0,131200,identity,20261005,11360536,1136.053600,5.408195529,0
439,boundary,put,252,10000,32,0,131200,identity,20261005,19043256,1904.325600,4.234569971,0
440,boundary,put,256,10000,32,0,131200,identity,20261005,4363507,436.350700,18.773889901,0
441,boundary,put,260,10000,32,0,131200,identity,20261005,16562005,1656.200500,5.023546364,0
442,boundary,put,64,10000,32,4,131200,identity,20261005,17703587,1770.358700,1.156827710,0
443,boundary,put,96,10000,32,4,131200,identity,20261005,17737415,1773.741500,1.731932190,0
444,boundary,put,124,10000,32,4,131200,identity,20261005,17723255,1772.325500,2.238866393,0
445,boundary,put,128,10000,32,4,131200,identity,20261005,24909085,2490.908500,1.644379952,0
446,boundary,put,132,10000,32,4,131200,identity,20261005,24912310,2491.231000,1.695547302,0
447,boundary,put,192,10000,32,4,131200,identity,20261005,32399959,3239.995900,1.896298696,0
448,boundary,put,252,10000,32,4,131200,identity,20261005,19832338,1983.233800,4.066086409,0
449,boundary,put,256,10000,32,4,131200,identity,20261005,28530970,2853.097000,2.871265856,0
450,boundary,put,260,10000,32,4,131200,identity,20261005,28625224,2862.522400,2.906527474,0
451,boundary,put,64,10000,32,64,131200,identity,20261005,9255398,925.539800,2.212762757,0
452,boundary,put,96,10000,32,64,131200,identity,20261005,16853075,1685.307500,1.822812751,0
453,boundary,put,124,10000,32,64,131200,identity,20261005,16852629,1685.262900,2.354528780,0
454,boundary,put,128,10000,32,64,131200,identity,20261005,16849307,1684.930700,2.430960514,0
455,boundary,put,132,10000,32,64,131200,identity,20261005,24076846,2407.684600,1.754382613,0
456,boundary,put,192,10000,32,64,131200,identity,20261005,11554617,1155.461700,5.317354959,0
457,boundary,put,252,10000,32,64,131200,identity,20261005,21219266,2121.926600,3.800319955,0
458,boundary,put,256,10000,32,64,131200,identity,20261005,21303548,2130.354800,3.845368856,0
459,boundary,put,260,10000,32,64,131200,identity,20261005,29590492,2959.049200,2.811713979,0
460,boundary,put,64,10000,32,124,131200,identity,20261005,16905790,1690.579000,1.211419283,0
461,boundary,put,96,10000,32,124,131200,identity,20261005,24157635,2415.763500,1.271647659,0
462,boundary,put,124,10000,32,124,131200,identity,20261005,16893477,1689.347700,2.348835589,0
463,boundary,put,128,10000,32,124,131200,identity,20261005,24129972,2412.997200,1.697473996,0
464,boundary,put,132,10000,32,124,131200,identity,20261005,11555195,1155.519500,3.655498674,0
465,boundary,put,192,10000,32,124,131200,identity,20261005,21449378,2144.937800,2.864418726,0
466,boundary,put,252,10000,32,124,131200,identity,20261005,21252683,2125.268300,3.794344460,0
467,boundary,put,256,10000,32,124,131200,identity,20261005,29579714,2957.971400,2.769465587,0
468,boundary,put,260,10000,32,124,131200,identity,20261005,15349866,1534.986600,5.420242757,0
469,boundary,put,64,10000,64,0,131200,identity,20261005,19168153,1916.815300,2.136877768,0
470,boundary,put,96,10000,64,0,131200,identity,20261005,19174902,1917.490200,3.204188475,0
471,boundary,put,124,10000,64,0,131200,identity,20261005,35770936,3577.093600,2.218560901,0
472,boundary,put,128,10000,64,0,131200,identity,20261005,4394158,439.415800,18.642934551,0
473,boundary,put,132,10000,64,0,131200,identity,20261005,27350833,2735.083300,3.088754189,0
474,boundary,put,192,10000,64,0,131200,identity,20261005,27164566,2716.456600,4.523539967,0
475,boundary,put,252,10000,64,0,131200,identity,20261005,42792604,4279.260400,3.768875575,0
476,boundary,put,256,10000,64,0,131200,identity,20261005,8853758,885.375800,18.505136463,0
477,boundary,put,260,10000,64,0,131200,identity,20261005,35218985,3521.898500,4.724724463,0
478,boundary,put,64,10000,64,4,131200,identity,20261005,35785988,3578.598800,1.144582064,0
479,boundary,put,96,10000,64,4,131200,identity,20261005,35718594,3571.859400,1.720112499,0
480,boundary,put,124,10000,64,4,131200,identity,20261005,35739817,3573.981700,2.220492623,0
481,boundary,put,128,10000,64,4,131200,identity,20261005,51799189,5179.918900,1.581491942,0
482,boundary,put,132,10000,64,4,131200,identity,20261005,51663829,5166.382900,1.635186583,0
483,boundary,put,192,10000,64,4,131200,identity,20261005,66908574,6690.857400,1.836535927,0
484,boundary,put,252,10000,64,4,131200,identity,20261005,43768373,4376.837300,3.684852530,0
485,boundary,put,256,10000,64,4,131200,identity,20261005,60601201,6060.120100,2.703576782,0
486,boundary,put,260,10000,64,4,131200,identity,20261005,60573014,6057.301400,2.747097907,0
487,boundary,put,64,10000,64,64,131200,identity,20261005,19134842,1913.484200,2.140597764,0
488,boundary,put,96,10000,64,64,131200,identity,20261005,35034908,3503.490800,1.753679502,0
489,boundary,put,124,10000,64,64,131200,identity,20261005,35040531,3504.053100,2.264805862,0
490,boundary,put,128,10000,64,64,131200,identity,20261005,35023598,3502.359800,2.338994412,0
491,boundary,put,132,10000,64,64,131200,identity,20261005,50278604,5027.860400,1.680237582,0
492,boundary,put,192,10000,64,64,131200,identity,20261005,26945884,2694.588400,4.560251206,0
493,boundary,put,252,10000,64,64,131200,identity,20261005,46023007,4602.300700,3.504334256,0
494,boundary,put,256,10000,64,64,131200,identity,20261005,45900427,4590.042700,3.569465705,0
495,boundary,put,260,10000,64,64,131200,identity,20261005,61693976,6169.397600,2.697183920,0
496,boundary,put,64,10000,64,124,131200,identity,20261005,34983410,3498.341000,1.170840693,0
497,boundary,put,96,10000,64,124,131200,identity,20261005,50141521,5014.152100,1.225331796,0
498,boundary,put,124,10000,64,124,131200,identity,20261005,34926551,3492.655100,2.272196874,0
499,boundary,put,128,10000,64,124,131200,identity,20261005,50082731,5008.273100,1.635693549,0
500,boundary,put,132,10000,64,124,131200,identity,20261005,26840610,2684.061000,3.147469450,0
501,boundary,put,192,10000,64,124,131200,identity,20261005,45825987,4582.598700,2.681447974,0
502,boundary,put,252,10000,64,124,131200,identity,20261005,45899294,4589.929400,3.513779537,0
503,boundary,put,256,10000,64,124,131200,identity,20261005,62223331,6222.333100,2.633095936,0
504,boundary,put,260,10000,64,124,131200,identity,20261005,34933783,3493.378300,4.763297465,0
505,boundary,iget,64,10000,1,0,131200,identity,20261005,4414567,441.456700,0.144974581,0
506,boundary,iget,96,10000,1,0,131200,identity,20261005,4413121,441.312100,0.217533125,0
507,boundary,iget,124,10000,1,0,131200,identity,20261005,4409683,440.968300,0.281199352,0
508,boundary,iget,128,10000,1,0,131200,identity,20261005,4408857,440.885700,0.290324681,0
509,boundary,iget,132,10000,1,0,131200,identity,20261005,4542208,454.220800,0.290607564,0
510,boundary,iget,192,10000,1,0,131200,identity,20261005,4544346,454.434600,0.422503040,0
511,boundary,iget,252,10000,1,0,131200,identity,20261005,4546573,454.657300,0.554263618,0
512,boundary,iget,256,10000,1,0,131200,identity,20261005,4548653,454.865300,0.562803977,0
513,boundary,iget,260,10000,1,0,131200,identity,20261005,4677246,467.724600,0.555882671,0
514,boundary,iget,64,10000,1,4,131200,identity,20261005,4414673,441.467300,0.144971100,0
515,boundary,iget,96,10000,1,4,131200,identity,20261005,4410413,441.041300,0.217666690,0
516,boundary,iget,124,10000,1,4,131200,identity,20261005,4412174,441.217400,0.281040594,0
517,boundary,iget,128,10000,1,4,131200,identity,20261005,4546506,454.650600,0.281534875,0
518,boundary,iget,132,10000,1,4,131200,identity,20261005,4545230,454.523000,0.290414346,0
519,boundary,iget,192,10000,1,4,131200,identity,20261005,4545110,454.511000,0.422432020,0
520,boundary,iget,252,10000,1,4,131200,identity,20261005,4546772,454.677200,0.554239359,0
521,boundary,iget,256,10000,1,4,131200,identity,20261005,4673577,467.357700,0.547760313,0
522,boundary,iget,260,10000,1,4,131200,identity,20261005,4670684,467.068400,0.556663649,0
523,boundary,iget,64,10000,1,64,131200,identity,20261005,4418627,441.862700,0.144841373,0
524,boundary,iget,96,10000,1,64,131200,identity,20261005,4544954,454.495400,0.211223260,0
525,boundary,iget,124,10000,1,64,131200,identity,20261005,4545920,454.592000,0.272772068,0
526,boundary,iget,128,10000,1,64,131200,identity,20261005,4541744,454.174400,0.281830064,0
527,boundary,iget,132,10000,1,64,131200,identity,20261005,4540104,454.010400,0.290742239,0
528,boundary,iget,192,10000,1,64,131200,identity,20261005,4543185,454.318500,0.422611010,0
529,boundary,iget,252,10000,1,64,131200,identity,20261005,4670947,467.094700,0.539505158,0
530,boundary,iget,256,10000,1,64,131200,identity,20261005,4674357,467.435700,0.547668909,0
531,boundary,iget,260,10000,1,64,131200,identity,20261005,4667732,466.773200,0.557015698,0
532,boundary,iget,64,10000,1,124,131200,identity,20261005,4549659,454.965900,0.140669883,0
533,boundary,iget,96,10000,1,124,131200,identity,20261005,4552120,455.212000,0.210890750,0
534,boundary,iget,124,10000,1,124,131200,identity,20261005,4553202,455.320200,0.272335820,0
535,boundary,iget,128,10000,1,124,131200,identity,20261005,4543376,454.337600,0.281728829,0
536,boundary,iget,132,10000,1,124,131200,identity,20261005,4542880,454.288000,0.290564576,0
537,boundary,iget,192,10000,1,124,131200,identity,20261005,4671164,467.116400,0.411032454,0
538,boundary,iget,252,10000,1,124,131200,identity,20261005,4671652,467.165200,0.539423741,0
539,boundary,iget,256,10000,1,124,131200,identity,20261005,4677347,467.734700,0.547318811,0
540,boundary,iget,260,10000,1,124,131200,identity,20261005,4669827,466.982700,0.556765807,0
541,boundary,iget,64,10000,2,0,131200,identity,20261005,4408338,440.833800,0.290358861,0
542,boundary,iget,96,10000,2,0,131200,identity,20261005,4411321,441.132100,0.435243774,0
543,boundary,iget,124,10000,2,0,131200,identity,20261005,4409421,440.942100,0.562432120,0
544,boundary,iget,128,10000,2,0,131200,identity,20261005,4408444,440.844400,0.580703759,0
545,boundary,iget,132,10000,2,0,131200,identity,20261005,4557056,455.705600,0.579321386,0
546,boundary,iget,192,10000,2,0,131200,identity,20261005,4550136,455.013600,0.843930819,0
547,boundary,iget,252,10000,2,0,131200,identity,20261005,4550793,455.079300,1.107499286,0
548,boundary,iget,256,10000,2,0,131200,identity,20261005,4561991,456.199100,1.122316988,0
549,boundary,iget,260,10000,2,0,131200,identity,20261005,4681112,468.111200,1.110847166,0
550,boundary,iget,64,10000,2,4,131200,identity,20261005,4413122,441.312200,0.290044100,0
551,boundary,iget,96,10000,2,4,131200,identity,20261005,4416236,441.623600,0.434759374,0
552,boundary,iget,124,10000,2,4,131200,identity,20261005,4412524,441.252400,0.562036603,0
553,boundary,iget,128,10000,2,4,131200,identity,20261005,4550307,455.030700,0.562599403,0
554,boundary,iget,132,10000,2,4,131200,identity,20261005,4547583,454.758300,0.580528162,0
555,boundary,iget,192,10000,2,4,131200,identity,20261005,4551001,455.100100,0.843770414,0
556,boundary,iget,252,10000,2,4,131200,identity,20261005,4554574,455.457400,1.106579891,0
557,boundary,iget,256,10000,2,4,131200,identity,20261005,4675701,467.570100,1.095022971,0
558,boundary,iget,260,10000,2,4,131200,identity,20261005,4684732,468.473200,1.109988789,0
559,boundary,iget,64,10000,2,64,131200,identity,20261005,4416599,441.659900,0.289815761,0
560,boundary,iget,96,10000,2,64,131200,identity,20261005,4558253,455.825300,0.421214005,0
561,boundary,iget,124,10000,2,64,131200,identity,20261005,4547468,454.746800,0.545358428,0
562,boundary,iget,128,10000,2,64,131200,identity,20261005,4547815,454.781500,0.562907682,0
563,boundary,iget,132,10000,2,64,131200,identity,20261005,4548345,454.834500,0.580430904,0
564,boundary,iget,192,10000,2,64,131200,identity,20261005,4552562,455.256200,0.843481099,0
565,boundary,iget,252,10000,2,64,131200,identity,20261005,4676911,467.691100,1.077634362,0
566,boundary,iget,256,10000,2,64,131200,identity,20261005,4678889,467.888900,1.094276868,0
567,boundary,iget,260,10000,2,64,131200,identity,20261005,4681960,468.196000,1.110645969,0
568,boundary,iget,64,10000,2,124,131200,identity,20261005,4557691,455.769100,0.280843962,0
569,boundary,iget,96,10000,2,124,131200,identity,20261005,4547002,454.700200,0.422256247,0
570,boundary,iget,124,10000,2,124,131200,identity,20261005,4551725,455.172500,0.544848382,0
571,boundary,iget,128,10000,2,124,131200,identity,20261005,4550293,455.029300,0.562601134,0
572,boundary,iget,132,10000,2,124,131200,identity,20261005,4547883,454.788300,0.580489867,0
573,boundary,iget,192,10000,2,124,131200,identity,20261005,4679336,467.933600,0.820629252,0
574,boundary,iget,252,10000,2,124,131200,identity,20261005,4680370,468.037000,1.076837942,0
575,boundary,iget,256,10000,2,124,131200,identity,20261005,4680186,468.018600,1.093973616,0
576,boundary,iget,260,10000,2,124,131200,identity,20261005,4674846,467.484600,1.112336107,0
577,boundary,iget,64,10000,4,0,131200,identity,20261005,5365793,536.579300,0.477096302,0
578,boundary,iget,96,10000,4,0,131200,identity,20261005,5368766,536.876600,0.715248159,0
579,boundary,iget,124,10000,4,0,131200,identity,20261005,5368229,536.822900,0.923954623,0
580,boundary,iget,128,10000,4,0,131200,identity,20261005,5371363,537.136300,0.953203126,0
581,boundary,iget,132,10000,4,0,131200,identity,20261005,5558187,555.818700,0.949950047,0
582,boundary,iget,192,10000,4,0,131200,identity,20261005,5557567,555.756700,1.381899669,0
583,boundary,iget,252,10000,4,0,131200,identity,20261005,5554568,555.456800,1.814722585,0
584,boundary,iget,256,10000,4,0,131200,identity,20261005,5551797,555.179700,1.844447843,0
585,boundary,iget,260,10000,4,0,131200,identity,20261005,5707736,570.773600,1.822088478,0
586,boundary,iget,64,10000,4,4,131200,identity,20261005,5378102,537.810200,0.476004360,0
587,boundary,iget,96,10000,4,4,131200,identity,20261005,5375229,537.522900,0.714388168,0
588,boundary,iget,124,10000,4,4,131200,identity,20261005,5380740,538.074000,0.921806294,0
589,boundary,iget,128,10000,4,4,131200,identity,20261005,5616058,561.605800,0.911671496,0
590,boundary,iget,132,10000,4,4,131200,identity,20261005,5611284,561.128400,0.940961106,0
591,boundary,iget,192,10000,4,4,131200,identity,20261005,5612116,561.211600,1.368467794,0
592,boundary,iget,252,10000,4,4,131200,identity,20261005,5613551,561.355100,1.795654836,0
593,boundary,iget,256,10000,4,4,131200,identity,20261005,5747802,574.780200,1.781550582,0
594,boundary,iget,260,10000,4,4,131200,identity,20261005,5751064,575.106400,1.808361027,0
595,boundary,iget,64,10000,4,64,131200,identity,20261005,5374377,537.437700,0.476334280,0
596,boundary,iget,96,10000,4,64,131200,identity,20261005,5553747,555.374700,0.691425087,0
597,boundary,iget,124,10000,4,64,131200,identity,20261005,5553020,555.302000,0.893207660,0
598,boundary,iget,128,10000,4,64,131200,identity,20261005,5556941,555.694100,0.921370229,0
599,boundary,iget,132,10000,4,64,131200,identity,20261005,5554536,555.453600,0.950574449,0
600,boundary,iget,192,10000,4,64,131200,identity,20261005,5554016,555.401600,1.382783197,0
601,boundary,iget,252,10000,4,64,131200,identity,20261005,5710812,571.081200,1.765072988,0
602,boundary,iget,256,10000,4,64,131200,identity,20261005,5699385,569.938500,1.796685081,0
603,boundary,iget,260,10000,4,64,131200,identity,20261005,5700452,570.045200,1.824416730,0
604,boundary,iget,64,10000,4,124,131200,identity,20261005,5611774,561.177400,0.456183731,0
605,boundary,iget,96,10000,4,124,131200,identity,20261005,5612798,561.279800,0.684150757,0
606,boundary,iget,124,10000,4,124,131200,identity,20261005,5613290,561.329000,0.883617273,0
607,boundary,iget,128,10000,4,124,131200,identity,20261005,5613682,561.368200,0.912057363,0
608,boundary,iget,132,10000,4,124,131200,identity,20261005,5610108,561.010800,0.941158352,0
609,boundary,iget,192,10000,4,124,131200,identity,20261005,5750809,575.080900,1.335464280,0
610,boundary,iget,252,10000,4,124,131200,identity,20261005,5750288,575.028800,1.752955678,0
611,boundary,iget,256,10000,4,124,131200,identity,20261005,5756502,575.650200,1.778858063,0
612,boundary,iget,260,10000,4,124,131200,identity,20261005,5750699,575.069900,1.808475804,0
613,boundary,iget,64,10000,8,0,131200,identity,20261005,5395462,539.546200,0.948945614,0
614,boundary,iget,96,10000,8,0,131200,identity,20261005,5396871,539.687100,1.423046799,0
615,boundary,iget,124,10000,8,0,131200,identity,20261005,5402288,540.228800,1.836259007,0
616,boundary,iget,128,10000,8,0,131200,identity,20261005,5397938,539.793800,1.897020677,0
617,boundary,iget,132,10000,8,0,131200,identity,20261005,5635088,563.508800,1.873972509,0
618,boundary,iget,192,10000,8,0,131200,identity,20261005,5632994,563.299400,2.726791472,0
619,boundary,iget,252,10000,8,0,131200,identity,20261005,5625164,562.516400,3.583895510,0
620,boundary,iget,256,10000,8,0,131200,identity,20261005,5625097,562.509700,3.640826105,0
621,boundary,iget,260,10000,8,0,131200,identity,20261005,5757833,575.783300,3.612470178,0
622,boundary,iget,64,10000,8,4,131200,identity,20261005,5410704,541.070400,0.946272426,0
623,boundary,iget,96,10000,8,4,131200,identity,20261005,5414992,541.499200,1.418284644,0
624,boundary,iget,124,10000,8,4,131200,identity,20261005,5404773,540.477300,1.835414734,0
625,boundary,iget,128,10000,8,4,131200,identity,20261005,5674923,567.492300,1.804429769,0
626,boundary,iget,132,10000,8,4,131200,identity,20261005,5674064,567.406400,1.861099910,0
627,boundary,iget,192,10000,8,4,131200,identity,20261005,5677325,567.732500,2.705499509,0
628,boundary,iget,252,10000,8,4,131200,identity,20261005,5675133,567.513300,3.552339654,0
629,boundary,iget,256,10000,8,4,131200,identity,20261005,5790042,579.004200,3.537107330,0
630,boundary,iget,260,10000,8,4,131200,identity,20261005,5789262,578.926200,3.592858641,0
631,boundary,iget,64,10000,8,64,131200,identity,20261005,5396156,539.615600,0.948823570,0
632,boundary,iget,96,10000,8,64,131200,identity,20261005,5622576,562.257600,1.365921955,0
633,boundary,iget,124,10000,8,64,131200,identity,20261005,5623132,562.313200,1.764141407,0
634,boundary,iget,128,10000,8,64,131200,identity,20261005,5629980,562.998000,1.818834170,0
635,boundary,iget,132,10000,8,64,131200,identity,20261005,5628078,562.807800,1.876306618,0
636,boundary,iget,192,10000,8,64,131200,identity,20261005,5630594,563.059400,2.727953747,0
637,boundary,iget,252,10000,8,64,131200,identity,20261005,5744412,574.441200,3.509497578,0
638,boundary,iget,256,10000,8,64,131200,identity,20261005,5756434,575.643400,3.557758154,0
639,boundary,iget,260,10000,8,64,131200,identity,20261005,5751422,575.142200,3.616496929,0
640,boundary,iget,64,10000,8,124,131200,identity,20261005,5677357,567.735700,0.901828087,0
641,boundary,iget,96,10000,8,124,131200,identity,20261005,5677418,567.741800,1.352727596,0
642,boundary,iget,124,10000,8,124,131200,identity,20261005,5678581,567.858100,1.746915295,0
643,boundary,iget,128,10000,8,124,131200,identity,20261005,5675309,567.530900,1.804307043,0
644,boundary,iget,132,10000,8,124,131200,identity,20261005,5675822,567.582200,1.860523463,0
645,boundary,iget,192,10000,8,124,131200,identity,20261005,5790868,579.086800,2.652452102,0
646,boundary,iget,252,10000,8,124,131200,identity,20261005,5790983,579.098300,3.481274250,0
647,boundary,iget,256,10000,8,124,131200,identity,20261005,5793813,579.381300,3.534805145,0
648,boundary,iget,260,10000,8,124,131200,identity,20261005,5786774,578.677400,3.594403376,0
649,boundary,iget,64,10000,16,0,131200,identity,20261005,5490475,549.047500,1.865048106,0
650,boundary,iget,96,10000,16,0,131200,identity,20261005,5492425,549.242500,2.796578925,0
651,boundary,iget,124,10000,16,0,131200,identity,20261005,5490506,549.050600,3.613510303,0
652,boundary,iget,128,10000,16,0,131200,identity,20261005,5487492,548.749200,3.732123892,0
653,boundary,iget,132,10000,16,0,131200,identity,20261005,5782373,578.237300,3.652479700,0
654,boundary,iget,192,10000,16,0,131200,identity,20261005,5785450,578.545000,5.309872179,0
655,boundary,iget,252,10000,16,0,131200,identity,20261005,5777443,577.744300,6.978865910,0
656,boundary,iget,256,10000,16,0,131200,identity,20261005,5775357,577.535700,7.092202266,0
657,boundary,iget,260,10000,16,0,131200,identity,20261005,6221349,622.134900,6.686652686,0
658,boundary,iget,64,10000,16,4,131200,identity,20261005,5499338,549.933800,1.862042304,0
659,boundary,iget,96,10000,16,4,131200,identity,20261005,5501760,550.176000,2.791833886,0
660,boundary,iget,124,10000,16,4,131200,identity,20261005,5500415,550.041500,3.607000563,0
661,boundary,iget,128,10000,16,4,131200,identity,20261005,5790125,579.012500,3.537056627,0
662,boundary,iget,132,10000,16,4,131200,identity,20261005,5786463,578.646300,3.649898047,0
663,boundary,iget,192,10000,16,4,131200,identity,20261005,5792287,579.228700,5.303604604,0
664,boundary,iget,252,10000,16,4,131200,identity,20261005,5793589,579.358900,6.959416693,0
665,boundary,iget,256,10000,16,4,131200,identity,20261005,6164549,616.454900,6.644443900,0
666,boundary,iget,260,10000,16,4,131200,identity,20261005,6195813,619.581300,6.714211678,0
667,boundary,iget,64,10000,16,64,131200,identity,20261005,5487197,548.719700,1.866162268,0
668,boundary,iget,96,10000,16,64,131200,identity,20261005,5783582,578.358200,2.655793590,0
669,boundary,iget,124,10000,16,64,131200,identity,20261005,5777696,577.769600,3.433894757,0
670,boundary,iget,128,10000,16,64,131200,identity,20261005,5777440,577.744000,3.544822620,0
671,boundary,iget,132,10000,16,64,131200,identity,20261005,5776506,577.650600,3.656189399,0
672,boundary,iget,192,10000,16,64,131200,identity,20261005,5781152,578.115200,5.313819806,0
673,boundary,iget,252,10000,16,64,131200,identity,20261005,6165004,616.500400,6.540141742,0
674,boundary,iget,256,10000,16,64,131200,identity,20261005,6220204,622.020400,6.584993032,0
675,boundary,iget,260,10000,16,64,131200,identity,20261005,6215865,621.586500,6.692552042,0
676,boundary,iget,64,10000,16,124,131200,identity,20261005,5787933,578.793300,1.769198089,0
677,boundary,iget,96,10000,16,124,131200,identity,20261005,5791057,579.105700,2.652365535,0
678,boundary,iget,124,10000,16,124,131200,identity,20261005,5790837,579.083700,3.426102306,0
679,boundary,iget,128,10000,16,124,131200,identity,20261005,5786010,578.601000,3.539572175,0
680,boundary,iget,132,10000,16,124,131200,identity,20261005,5785516,578.551600,3.650495479,0
681,boundary,iget,192,10000,16,124,131200,identity,20261005,6227682,622.768200,4.932814489,0
682,boundary,iget,252,10000,16,124,131200,identity,20261005,6198347,619.834700,6.504960113,0
683,boundary,iget,256,10000,16,124,131200,identity,20261005,6222591,622.259100,6.582467014,0
684,boundary,iget,260,10000,16,124,131200,identity,20261005,6207120,620.712000,6.701980951,0
685,boundary,iget,64,10000,32,0,131200,identity,20261005,6013236,601.323600,3.405820094,0
686,boundary,iget,96,10000,32,0,131200,identity,20261005,5991424,599.142400,5.127328662,0
687,boundary,iget,124,10000,32,0,131200,identity,20261005,5993581,599.358100,6.620416075,0
688,boundary,iget,128,10000,32,0,131200,identity,20261005,5988864,598.886400,6.839360520,0
689,boundary,iget,132,10000,32,0,131200,identity,20261005,8079891,807.989100,5.227793296,0
690,boundary,iget,192,10000,32,0,131200,identity,20261005,8106553,810.655300,7.579053637,0
691,boundary,iget,252,10000,32,0,131200,identity,20261005,8047863,804.786300,10.020051286,0
692,boundary,iget,256,10000,32,0,131200,identity,20261005,8043298,804.329800,10.184876900,0
693,boundary,iget,260,10000,32,0,131200,identity,20261005,10746823,1074.682300,7.741822862,0
694,boundary,iget,64,10000,32,4,131200,identity,20261005,5993171,599.317100,3.417222702,0
695,boundary,iget,96,10000,32,4,131200,identity,20261005,5914306,591.430600,5.194185083,0
696,boundary,iget,124,10000,32,4,131200,identity,20261005,5918340,591.834000,6.704582704,0
697,boundary,iget,128,10000,32,4,131200,identity,20261005,7999426,799.942600,5.120367386,0
698,boundary,iget,132,10000,32,4,131200,identity,20261005,8097319,809.731900,5.216541426,0
699,boundary,iget,192,10000,32,4,131200,identity,20261005,8069212,806.921200,7.614126386,0
700,boundary,iget,252,10000,32,4,131200,identity,20261005,8048488,804.848800,10.019273185,0
701,boundary,iget,256,10000,32,4,131200,identity,20261005,10732947,1073.294700,7.632572862,0
702,boundary,iget,260,10000,32,4,131200,identity,20261005,10748136,1074.813600,7.740877116,0
703,boundary,iget,64,10000,32,64,131200,identity,20261005,6007005,600.700500,3.409352914,0
704,boundary,iget,96,10000,32,64,131200,identity,20261005,8096068,809.606800,3.794434533,0
705,boundary,iget,124,10000,32,64,131200,identity,20261005,8076304,807.630400,4.913138485,0
706,boundary,iget,128,10000,32,64,131200,identity,20261005,8099485,809.948500,5.057111656,0
707,boundary,iget,132,10000,32,64,131200,identity,20261005,8126804,812.680400,5.197615200,0
708,boundary,iget,192,10000,32,64,131200,identity,20261005,8103789,810.378900,7.581638663,0
709,boundary,iget,252,10000,32,64,131200,identity,20261005,10752670,1075.267000,7.499532674,0
710,boundary,iget,256,10000,32,64,131200,identity,20261005,10745918,1074.591800,7.623359866,0
711,boundary,iget,260,10000,32,64,131200,identity,20261005,10761923,1076.192300,7.730960350,0
712,boundary,iget,64,10000,32,124,131200,identity,20261005,8059261,805.926100,2.541175922,0
713,boundary,iget,96,10000,32,124,131200,identity,20261005,8058007,805.800700,3.812357075,0
714,boundary,iget,124,10000,32,124,131200,identity,20261005,8047738,804.773800,4.930578008,0
715,boundary,iget,128,10000,32,124,131200,identity,20261005,8076674,807.667400,5.071394487,0
716,boundary,iget,132,10000,32,124,131200,identity,20261005,8105957,810.595700,5.210982491,0
717,boundary,iget,192,10000,32,124,131200,identity,20261005,10709193,1070.919300,5.737126971,0
718,boundary,iget,252,10000,32,124,131200,identity,20261005,10738933,1073.893300,7.509125907,0
719,boundary,iget,256,10000,32,124,131200,identity,20261005,10769607,1076.960700,7.606591401,0
720,boundary,iget,260,10000,32,124,131200,identity,20261005,10722057,1072.205700,7.759705064,0
721,boundary,iget,64,10000,64,0,131200,identity,20261005,11413612,1141.361200,3.588697425,0
722,boundary,iget,96,10000,64,0,131200,identity,20261005,11391042,1139.104200,5.393712006,0
723,boundary,iget,124,10000,64,0,131200,identity,20261005,11408483,1140.848300,6.956227221,0
724,boundary,iget,128,10000,64,0,131200,identity,20261005,11395429,1139.542900,7.188847388,0
725,boundary,iget,132,10000,64,0,131200,identity,20261005,15872277,1587.227700,5.322487756,0
726,boundary,iget,192,10000,64,0,131200,identity,20261005,15840857,1584.085700,7.757156068,0
727,boundary,iget,252,10000,64,0,131200,identity,20261005,15855801,1585.580100,10.171671554,0
728,boundary,iget,256,10000,64,0,131200,identity,20261005,15898726,1589.872600,10.305228230,0
729,boundary,iget,260,10000,64,0,131200,identity,20261005,20059169,2005.916900,8.295458301,0
730,boundary,iget,64,10000,64,4,131200,identity,20261005,11404709,1140.470900,3.591498915,0
731,boundary,iget,96,10000,64,4,131200,identity,20261005,11423171,1142.317100,5.378541563,0
732,boundary,iget,124,10000,64,4,131200,identity,20261005,11402251,1140.225100,6.960029208,0
733,boundary,iget,128,10000,64,4,131200,identity,20261005,15860137,1586.013700,5.165150843,0
734,boundary,iget,132,10000,64,4,131200,identity,20261005,15849181,1584.918100,5.330243878,0
735,boundary,iget,192,10000,64,4,131200,identity,20261005,15852654,1585.265400,7.751383459,0
736,boundary,iget,252,10000,64,4,131200,identity,20261005,15871920,1587.192000,10.161341539,0
737,boundary,iget,256,10000,64,4,131200,identity,20261005,20061666,2006.166600,8.166819246,0
738,boundary,iget,260,10000,64,4,131200,identity,20261005,20043826,2004.382600,8.301808248,0
739,boundary,iget,64,10000,64,64,131200,identity,20261005,11418113,1141.811300,3.587282767,0
740,boundary,iget,96,10000,64,64,131200,identity,20261005,15831767,1583.176700,3.880804966,0
741,boundary,iget,124,10000,64,64,131200,identity,20261005,15860457,1586.045700,5.003638924,0
742,boundary,iget,128,10000,64,64,131200,identity,20261005,15845726,1584.572600,5.169848324,0
743,boundary,iget,132,10000,64,64,131200,identity,20261005,15847987,1584.798700,5.330645463,0
744,boundary,iget,192,10000,64,64,131200,identity,20261005,15871790,1587.179000,7.742037918,0
745,boundary,iget,252,10000,64,64,131200,identity,20261005,20069203,2006.920300,8.036193565,0
746,boundary,iget,256,10000,64,64,131200,identity,20261005,20000906,2000.090600,8.191628919,0
747,boundary,iget,260,10000,64,64,131200,identity,20261005,20041906,2004.190600,8.302603555,0
748,boundary,iget,64,10000,64,124,131200,identity,20261005,15838631,1583.863100,2.586082093,0
749,boundary,iget,96,10000,64,124,131200,identity,20261005,15845299,1584.529900,3.877490731,0
750,boundary,iget,124,10000,64,124,131200,identity,20261005,15859894,1585.989400,5.003816545,0
751,boundary,iget,128,10000,64,124,131200,identity,20261005,15855149,1585.514900,5.166775790,0
752,boundary,iget,132,10000,64,124,131200,identity,20261005,15844312,1584.431200,5.331881877,0
753,boundary,iget,192,10000,64,124,131200,identity,20261005,20030671,2003.067100,6.134592296,0
754,boundary,iget,252,10000,64,124,131200,identity,20261005,20056043,2005.604300,8.041466604,0
755,boundary,iget,256,10000,64,124,131200,identity,20261005,20059771,2005.977100,8.167590747,0
756,boundary,iget,260,10000,64,124,131200,identity,20261005,20063879,2006.387900,8.293510941,0
757,boundary,iput,64,10000,1,0,131200,identity,20261005,2340342,234.034200,0.273464306,0
758,boundary,iput,96,10000,1,0,131200,identity,20261005,2350328,235.032800,0.408453629,0
759,boundary,iput,124,10000,1,0,131200,identity,20261005,3675781,367.578100,0.337343275,0
760,boundary,iput,128,10000,1,0,131200,identity,20261005,2400074,240.007400,0.533316889,0
761,boundary,iput,132,10000,1,0,131200,identity,20261005,2460238,246.023800,0.536533457,0
762,boundary,iput,192,10000,1,0,131200,identity,20261005,2461287,246.128700,0.780079690,0
763,boundary,iput,252,10000,1,0,131200,identity,20261005,3698511,369.851100,0.681355281,0
764,boundary,iput,256,10000,1,0,131200,identity,20261005,2460411,246.041100,1.040476571,0
765,boundary,iput,260,10000,1,0,131200,identity,20261005,2476466,247.646600,1.049883180,0
766,boundary,iput,64,10000,1,4,131200,identity,20261005,3673922,367.392200,0.174200759,0
767,boundary,iput,96,10000,1,4,131200,identity,20261005,3680818,368.081800,0.260811591,0
768,boundary,iput,124,10000,1,4,131200,identity,20261005,3686777,368.677700,0.336337131,0
769,boundary,iput,128,10000,1,4,131200,identity,20261005,3852701,385.270100,0.332234451,0
770,boundary,iput,132,10000,1,4,131200,identity,20261005,3904525,390.452500,0.338069291,0
771,boundary,iput,192,10000,1,4,131200,identity,20261005,4532082,453.208200,0.423646351,0
772,boundary,iput,252,10000,1,4,131200,identity,20261005,3698647,369.864700,0.681330227,0
773,boundary,iput,256,10000,1,4,131200,identity,20261005,3718343,371.834300,0.688478712,0
774,boundary,iput,260,10000,1,4,131200,identity,20261005,3732167,373.216700,0.696646211,0
775,boundary,iput,64,10000,1,64,131200,identity,20261005,2340364,234.036400,0.273461735,0
776,boundary,iput,96,10000,1,64,131200,identity,20261005,2401468,240.146800,0.399755483,0
777,boundary,iput,124,10000,1,64,131200,identity,20261005,2401200,240.120000,0.516408462,0
778,boundary,iput,128,10000,1,64,131200,identity,20261005,2401124,240.112400,0.533083672,0
779,boundary,iput,132,10000,1,64,131200,identity,20261005,3949638,394.963800,0.334207844,0
780,boundary,iput,192,10000,1,64,131200,identity,20261005,2401222,240.122200,0.799592874,0
781,boundary,iput,252,10000,1,64,131200,identity,20261005,2467152,246.715200,1.021420650,0
782,boundary,iput,256,10000,1,64,131200,identity,20261005,2525076,252.507600,1.013830871,0
783,boundary,iput,260,10000,1,64,131200,identity,20261005,3828476,382.847600,0.679121405,0
784,boundary,iput,64,10000,1,124,131200,identity,20261005,2348444,234.844400,0.272520869,0
785,boundary,iput,96,10000,1,124,131200,identity,20261005,3875714,387.571400,0.247696295,0
786,boundary,iput,124,10000,1,124,131200,identity,20261005,2460154,246.015400,0.504033487,0
787,boundary,iput,128,10000,1,124,131200,identity,20261005,3872068,387.206800,0.330572707,0
788,boundary,iput,132,10000,1,124,131200,identity,20261005,2460280,246.028000,0.536524298,0
789,boundary,iput,192,10000,1,124,131200,identity,20261005,2468232,246.823200,0.777884737,0
790,boundary,iput,252,10000,1,124,131200,identity,20261005,2527376,252.737600,0.997081558,0
791,boundary,iput,256,10000,1,124,131200,identity,20261005,3825904,382.590400,0.669122905,0
792,boundary,iput,260,10000,1,124,131200,identity,20261005,2526122,252.612200,1.029245618,0
793,boundary,iput,64,10000,2,0,131200,identity,20261005,2342322,234.232200,0.546466284,0
794,boundary,iput,96,10000,2,0,131200,identity,20261005,2350991,235.099100,0.816676882,0
795,boundary,iput,124,10000,2,0,131200,identity,20261005,3667303,366.730300,0.676246277,0
796,boundary,iput,128,10000,2,0,131200,identity,20261005,2400417,240.041700,1.066481366,0
797,boundary,iput,132,10000,2,0,131200,identity,20261005,2469309,246.930900,1.069125006,0
798,boundary,iput,192,10000,2,0,131200,identity,20261005,2470026,247.002600,1.554639506,0
799,boundary,iput,252,10000,2,0,131200,identity,20261005,3834987,383.498700,1.314215667,0
800,boundary,iput,256,10000,2,0,131200,identity,20261005,2467060,246.706000,2.075344742,0
801,boundary,iput,260,10000,2,0,131200,identity,20261005,2529616,252.961600,2.055647972,0
802,boundary,iput,64,10000,2,4,131200,identity,20261005,3668016,366.801600,0.348962491,0
803,boundary,iput,96,10000,2,4,131200,identity,20261005,3655587,365.558700,0.525223446,0
804,boundary,iput,124,10000,2,4,131200,identity,20261005,3668000,366.800000,0.676117775,0
805,boundary,iput,128,10000,2,4,131200,identity,20261005,4224699,422.469900,0.605960330,0
806,boundary,iput,132,10000,2,4,131200,identity,20261005,4417044,441.704400,0.597684786,0
807,boundary,iput,192,10000,2,4,131200,identity,20261005,5199693,519.969300,0.738505139,0
808,boundary,iput,252,10000,2,4,131200,identity,20261005,3835584,383.558400,1.314011113,0
809,boundary,iput,256,10000,2,4,131200,identity,20261005,3794744,379.474400,1.349234626,0
810,boundary,iput,260,10000,2,4,131200,identity,20261005,3803426,380.342600,1.367188424,0
811,boundary,iput,64,10000,2,64,131200,identity,20261005,2340464,234.046400,0.546900102,0
812,boundary,iput,96,10000,2,64,131200,identity,20261005,2873454,287.345400,0.668185396,0
813,boundary,iput,124,10000,2,64,131200,identity,20261005,2924293,292.429300,0.848068234,0
814,boundary,iput,128,10000,2,64,131200,identity,20261005,2865260,286.526000,0.893461675,0
815,boundary,iput,132,10000,2,64,131200,identity,20261005,4187587,418.758700,0.630434663,0
816,boundary,iput,192,10000,2,64,131200,identity,20261005,2411749,241.174900,1.592205491,0
817,boundary,iput,252,10000,2,64,131200,identity,20261005,2529666,252.966600,1.992357884,0
818,boundary,iput,256,10000,2,64,131200,identity,20261005,2530736,253.073600,2.023126869,0
819,boundary,iput,260,10000,2,64,131200,identity,20261005,3842931,384.293100,1.353133845,0
820,boundary,iput,64,10000,2,124,131200,identity,20261005,2904976,290.497600,0.440623262,0
821,boundary,iput,96,10000,2,124,131200,identity,20261005,4181395,418.139500,0.459176901,0
822,boundary,iput,124,10000,2,124,131200,identity,20261005,2818422,281.842200,0.879925008,0
823,boundary,iput,128,10000,2,124,131200,identity,20261005,4172118,417.211800,0.613597218,0
824,boundary,iput,132,10000,2,124,131200,identity,20261005,2469722,246.972200,1.068946221,0
825,boundary,iput,192,10000,2,124,131200,identity,20261005,2529714,252.971400,1.517958157,0
826,boundary,iput,252,10000,2,124,131200,identity,20261005,2529002,252.900200,1.992880986,0
827,boundary,iput,256,10000,2,124,131200,identity,20261005,3845904,384.590400,1.331286480,0
828,boundary,iput,260,10000,2,124,131200,identity,20261005,2529722,252.972200,2.055561836,0
829,boundary,iput,64,10000,4,0,131200,identity,20261005,3734745,373.474500,0.685455098,0
830,boundary,iput,96,10000,4,0,131200,identity,20261005,3733986,373.398600,1.028391644,0
831,boundary,iput,124,10000,4,0,131200,identity,20261005,8159942,815.994200,0.607847458,0
832,boundary,iput,128,10000,4,0,131200,identity,20261005,2409843,240.984300,2.124619737,0
833,boundary,iput,132,10000,4,0,131200,identity,20261005,3447035,344.703500,1.531751201,0
834,boundary,iput,192,10000,4,0,131200,identity,20261005,3358090,335.809000,2.287014344,0
835,boundary,iput,252,10000,4,0,131200,identity,20261005,7709943,770.994300,1.307402662,0
836,boundary,iput,256,10000,4,0,131200,identity,20261005,2470073,247.007300,4.145626465,0
837,boundary,iput,260,10000,4,0,131200,identity,20261005,2618321,261.832100,3.972011071,0
838,boundary,iput,64,10000,4,4,131200,identity,20261005,8096910,809.691000,0.316169996,0
839,boundary,iput,96,10000,4,4,131200,identity,20261005,8361317,836.131700,0.459257794,0
840,boundary,iput,124,10000,4,4,131200,identity,20261005,7935148,793.514800,0.625067106,0
841,boundary,iput,128,10000,4,4,131200,identity,20261005,10068297,1006.829700,0.508526914,0
842,boundary,iput,132,10000,4,4,131200,identity,20261005,10114004,1011.400400,0.522048439,0
843,boundary,iput,192,10000,4,4,131200,identity,20261005,13058805,1305.880500,0.588108943,0
844,boundary,iput,252,10000,4,4,131200,identity,20261005,9048012,904.801200,1.114056878,0
845,boundary,iput,256,10000,4,4,131200,identity,20261005,8535488,853.548800,1.199697076,0
846,boundary,iput,260,10000,4,4,131200,identity,20261005,8555705,855.570500,1.215563183,0
847,boundary,iput,64,10000,4,64,131200,identity,20261005,3737047,373.704700,0.685032862,0
848,boundary,iput,96,10000,4,64,131200,identity,20261005,6429914,642.991400,0.597208610,0
849,boundary,iput,124,10000,4,64,131200,identity,20261005,6398409,639.840900,0.775192708,0
850,boundary,iput,128,10000,4,64,131200,identity,20261005,6420472,642.047200,0.797449160,0
851,boundary,iput,132,10000,4,64,131200,identity,20261005,9698325,969.832500,0.544423908,0
852,boundary,iput,192,10000,4,64,131200,identity,20261005,4120438,412.043800,1.863879520,0
853,boundary,iput,252,10000,4,64,131200,identity,20261005,5454541,545.454100,1.848001509,0
854,boundary,iput,256,10000,4,64,131200,identity,20261005,5400097,540.009700,1.896262234,0
855,boundary,iput,260,10000,4,64,131200,identity,20261005,7407642,740.764200,1.403955537,0
856,boundary,iput,64,10000,4,124,131200,identity,20261005,6423857,642.385700,0.398514475,0
857,boundary,iput,96,10000,4,124,131200,identity,20261005,9716051,971.605100,0.395222298,0
858,boundary,iput,124,10000,4,124,131200,identity,20261005,6427482,642.748200,0.771686331,0
859,boundary,iput,128,10000,4,124,131200,identity,20261005,9654107,965.410700,0.530344236,0
860,boundary,iput,132,10000,4,124,131200,identity,20261005,4114544,411.454400,1.283252774,0
861,boundary,iput,192,10000,4,124,131200,identity,20261005,5413086,541.308600,1.418784036,0
862,boundary,iput,252,10000,4,124,131200,identity,20261005,5444430,544.443000,1.851433483,0
863,boundary,iput,256,10000,4,124,131200,identity,20261005,7493067,749.306700,1.366596615,0
864,boundary,iput,260,10000,4,124,131200,identity,20261005,4536986,453.698600,2.292270684,0
865,boundary,iput,64,10000,8,0,131200,identity,20261005,3990577,399.057700,1.283022480,0
866,boundary,iput,96,10000,8,0,131200,identity,20261005,3981375,398.137500,1.928981822,0
867,boundary,iput,124,10000,8,0,131200,identity,20261005,8015695,801.569500,1.237572038,0
868,boundary,iput,128,10000,8,0,131200,identity,20261005,2409382,240.938200,4.250052503,0
869,boundary,iput,132,10000,8,0,131200,identity,20261005,4898128,489.812800,2.155925692,0
870,boundary,iput,192,10000,8,0,131200,identity,20261005,4899340,489.934000,3.135116159,0
871,boundary,iput,252,10000,8,0,131200,identity,20261005,8611413,861.141300,2.341079217,0
872,boundary,iput,256,10000,8,0,131200,identity,20261005,2486774,248.677400,8.235569457,0
873,boundary,iput,260,10000,8,0,131200,identity,20261005,5485109,548.510900,3.792085080,0
874,boundary,iput,64,10000,8,4,131200,identity,20261005,8044410,804.441000,0.636466814,0
875,boundary,iput,96,10000,8,4,131200,identity,20261005,8000921,800.092100,0.959889493,0
876,boundary,iput,124,10000,8,4,131200,identity,20261005,8017663,801.766300,1.237268266,0
877,boundary,iput,128,10000,8,4,131200,identity,20261005,10383617,1038.361700,0.986168885,0
878,boundary,iput,132,10000,8,4,131200,identity,20261005,10382934,1038.293400,1.017053561,0
879,boundary,iput,192,10000,8,4,131200,identity,20261005,13954262,1395.426200,1.100738971,0
880,boundary,iput,252,10000,8,4,131200,identity,20261005,8988411,898.841100,2.242888092,0
881,boundary,iput,256,10000,8,4,131200,identity,20261005,11938177,1193.817700,1.715504804,0
882,boundary,iput,260,10000,8,4,131200,identity,20261005,12087830,1208.783000,1.720738958,0
883,boundary,iput,64,10000,8,64,131200,identity,20261005,3989853,398.985300,1.283255298,0
884,boundary,iput,96,10000,8,64,131200,identity,20261005,7554950,755.495000,1.016552062,0
885,boundary,iput,124,10000,8,64,131200,identity,20261005,7492514,749.251400,1.323988183,0
886,boundary,iput,128,10000,8,64,131200,identity,20261005,7537841,753.784100,1.358479172,0
887,boundary,iput,132,10000,8,64,131200,identity,20261005,10528425,1052.842500,1.002999024,0
888,boundary,iput,192,10000,8,64,131200,identity,20261005,5106121,510.612100,3.008154331,0
889,boundary,iput,252,10000,8,64,131200,identity,20261005,8478436,847.843600,2.377797037,0
890,boundary,iput,256,10000,8,64,131200,identity,20261005,8402754,840.275400,2.437296153,0
891,boundary,iput,260,10000,8,64,131200,identity,20261005,12560511,1256.051100,1.655983582,0
892,boundary,iput,64,10000,8,124,131200,identity,20261005,7549332,754.933200,0.678205701,0
893,boundary,iput,96,10000,8,124,131200,identity,20261005,10565419,1056.541900,0.726899709,0
894,boundary,iput,124,10000,8,124,131200,identity,20261005,7498583,749.858300,1.322916610,0
895,boundary,iput,128,10000,8,124,131200,identity,20261005,10541650,1054.165000,0.971384935,0
896,boundary,iput,132,10000,8,124,131200,identity,20261005,5042143,504.214300,2.094347582,0
897,boundary,iput,192,10000,8,124,131200,identity,20261005,8488592,848.859200,1.809487368,0
898,boundary,iput,252,10000,8,124,131200,identity,20261005,8453248,845.324800,2.384882119,0
899,boundary,iput,256,10000,8,124,131200,identity,20261005,12465806,1246.580600,1.642894170,0
900,boundary,iput,260,10000,8,124,131200,identity,20261005,5662537,566.253700,3.673265181,0
901,boundary,iput,64,10000,16,0,131200,identity,20261005,7757295,775.729500,1.320047774,0
902,boundary,iput,96,10000,16,0,131200,identity,20261005,7713334,771.333400,1.991356786,0
903,boundary,iput,124,10000,16,0,131200,identity,20261005,14605638,1460.563800,1.358379552,0
904,boundary,iput,128,10000,16,0,131200,identity,20261005,2410023,241.002300,8.497844211,0
905,boundary,iput,132,10000,16,0,131200,identity,20261005,7505711,750.571100,2.813857341,0
906,boundary,iput,192,10000,16,0,131200,identity,20261005,7535944,753.594400,4.076463413,0
907,boundary,iput,252,10000,16,0,131200,identity,20261005,13948316,1394.831600,2.890671533,0
908,boundary,iput,256,10000,16,0,131200,identity,20261005,2498126,249.812600,16.396290659,0
909,boundary,iput,260,10000,16,0,131200,identity,20261005,9413170,941.317000,4.419340137,0
910,boundary,iput,64,10000,16,4,131200,identity,20261005,14691548,1469.154800,0.696999390,0
911,boundary,iput,96,10000,16,4,131200,identity,20261005,14533710,1453.371000,1.056853343,0
912,boundary,iput,124,10000,16,4,131200,identity,20261005,14690881,1469.088100,1.350497632,0
913,boundary,iput,128,10000,16,4,131200,identity,20261005,16186058,1618.605800,1.265286458,0
914,boundary,iput,132,10000,16,4,131200,identity,20261005,16188581,1618.858100,1.304623302,0
915,boundary,iput,192,10000,16,4,131200,identity,20261005,19480681,1948.068100,1.576946925,0
916,boundary,iput,252,10000,16,4,131200,identity,20261005,14476884,1447.688400,2.785129728,0
917,boundary,iput,256,10000,16,4,131200,identity,20261005,18745074,1874.507400,2.185107405,0
918,boundary,iput,260,10000,16,4,131200,identity,20261005,18736118,1873.611800,2.220310525,0
919,boundary,iput,64,10000,16,64,131200,identity,20261005,7651200,765.120000,1.338352154,0
920,boundary,iput,96,10000,16,64,131200,identity,20261005,10351603,1035.160300,1.483828157,0
921,boundary,iput,124,10000,16,64,131200,identity,20261005,10354442,1035.444200,1.916085869,0
922,boundary,iput,128,10000,16,64,131200,identity,20261005,10368234,1036.823400,1.975264061,0
923,boundary,iput,132,10000,16,64,131200,identity,20261005,15561674,1556.167400,1.357180468,0
924,boundary,iput,192,10000,16,64,131200,identity,20261005,7855113,785.511300,3.910828527,0
925,boundary,iput,252,10000,16,64,131200,identity,20261005,12099025,1209.902500,3.332499933,0
926,boundary,iput,256,10000,16,64,131200,identity,20261005,12233856,1223.385600,3.348085837,0
927,boundary,iput,260,10000,16,64,131200,identity,20261005,17048182,1704.818200,2.440142884,0
928,boundary,iput,64,10000,16,124,131200,identity,20261005,10355237,1035.523700,0.988871621,0
929,boundary,iput,96,10000,16,124,131200,identity,20261005,15617866,1561.786600,0.983489037,0
930,boundary,iput,124,10000,16,124,131200,identity,20261005,10340463,1034.046300,1.918676175,0
931,boundary,iput,128,10000,16,124,131200,identity,20261005,15594356,1559.435600,1.313295656,0
932,boundary,iput,132,10000,16,124,131200,identity,20261005,7875711,787.571100,2.681662646,0
933,boundary,iput,192,10000,16,124,131200,identity,20261005,12247823,1224.782300,2.508200845,0
934,boundary,iput,252,10000,16,124,131200,identity,20261005,12154457,1215.445700,3.317301629,0
935,boundary,iput,256,10000,16,124,131200,identity,20261005,17073403,1707.340300,2.399053077,0
936,boundary,iput,260,10000,16,124,131200,identity,20261005,9652589,965.258900,4.309724572,0
937,boundary,iput,64,10000,32,0,131200,identity,20261005,9304001,930.400100,2.201203547,0
938,boundary,iput,96,10000,32,0,131200,identity,20261005,9278616,927.861600,3.310838599,0
939,boundary,iput,124,10000,32,0,131200,identity,20261005,17799940,1779.994000,2.229220997,0
940,boundary,iput,128,10000,32,0,131200,identity,20261005,2531041,253.104100,16.183064597,0
941,boundary,iput,132,10000,32,0,131200,identity,20261005,11337518,1133.751800,3.725683170,0
942,boundary,iput,192,10000,32,0,131200,identity,20261005,11344586,1134.458600,5.415799219,0
943,boundary,iput,252,10000,32,0,131200,identity,20261005,19033529,1903.352900,4.236734029,0
944,boundary,iput,256,10000,32,0,131200,identity,20261005,4338451,433.845100,18.882315370,0
945,boundary,iput,260,10000,32,0,131200,identity,20261005,16511979,1651.197900,5.038766098,0
946,boundary,iput,64,10000,32,4,131200,identity,20261005,17680188,1768.018800,1.158358723,0
947,boundary,iput,96,10000,32,4,131200,identity,20261005,17694685,1769.468500,1.736114545,0
948,boundary,iput,124,10000,32,4,131200,identity,20261005,17703665,1770.366500,2.241343812,0
949,boundary,iput,128,10000,32,4,131200,identity,20261005,24894687,2489.468700,1.645330990,0
950,boundary,iput,132,10000,32,4,131200,identity,20261005,24935616,2493.561600,1.693962563,0
951,boundary,iput,192,10000,32,4,131200,identity,20261005,32162472,3216.247200,1.910300925,0
952,boundary,iput,252,10000,32,4,131200,identity,20261005,19821869,1982.186900,4.068233929,0
953,boundary,iput,256,10000,32,4,131200,identity,20261005,28541483,2854.148300,2.870208251,0
954,boundary,iput,260,10000,32,4,131200,identity,20261005,28688426,2868.842600,2.900124252,0
955,boundary,iput,64,10000,32,64,131200,identity,20261005,9308066,930.806600,2.200242242,0
956,boundary,iput,96,10000,32,64,131200,identity,20261005,16851267,1685.126700,1.823008323,0
957,boundary,iput,124,10000,32,64,131200,identity,20261005,16857832,1685.783200,2.353802078,0
958,boundary,iput,128,10000,32,64,131200,identity,20261005,16870791,1687.079100,2.427864823,0
959,boundary,iput,132,10000,32,64,131200,identity,20261005,24101464,2410.146400,1.752590631,0
960,boundary,iput,192,10000,32,64,131200,identity,20261005,11535077,1153.507700,5.326362364,0
961,boundary,iput,252,10000,32,64,131200,identity,20261005,21436518,2143.651800,3.761804972,0
962,boundary,iput,256,10000,32,64,131200,identity,20261005,21362889,2136.288900,3.834687340,0
963,boundary,iput,260,10000,32,64,131200,identity,20261005,29659091,2965.909100,2.805210719,0
964,boundary,iput,64,10000,32,124,131200,identity,20261005,16916224,1691.622400,1.210672074,0
965,boundary,iput,96,10000,32,124,131200,identity,20261005,24225959,2422.595900,1.268061256,0
966,boundary,iput,124,10000,32,124,131200,identity,20261005,16929532,1692.953200,2.343833249,0
967,boundary,iput,128,10000,32,124,131200,identity,20261005,24232821,2423.282100,1.690269573,0
968,boundary,iput,132,10000,32,124,131200,identity,20261005,11595055,1159.505500,3.642932267,0
969,boundary,iput,192,10000,32,124,131200,identity,20261005,21320624,2132.062400,2.881716783,0
970,boundary,iput,252,10000,32,124,131200,identity,20261005,21262385,2126.238500,3.792613105,0
971,boundary,iput,256,10000,32,124,131200,identity,20261005,29693448,2969.344800,2.758857779,0
972,boundary,iput,260,10000,32,124,131200,identity,20261005,15332639,1533.263900,5.426332675,0
973,boundary,iput,64,10000,64,0,131200,identity,20261005,19158257,1915.825700,2.137981550,0
974,boundary,iput,96,10000,64,0,131200,identity,20261005,19148306,1914.830600,3.208638926,0
975,boundary,iput,124,10000,64,0,131200,identity,20261005,35789233,3578.923300,2.217426677,0
976,boundary,iput,128,10000,64,0,131200,identity,20261005,4359640,435.964000,18.790542338,0
977,boundary,iput,132,10000,64,0,131200,identity,20261005,27297566,2729.756600,3.094781418,0
978,boundary,iput,192,10000,64,0,131200,identity,20261005,27186473,2718.647300,4.519894876,0
979,boundary,iput,252,10000,64,0,131200,identity,20261005,42900655,4290.065500,3.759383161,0
980,boundary,iput,256,10000,64,0,131200,identity,20261005,8824684,882.468400,18.566103897,0
981,boundary,iput,260,10000,64,0,131200,identity,20261005,35198416,3519.841600,4.727485464,0
982,boundary,iput,64,10000,64,4,131200,identity,20261005,35726907,3572.690700,1.146474840,0
983,boundary,iput,96,10000,64,4,131200,identity,20261005,35783111,3578.311100,1.717011134,0
984,boundary,iput,124,10000,64,4,131200,identity,20261005,35756193,3575.619300,2.219475658,0
985,boundary,iput,128,10000,64,4,131200,identity,20261005,51789056,5178.905600,1.581801375,0
986,boundary,iput,132,10000,64,4,131200,identity,20261005,51673942,5167.394200,1.634866564,0
987,boundary,iput,192,10000,64,4,131200,identity,20261005,67065222,6706.522200,1.832246227,0
988,boundary,iput,252,10000,64,4,131200,identity,20261005,43792181,4379.218100,3.682849228,0
989,boundary,iput,256,10000,64,4,131200,identity,20261005,60577689,6057.768900,2.704626121,0
990,boundary,iput,260,10000,64,4,131200,identity,20261005,60580969,6058.096900,2.746737181,0
991,boundary,iput,64,10000,64,64,131200,identity,20261005,19162209,1916.220900,2.137540614,0
992,boundary,iput,96,10000,64,64,131200,identity,20261005,35061785,3506.178500,1.752335199,0
993,boundary,iput,124,10000,64,64,131200,identity,20261005,35078076,3507.807600,2.262381779,0
994,boundary,iput,128,10000,64,64,131200,identity,20261005,35038468,3503.846800,2.338001764,0
995,boundary,iput,132,10000,64,64,131200,identity,20261005,50257423,5025.742300,1.680945718,0
996,boundary,iput,192,10000,64,64,131200,identity,20261005,26972600,2697.260000,4.555734338,0
997,boundary,iput,252,10000,64,64,131200,identity,20261005,45862544,4586.254400,3.516595154,0
998,boundary,iput,256,10000,64,64,131200,identity,20261005,45722854,4572.285400,3.583328372,0
999,boundary,iput,260,10000,64,64,131200,identity,20261005,61675759,6167.575900,2.697980579,0
1000,boundary,iput,64,10000,64,124,131200,identity,20261005,34950669,3495.066900,1.171937510,0
1001,boundary,iput,96,10000,64,124,131200,identity,20261005,50139379,5013.937900,1.225384144,0
1002,boundary,iput,124,10000,64,124,131200,identity,20261005,34930397,3493.039700,2.271946694,0
1003,boundary,iput,128,10000,64,124,131200,identity,20261005,50127191,5012.719100,1.634242781,0
1004,boundary,iput,132,10000,64,124,131200,identity,20261005,26826923,2682.692300,3.149075278,0
1005,boundary,iput,192,10000,64,124,131200,identity,20261005,45808545,4580.854500,2.682468959,0
1006,boundary,iput,252,10000,64,124,131200,identity,20261005,46023118,4602.311800,3.504325804,0
1007,boundary,iput,256,10000,64,124,131200,identity,20261005,62264405,6226.440500,2.631358960,0
1008,boundary,iput,260,10000,64,124,131200,identity,20261005,34998031,3499.803100,4.754553192,0
