model,feature,coefficient_pct_points
constant_size,constant,13.507450063936172
constant_size,size1024,0.6807797033835279
XY,constant,7.772193646430729
XY,size1024,0.6807797033835294
XY,XY_forward_same_direction,2.1152470770752254
XY,XY_forward_opposite_direction,5.340538750984596
XY,XY_forward_shared_internal_nodes,0.5912089445602806
XY,XY_reply_same_direction,-5.949081144035158
XY,XY_reply_opposite_direction,-7.160821142691867
XY,XY_reply_shared_internal_nodes,6.572039580165903
YX,constant,10.743582511990843
YX,size1024,0.6807797033835254
YX,YX_forward_same_direction,4.4388301665083105
YX,YX_forward_opposite_direction,-2.876750516477731
YX,YX_forward_shared_internal_nodes,0.8977338958647163
YX,YX_reply_same_direction,-12.551495347299669
YX,YX_reply_opposite_direction,-2.908610981768418
YX,YX_reply_shared_internal_nodes,2.5066685170865277
combined_descriptive,constant,6.858723774203421
combined_descriptive,size1024,0.6807797033835352
combined_descriptive,XY_forward_same_direction,-8.981418582580446
combined_descriptive,XY_forward_opposite_direction,0.6403620966994835
combined_descriptive,XY_forward_shared_internal_nodes,0.3195241133357787
combined_descriptive,XY_reply_same_direction,5.575628268115294
combined_descriptive,XY_reply_opposite_direction,-3.3800640502839485
combined_descriptive,XY_reply_shared_internal_nodes,1.0919116829270434
combined_descriptive,YX_forward_same_direction,6.4298321758153545
combined_descriptive,YX_forward_opposite_direction,-3.2621959442113453
combined_descriptive,YX_forward_shared_internal_nodes,1.0773111769687578
combined_descriptive,YX_reply_same_direction,-27.406994880895393
combined_descriptive,YX_reply_opposite_direction,-10.308820047902543
combined_descriptive,YX_reply_shared_internal_nodes,11.55710456110433
