repeat,feature,coefficient_pct_points
repeat_01,constant,6.9656041668256075
repeat_01,size1024,0.6904611858762153
repeat_01,XY_forward_same_direction,-9.014789430702224
repeat_01,XY_forward_opposite_direction,0.5495212293653755
repeat_01,XY_forward_shared_internal_nodes,0.45965463095290615
repeat_01,XY_reply_same_direction,5.736472094906461
repeat_01,XY_reply_opposite_direction,-3.2369924265795182
repeat_01,XY_reply_shared_internal_nodes,0.8360832818260853
repeat_01,YX_forward_same_direction,6.346697699929794
repeat_01,YX_forward_opposite_direction,-3.3347187981853
repeat_01,YX_forward_shared_internal_nodes,1.2413382362211403
repeat_01,YX_reply_same_direction,-27.20353475418963
repeat_01,YX_reply_opposite_direction,-10.100777674839055
repeat_01,YX_reply_shared_internal_nodes,11.32673885332293
repeat_02,constant,6.898226901083049
repeat_02,size1024,0.6414920591667763
repeat_02,XY_forward_same_direction,-9.189888243997503
repeat_02,XY_forward_opposite_direction,0.4140593501870571
repeat_02,XY_forward_shared_internal_nodes,0.4978022018194235
repeat_02,XY_reply_same_direction,5.43855988149522
repeat_02,XY_reply_opposite_direction,-3.339469656241284
repeat_02,XY_reply_shared_internal_nodes,1.1250574523217125
repeat_02,YX_forward_same_direction,6.1720648317080276
repeat_02,YX_forward_opposite_direction,-3.4859038218645355
repeat_02,YX_forward_shared_internal_nodes,1.175870669346516
repeat_02,YX_reply_same_direction,-27.52105345163647
repeat_02,YX_reply_opposite_direction,-10.425591135987364
repeat_02,YX_reply_shared_internal_nodes,11.52298715120569
repeat_03,constant,6.796261528622704
repeat_03,size1024,0.6988384471797393
repeat_03,XY_forward_same_direction,-9.015012997107476
repeat_03,XY_forward_opposite_direction,0.6361755963177548
repeat_03,XY_forward_shared_internal_nodes,0.30193564327584865
repeat_03,XY_reply_same_direction,5.706455554104348
repeat_03,XY_reply_opposite_direction,-3.3118183244369135
repeat_03,XY_reply_shared_internal_nodes,1.02065175713214
repeat_03,YX_forward_same_direction,6.404977812310618
repeat_03,YX_forward_opposite_direction,-3.3924818266861823
repeat_03,YX_forward_shared_internal_nodes,1.1596993900563557
repeat_03,YX_reply_same_direction,-27.337798905660012
repeat_03,YX_reply_opposite_direction,-10.29758473431151
repeat_03,YX_reply_shared_internal_nodes,11.585449304753551
repeat_04,constant,6.851918890364305
repeat_04,size1024,0.6827135373871127
repeat_04,XY_forward_same_direction,-8.965079316005989
repeat_04,XY_forward_opposite_direction,0.6403100803666235
repeat_04,XY_forward_shared_internal_nodes,0.28667805846181826
repeat_04,XY_reply_same_direction,5.657076574343212
repeat_04,XY_reply_opposite_direction,-3.322531356467885
repeat_04,XY_reply_shared_internal_nodes,1.0072860182116312
repeat_04,YX_forward_same_direction,6.332099306724853
repeat_04,YX_forward_opposite_direction,-3.351175781362663
repeat_04,YX_forward_shared_internal_nodes,1.1625109884510916
repeat_04,YX_reply_same_direction,-27.310868938259986
repeat_04,YX_reply_opposite_direction,-10.275613240110436
repeat_04,YX_reply_shared_internal_nodes,11.561749641259594
repeat_05,constant,6.91234660325046
repeat_05,size1024,0.7019763451175591
repeat_05,XY_forward_same_direction,-8.761551891193328
repeat_05,XY_forward_opposite_direction,0.8802360786049571
repeat_05,XY_forward_shared_internal_nodes,0.09379243203664789
repeat_05,XY_reply_same_direction,5.387312616908977
repeat_05,XY_reply_opposite_direction,-3.5880744578266492
repeat_05,XY_reply_shared_internal_nodes,1.2712478604064632
repeat_05,YX_forward_same_direction,6.655061027633551
repeat_05,YX_forward_opposite_direction,-3.006173615556193
repeat_05,YX_forward_shared_internal_nodes,0.8303024288550755
repeat_05,YX_reply_same_direction,-27.428483697783573
repeat_05,YX_reply_opposite_direction,-10.38166704168629
repeat_05,YX_reply_shared_internal_nodes,11.653853886024423
