group,probe_src,probe_dst,background_src,background_dst,probe_bytes,reply_bytes,background_bytes,window,category,layout_id,background_src_block,background_dst_block,XY_background_path,YX_background_path,XY_forward_same_direction,XY_forward_opposite_direction,XY_forward_shared_internal_nodes,XY_reply_same_direction,XY_reply_opposite_direction,XY_reply_shared_internal_nodes,YX_forward_same_direction,YX_forward_opposite_direction,YX_forward_shared_internal_nodes,YX_reply_same_direction,YX_reply_opposite_direction,YX_reply_shared_internal_nodes,jobs,control_RTT_median,treatment_RTT_median,effect_pct_median,effect_pct_min,effect_pct_max,max_control_drift_pct,larger_jobs,effect_gt_drift_jobs,difference_median,bg_B_per_cycle_median,bg_B_per_cycle_min,bg_B_per_cycle_max
g0000,0,54,2,4,8,8,4096,4,anchor,L00,1,2,1_2,1_2,1,0,2,0,0,0,0,0,0,0,1,2,5,8097.110839844,10846.633056640501,33.98796654533231,33.66191590446659,34.19528072044184,0.11180992228458626,5,5,2751.403808594001,0.906774420241005,0.9041438372597476,0.9079655311932371
g0001,0,54,2,4,1024,8,4096,4,anchor,L00,1,2,1_2,1_2,1,0,2,0,0,0,0,0,0,0,1,2,5,8118.265869141,10967.954345703,34.96079820587019,34.843269707129565,35.67353698019697,0.21810151225460125,5,5,2841.1838378904995,0.9106025520247031,0.9081637661597736,0.9141991130237351
g0002,0,54,4,6,8,8,4096,4,anchor,L01,2,3,2_3,2_3,1,0,2,0,0,0,0,0,0,0,1,2,5,8099.8596191404995,8361.765136719001,3.2613143403398936,3.1397405589333127,3.3843740515908216,0.23541517557908598,5,5,264.0488281250009,1.4482007635248837,1.4451361707631607,1.4490212996861993
g0003,0,54,4,6,1024,8,4096,4,anchor,L01,2,3,2_3,2_3,1,0,2,0,0,0,0,0,0,0,1,2,5,8116.0476074215,8403.048095703001,3.5433240114216558,3.48635096735348,3.6364117555768294,0.04933057614287601,5,5,287.5581054685008,1.448258580457653,1.4447206543429971,1.449952679312949
g0004,0,54,16,32,8,8,4096,4,anchor,L02,4,8,4_8,4_8,0,0,0,0,1,2,1,0,2,0,0,0,5,8099.998535156,8318.616455078001,2.672574750296919,2.5447733864420563,2.7805594187892524,0.05821767528270303,5,5,216.4785156249991,1.4105278465355267,1.4097813513980524,1.4112704088481538
g0005,0,54,16,32,1024,8,4096,4,anchor,L02,4,8,4_8,4_8,0,0,0,0,1,2,1,0,2,0,0,0,5,8117.2309570315,8353.824462890501,2.9147070855986223,2.861784192153216,2.963909593193792,0.21475824399632032,5,5,236.5935058590012,1.4115288332862868,1.4110740606785577,1.4121565812191594
g0006,0,54,32,48,8,8,4096,4,anchor,L03,8,12,8_12,8_12,0,0,0,0,1,2,1,0,2,0,0,0,5,8099.0078125,10812.787109375,33.480328177840676,33.22294979257785,33.56087536118058,0.07357722525746407,5,5,2712.127441406,0.8961653897575574,0.8916569261029895,0.897135252511591
g0007,0,54,32,48,1024,8,4096,4,anchor,L03,8,12,8_12,8_12,0,0,0,0,1,2,1,0,2,0,0,0,5,8115.696289062,10864.6530761715,33.87013505049416,33.66815186665981,34.054523686263536,0.07095559644464208,5,5,2748.8376464840003,0.8972773171274644,0.8953689644115957,0.8985124185144848
g0008,0,54,2,18,8,8,4096,4,anchor,L04,1,5,1_5,1_5,0,0,1,0,0,0,0,0,0,0,0,1,5,8098.490234375,10831.146972656501,33.77813687819589,33.63355064492723,33.93897222251914,0.1775992478995104,5,5,2735.273437500001,0.9066169671187494,0.9053613263569948,0.9078157433800081
g0009,0,54,2,18,1024,8,4096,4,anchor,L04,1,5,1_5,1_5,0,0,1,0,0,0,0,0,0,0,0,1,5,8117.277099609,10958.38671875,34.927429597738914,34.78662070052412,35.35280981529254,0.5231195108636824,5,5,2838.037109375,0.909640254239002,0.9079882311212735,0.9119153579983321
g0010,0,54,4,2,8,8,4096,4,anchor,L05,2,1,2_1,2_1,0,1,2,0,0,0,0,0,0,1,0,2,5,8098.7326660154995,8364.263671875,3.265561613404011,3.2253521262673113,3.3637743945625465,0.10081269647608669,5,5,264.5026855470005,1.4483133547326101,1.4444554961622331,1.449144831213249
g0011,0,54,4,2,1024,8,4096,4,anchor,L05,2,1,2_1,2_1,0,1,2,0,0,0,0,0,0,1,0,2,5,8115.151855469,8404.3264160155,3.512102040193965,3.4990144567687897,3.6746499438734315,0.056224712896211726,5,5,285.15112304750073,1.4481821246014959,1.4459038057549454,1.4494062521453568
g0012,0,54,34,16,8,8,4096,4,diagonal_background,L06,9,4,9_8_4,9_5_4,0,0,0,1,0,2,0,0,1,0,0,0,5,8097.6428222654995,8325.665771484,2.8030135722940885,2.623758041648383,2.856460022391394,0.4117610421121836,5,5,226.9780273439992,1.4176481549069404,1.4168115371623862,1.4193086955429655
g0013,0,54,34,16,1024,8,4096,4,diagonal_background,L06,9,4,9_8_4,9_5_4,0,0,0,1,0,2,0,0,1,0,0,0,5,8117.34765625,8361.180664063,3.0416848394932305,2.970418868676794,3.0683747553250873,0.05593672094000113,5,5,246.81347656300022,1.4194574964904652,1.4173599926231915,1.420673951364693
g0014,0,54,2,52,8,8,4096,4,diagonal_background,L07,1,14,1_2_6_10_14,1_5_9_13_14,1,0,2,0,0,1,1,0,2,0,0,1,5,8098.150390625,10880.1274414065,34.35682082803781,33.887178895611214,34.43456263409877,0.07051132467694698,5,5,2782.192871093999,0.9084593730542176,0.9070099158540209,0.9107557148654253
g0015,0,54,2,52,1024,8,4096,4,diagonal_background,L07,1,14,1_2_6_10_14,1_5_9_13_14,1,0,2,0,0,1,1,0,2,0,0,1,5,8117.1611328125,10973.8754882815,35.13796918352303,34.87588696437347,35.59426660283363,0.056762197721435696,5,5,2853.377929687499,0.9116941818501422,0.9099495204614901,0.9128313582729897
g0016,0,54,4,22,8,8,4096,4,diagonal_background,L08,2,7,2_3_7,2_6_7,2,0,3,0,0,0,0,0,0,0,0,2,5,8097.9831542970005,8360.945800781,3.2676720556722216,3.1316020615056006,3.291265734176596,0.10069979065536028,5,5,264.6137695309999,1.448025600861903,1.4464393993154558,1.448780129955572
g0017,0,54,4,22,1024,8,4096,4,diagonal_background,L08,2,7,2_3_7,2_6_7,2,0,3,0,0,0,0,0,0,0,0,2,5,8116.8388671875,8400.439208984,3.502931909337792,3.405914416896305,3.5401013983205942,0.07142793980818417,5,5,284.3027343744998,1.4490077880261016,1.4477085683324535,1.4506852222415574
g0018,0,54,2,16,8,8,4096,4,diagonal_background,L09,1,4,1_0_4,1_5_4,0,1,1,0,1,1,0,0,1,0,0,1,5,8098.2915039065,10838.2426757815,33.7891302359568,33.73472088326474,34.07294518217838,0.06597408150129568,5,5,2736.880371093999,0.9070133293670761,0.9048778056075129,0.9085758477716117
g0019,0,54,2,16,1024,8,4096,4,diagonal_background,L09,1,4,1_0_4,1_5_4,0,1,1,0,1,1,0,0,1,0,0,1,5,8116.4875488285,10969.702392578001,35.1705552804954,34.8922444493946,35.227547442805985,0.03658664352711773,5,5,2854.2497558595014,0.9110318151301967,0.9096451837463284,0.9130589387652833
g0020,0,54,2,20,8,8,4096,4,diagonal_background,L10,1,6,1_2_6,1_5_6,1,0,2,0,0,0,0,0,0,0,0,1,5,8095.5769042970005,10845.874511719001,33.76636390693757,33.38206277396698,34.2751843122395,0.3557999773856855,5,5,2732.8769531245,0.9062331512074011,0.9047325039818833,0.9082732192725332
g0021,0,54,2,20,1024,8,4096,4,diagonal_background,L10,1,6,1_2_6,1_5_6,1,0,2,0,0,0,0,0,0,0,0,1,5,8118.9409179685,10972.2358398435,35.03933595022622,34.708820093256556,35.37457711102094,0.2773905100313698,5,5,2847.0212402340003,0.9107989102385328,0.9086055928976563,0.9139433290568093
g0022,0,54,32,50,8,8,4096,4,diagonal_background,L11,8,13,8_9_13,8_12_13,0,0,0,0,0,2,2,0,3,0,0,0,5,8100.858886719,10812.268554687,33.47064435862765,33.173514474146984,33.94528463009363,0.14572890398422372,5,5,2711.4096679679997,0.8950411684076456,0.8917713688586983,0.896724441580341
g0023,0,54,32,50,1024,8,4096,4,diagonal_background,L11,8,13,8_9_13,8_12_13,0,0,0,0,0,2,2,0,3,0,0,0,5,8117.0307617185,10866.225341797,33.898349242043025,33.76943515331921,33.9909522010339,0.192656747369652,5,5,2750.945800781501,0.8977143907719862,0.8961369441298788,0.8987049946518715
g0024,0,54,20,50,8,8,4096,4,diagonal_background,L12,6,13,6_5_9_13,6_10_14_13,0,0,0,0,0,1,0,1,2,0,0,0,5,8099.8828125,8300.2626953125,2.473861504554953,2.4419931645237813,2.8394251239318047,0.1024758304063419,5,5,200.3798828125,1.4138236009036884,1.4067043359550753,1.4155531152556065
g0025,0,54,20,50,1024,8,4096,4,diagonal_background,L12,6,13,6_5_9_13,6_10_14_13,0,0,0,0,0,1,0,1,2,0,0,0,5,8119.5300292970005,8338.197753906,2.7041183577581895,2.5322344387884943,2.7720124807816715,0.5002018686039362,5,5,219.4221191404995,1.4170260342316023,1.412805911126268,1.4186211872745162
g0026,0,54,20,2,8,8,4096,4,diagonal_background,L13,6,1,6_5_1,6_2_1,0,0,1,0,0,0,0,0,0,1,0,2,5,8096.9133300785,8303.8681640625,2.545696050891144,2.5135441507705414,2.6807924622182178,0.04601845255226397,5,5,206.22412109349898,1.4139234733243096,1.4115834547543287,1.4148096493904718
g0027,0,54,20,2,1024,8,4096,4,diagonal_background,L13,6,1,6_5_1,6_2_1,0,0,1,0,0,0,0,0,0,1,0,2,5,8116.9538574215,8338.265380859,2.7133078159720103,2.68990839275709,2.9281749683736313,0.04518705384868715,5,5,220.2180175779995,1.4170272697540927,1.4111843844564032,1.4180414296768822
g0028,0,54,16,34,8,8,4096,4,diagonal_background,L14,4,9,4_5_9,4_8_9,0,0,0,0,0,1,1,0,2,0,0,0,5,8097.0048828125,8322.685302734,2.787208643044692,2.721864833795995,2.816058021360135,0.04565222012939695,5,5,225.6804199215003,1.411043632082278,1.408314555332409,1.41140934887268
g0029,0,54,16,34,1024,8,4096,4,diagonal_background,L14,4,9,4_5_9,4_8_9,0,0,0,0,0,1,1,0,2,0,0,0,5,8116.3591308595005,8356.471191406501,2.925418850642414,2.87284437418327,2.964507075945133,0.20986879684342058,5,5,237.4375,1.4112804189440313,1.4105610976792855,1.4117520754338877
g0030,0,54,18,32,8,8,4096,4,diagonal_background,L15,5,8,5_4_8,5_9_8,0,0,0,0,1,2,0,0,1,0,0,0,5,8097.021728516,8296.2309570315,2.433518472944285,2.386353631935134,3.251987963235714,0.0490925667415938,5,5,197.0939941409997,1.4341167034707236,1.4252355950481197,1.435634637082989
g0031,0,54,18,32,1024,8,4096,4,diagonal_background,L15,5,8,5_4_8,5_9_8,0,0,0,0,1,2,0,0,1,0,0,0,5,8117.317871094,8334.37890625,2.670581481513712,2.5871466438300628,2.708767187620542,0.19878913877803633,5,5,216.9497070309999,1.4322042151088148,1.430845657951271,1.4334555196290841
g0032,54,0,32,16,8,8,4096,4,anchor,L16,8,4,8_4,8_4,1,0,2,0,0,0,0,0,0,0,1,2,5,7921.0590820315,9717.403076171999,22.68530088758358,22.531077066191706,22.794819452127555,0.06722832461987494,5,5,1796.8103027344987,1.242795841897074,1.2402678728690653,1.2450171480181
g0033,54,0,32,16,1024,8,4096,4,anchor,L16,8,4,8_4,8_4,1,0,2,0,0,0,0,0,0,0,1,2,5,7923.7971191404995,9736.145751953001,22.92139131497677,22.817379358368363,23.06707271719923,0.08067715074952314,5,5,1815.518066406501,1.2406884307573405,1.2396916967110363,1.2446626477716118
g0034,54,0,48,32,8,8,4096,4,anchor,L17,12,8,12_8,12_8,1,0,2,0,0,0,0,0,0,0,1,2,5,7922.7834472654995,8298.857910156,4.780886782131977,4.620112632479079,4.807318578257402,0.2796045116476564,5,5,378.776855469001,1.3695423059503424,1.368460900750111,1.3707840718880941
g0035,54,0,48,32,1024,8,4096,4,anchor,L17,12,8,12_8,12_8,1,0,2,0,0,0,0,0,0,0,1,2,5,7922.6057128904995,8350.647949219,5.391601272433055,5.35873112707228,5.436797967527163,0.08206348806544878,5,5,427.2006835939992,1.3687213351164749,1.3680165423319244,1.3697968665374651
g0036,54,0,4,2,8,8,4096,4,anchor,L18,2,1,2_1,2_1,0,0,0,0,1,2,1,0,2,0,0,0,5,7927.5363769529995,8327.8244628905,5.114543894594292,4.9107746441863664,5.210583561967086,0.4712666600088869,5,5,405.0292968749991,1.4449645939188196,1.4428694214405915,1.4463912292788628
g0037,54,0,4,2,1024,8,4096,4,anchor,L18,2,1,2_1,2_1,0,0,0,0,1,2,1,0,2,0,0,0,5,7926.6840820315,8458.215332031501,6.766475237100034,6.6074930230434425,6.877053618021733,0.3035737074585327,5,5,536.051269531501,1.4464329014920483,1.4446227302403665,1.447427856531207
g0038,54,0,6,4,8,8,4096,4,anchor,L19,3,2,3_2,3_2,0,0,0,0,1,2,1,0,2,0,0,0,5,7920.456542969,8226.573486328001,3.869510156474165,3.7381685887838634,3.9337325871016793,0.0717584108840965,5,5,306.469238281501,1.4422680360478415,1.4393578910365914,1.4432750349342838
g0039,54,0,6,4,1024,8,4096,4,anchor,L19,3,2,3_2,3_2,0,0,0,0,1,2,1,0,2,0,0,0,5,7924.994628906,8329.291259766,5.117454596598137,5.037992739999186,5.215528105954781,0.2642207538291656,5,5,405.4699707034997,1.4423726148648504,1.4409752089720589,1.4432624148643223
g0040,54,0,2,4,8,8,4096,4,anchor,L20,1,2,1_2,1_2,0,0,0,1,0,2,0,1,2,0,0,0,5,7920.5737304685,9635.7932128905,21.58007338760055,21.563216155993704,21.67228302435622,0.054638209617215,5,5,1710.1623535150002,1.2756642404787368,1.2729358924471201,1.276747416567847
g0041,54,0,2,4,1024,8,4096,4,anchor,L20,1,2,1_2,1_2,0,0,0,1,0,2,0,1,2,0,0,0,5,7926.4204101565,9621.8073730465,21.39846352928949,21.306051755927346,21.466627660447358,0.26391220244408664,5,5,1695.6831054685,1.2771306924944001,1.2759322290696837,1.2777954323309917
g0042,54,0,2,18,8,8,4096,4,anchor,L21,1,5,1_5,1_5,0,0,0,0,0,1,0,0,1,0,0,0,5,7921.7651367185,9630.6662597655,21.575407080050056,21.478584576300165,21.63800226481467,0.066445694667242,5,5,1709.1530761724998,1.2756252070622598,1.2751322189793932,1.276502767604167
g0043,54,0,2,18,1024,8,4096,4,anchor,L21,1,5,1_5,1_5,0,0,0,0,0,1,0,0,1,0,0,0,5,7922.4877929685,9627.186767578,21.494087751650714,21.239912664519565,21.600504162197034,0.21895728924275215,5,5,1703.1906738279995,1.2772317138628406,1.2728114809190334,1.2781100532594054
g0044,54,0,16,34,8,8,4096,4,diagonal_background,L22,4,9,4_5_9,4_8_9,0,0,1,0,0,0,0,0,0,1,0,2,5,7920.820800781,8245.133056641,4.076232149337922,4.048322283035066,4.1507543986255335,0.060276758963275834,5,5,322.9274902344996,1.410799919769783,1.4102462971707985,1.411451212712162
g0045,54,0,16,34,1024,8,4096,4,diagonal_background,L22,4,9,4_5_9,4_8_9,0,0,1,0,0,0,0,0,0,1,0,2,5,7923.069824219,8332.239501953,5.16198463353692,5.027504219813905,5.325929023300269,0.26735973032568,5,5,408.9382324220005,1.4103305544825122,1.4078080146559675,1.4107103871070934
g0046,54,0,38,16,8,8,4096,4,diagonal_background,L23,11,4,11_10_9_8_4,11_7_6_5_4,1,0,2,0,0,1,1,0,2,0,0,1,5,7920.1547851565,8321.049316405999,5.07923031819939,5.008289534853505,5.147800790641832,0.04581316313798599,5,5,402.3381347655013,1.4076599690337532,1.4066090971407053,1.4084844813626554
g0047,54,0,38,16,1024,8,4096,4,diagonal_background,L23,11,4,11_10_9_8_4,11_7_6_5_4,1,0,2,0,0,1,1,0,2,0,0,1,5,7921.8830566404995,8380.562011719001,5.786835845322025,5.741870618537082,5.937888742519082,0.07829750420010008,5,5,458.4401855470005,1.4067160961195093,1.4040665975528521,1.407726315868863
g0048,54,0,22,4,8,8,4096,4,diagonal_background,L24,7,2,7_6_2,7_3_2,0,0,0,0,0,2,2,0,3,0,0,0,5,7918.7292480470005,10649.173339844,34.48083658713814,34.24577862261064,34.7584346996946,0.08159731445705473,5,5,2730.4440917969987,0.8680643213665281,0.8658477339155054,0.8709312270371763
g0049,54,0,22,4,1024,8,4096,4,diagonal_background,L24,7,2,7_6_2,7_3_2,0,0,0,0,0,2,2,0,3,0,0,0,5,7922.8400878904995,10938.0439453125,38.085098415420134,37.620401501459554,38.217406194287015,0.10826645403753826,5,5,3016.8098144534997,0.8863367871200765,0.8857971063898693,0.8877463851943845
g0050,54,0,16,2,8,8,4096,4,diagonal_background,L25,4,1,4_5_1,4_0_1,0,0,1,0,0,1,0,1,1,0,1,1,5,7921.689453125,8245.6953125,4.09011059184079,3.9478998732963344,4.1218767911820775,0.2615006978833344,5,5,324.005859375,1.4109374714818381,1.4102457290288812,1.4117883415253623
g0051,54,0,16,2,1024,8,4096,4,diagonal_background,L25,4,1,4_5_1,4_0_1,0,0,1,0,0,1,0,1,1,0,1,1,5,7924.761230469,8332.8159179685,5.170157741468673,4.717531949291631,5.223121003472042,0.9056018844809348,5,5,409.7226562500009,1.410053608321468,1.408494083026547,1.4107490048463471
g0052,54,0,20,2,8,8,4096,4,diagonal_background,L26,6,1,6_5_1,6_2_1,0,0,0,0,0,1,1,0,2,0,0,0,5,7927.4211425785,8232.122802734499,3.8586940348859455,3.8109516651381847,3.9225373096527294,0.2613493259203991,5,5,305.8107910154986,1.4122415973802063,1.4115393999746322,1.4132533503754208
g0053,54,0,20,2,1024,8,4096,4,diagonal_background,L26,6,1,6_5_1,6_2_1,0,0,0,0,0,1,1,0,2,0,0,0,5,7923.2990722654995,8299.648681640501,4.749910434308435,4.703444791042499,4.977316446640057,0.07878581187960501,5,5,376.3496093750018,1.4121979519833165,1.4070624136205065,1.4129328908491017
g0054,54,0,50,32,8,8,4096,4,diagonal_background,L27,13,8,13_12_8,13_9_8,2,0,3,0,0,0,0,0,0,0,0,2,5,7922.9685058595005,8221.0185546875,3.7745621836793974,3.457916223771784,3.822242850465729,0.6067847352755243,5,5,299.0573730470005,1.3835605864019107,1.3823636492927223,1.3844203338914087
g0055,54,0,50,32,1024,8,4096,4,diagonal_background,L27,13,8,13_12_8,13_9_8,2,0,3,0,0,0,0,0,0,0,0,2,5,7922.294921875,8292.999511719001,4.6542764370280265,4.432228838543506,4.802026026720574,0.2113181920277084,5,5,368.7094726564992,1.3855272415137505,1.3844176264541164,1.3862638831150047
g0056,54,0,18,32,8,8,4096,4,diagonal_background,L28,5,8,5_4_8,5_9_8,0,1,2,0,0,0,0,0,0,0,0,1,5,7920.9025878904995,8287.599121094001,4.611857341821501,4.478643557191653,4.690039532910362,0.151615011165009,5,5,365.4809570314992,1.4004351140726097,1.399601475569946,1.4014794632844987
g0057,54,0,18,32,1024,8,4096,4,diagonal_background,L28,5,8,5_4_8,5_9_8,0,1,2,0,0,0,0,0,0,0,0,1,5,7921.8889160154995,8327.838378906501,5.104053303321798,5.064455374731414,5.175766988013852,0.07744118350111423,5,5,404.5568847654995,1.3998968380462902,1.398259982478723,1.4005662277096078
g0058,54,0,2,20,8,8,4096,4,diagonal_background,L29,1,6,1_2_6,1_5_6,0,0,0,1,0,2,0,0,1,0,0,0,5,7920.1394042970005,9628.850341796999,21.565968637971267,21.51318840163443,21.61876220568759,0.23483427619927175,5,5,1707.8732910155013,1.2761224005258627,1.274353764151512,1.2765478818256983
g0059,54,0,2,20,1024,8,4096,4,diagonal_background,L29,1,6,1_2_6,1_5_6,0,0,0,1,0,2,0,0,1,0,0,0,5,7926.493896484,9622.879638671999,21.456285119866237,21.284709896155118,21.50328651201572,0.28903364473441434,5,5,1702.016601562501,1.2764533496506005,1.2752149660968999,1.2769072315220622
g0060,54,0,34,16,8,8,4096,4,diagonal_background,L30,9,4,9_8_4,9_5_4,1,0,2,0,0,0,0,0,0,0,0,1,5,7918.892333984,8320.1572265625,5.040988006530633,4.947110768603213,5.170142660390065,0.06971879939723333,5,5,399.1579589845014,1.4137126057194502,1.411544191656528,1.4149694213927118
g0061,54,0,34,16,1024,8,4096,4,diagonal_background,L30,9,4,9_8_4,9_5_4,1,0,2,0,0,0,0,0,0,0,0,1,5,7924.578125,8369.8312988285,5.6467570670855505,5.575264135710678,5.67968160119563,0.0768968379625887,5,5,447.26000976600153,1.413023267177425,1.4122547509657342,1.4144559929758098
g0062,54,0,20,50,8,8,4096,4,diagonal_background,L31,6,13,6_5_9_13,6_10_14_13,0,0,1,0,0,0,0,0,0,0,1,2,5,7921.9895019529995,8232.0869140625,3.9143880717470436,3.8919428751391427,3.9393546111890387,0.0706236782107827,5,5,310.0974121095005,1.4119654108613369,1.4113179699831913,1.412690247813852
g0063,54,0,20,50,1024,8,4096,4,diagonal_background,L31,6,13,6_5_9_13,6_10_14_13,0,0,1,0,0,0,0,0,0,0,1,2,5,7924.5424804685,8289.603515625,4.585770952501922,4.416547397704895,4.686284807033481,0.3323361238895921,5,5,363.4013671879993,1.4116847298805184,1.4109930061380573,1.4125334080014404
